unit_inctot,wage_share,business_share,interest_share,dividend_share,retirement_share,socsec_share,rent_share,spouse_income_share,age,nchild,nchlt5,famsize,filing_status,marst,statefip
36100.0,0.8310249307479224,0.0,0.002770083102493,0.0,0.0,0.0,0.0,0.0,50,1,0,4,5,3,28
36253.0,0.0,0.0,0.1385540506992524,0.0002758392408904,0.0190880754696163,0.561057015971092,0.1655035445342454,0.0,80,0,0,1,5,5,12
89107.0,0.7294600873107612,0.0,0.0,0.0,0.0,0.0,0.0,0.2705399126892387,36,2,0,5,1,1,24
246199.0,0.3655579429648374,0.0,0.0008123509843663,0.0,0.0,0.0,0.0,0.6336297060507963,38,2,1,4,1,1,6
153982.0,0.9834915769375642,6.494265563507423e-06,0.0164954345313088,0.0,0.0,0.0,6.494265563507423e-06,0.0,50,1,0,2,4,4,23
37000.0,1.0,0.0,0.0,0.0,0.0,0.0,0.0,0.0,21,0,0,5,5,6,40
107979.0,0.0,0.0,0.0,0.0,0.0,0.0,0.0,1.0,69,1,0,5,1,1,48
160507.0,0.9968412592597208,0.0,0.0031525104824088,6.2302578703732545e-06,0.0,0.0,0.0,0.0,49,0,0,1,5,2,6
80100.0,0.9987515605493134,0.0,0.0012484394506866,0.0,0.0,0.0,0.0,0.0,32,0,0,1,5,6,53
60000.0,0.5833333333333334,0.0,0.0,0.0,0.0,0.0,0.0,0.4166666666666667,50,2,0,6,1,1,44
94016.0,0.0,0.0,0.0041801395507147,0.0,0.0,0.3190946221919673,0.0,0.5022868447923757,80,0,0,2,1,1,55
81628.0,0.0,0.0,0.0310310187680697,0.0066276277747831,0.0,0.0,0.0,0.9623413534571472,65,0,0,2,1,1,36
26000.0,1.0,0.0,0.0,0.0,0.0,0.0,0.0,0.0,25,0,0,2,5,4,12
56001.0,0.9999821431760147,0.0,1.7856823985285978e-05,0.0,0.0,0.0,0.0,0.0,39,2,0,4,5,6,48
118002.0,0.7627158861714208,0.0,0.0,0.0,0.0,0.0,0.0,0.2372841138285791,47,1,0,3,1,1,15
60000.0,1.0,0.0,0.0,0.0,0.0,0.0,0.0,0.0,36,3,1,4,4,6,18
209175.0,0.0,0.2868411617067049,2.3903430142225408e-05,0.0,0.0,0.0,0.0,0.7131349348631528,70,2,1,6,1,1,15
6000.0,1.0,0.0,0.0,0.0,0.0,0.0,0.0,0.0,25,0,0,3,5,6,48
64289.0,0.9799499136710792,0.0,0.0200500863289209,0.0,0.0,0.0,0.0,0.0,24,0,0,1,5,6,17
222500.0,0.4539325842696629,0.0,0.2269662921348314,0.0,0.0,0.197752808988764,0.0,0.0,76,0,0,1,5,4,24
20100.0,0.9950248756218906,0.0,0.0049751243781094,0.0,0.0,0.0,0.0,0.0,26,0,0,4,5,6,20
9950.0,0.0,0.0,0.9899497487437184,0.0100502512562814,0.0,0.0,0.0,0.0,58,0,0,3,5,6,6
35000.0,0.8285714285714286,0.0,0.1714285714285714,0.0,0.0,0.0,0.0,0.0,32,2,0,4,4,6,48
70002.0,0.5428416330961973,0.0,0.0,0.0,0.0,0.0,0.0,0.4571583669038027,53,0,0,3,1,1,48
3962.0,0.4543160020191822,0.0,0.000504795557799,0.0,0.0,0.0,0.0,0.0,58,0,0,1,5,6,36
81060.0,1.0,0.0,0.0,0.0,0.0,0.0,0.0,0.0,52,1,0,2,4,4,6
30000.0,1.0,0.0,0.0,0.0,0.0,0.0,0.0,0.0,39,3,2,5,1,1,13
180000.0,1.0,0.0,0.0,0.0,0.0,0.0,0.0,0.0,29,0,0,4,5,6,34
25240.0,0.7527733755942948,0.0,0.0,0.0,0.0,0.0,0.0,0.0,65,2,0,7,1,1,48
94150.0,0.9984067976633032,0.0,0.0015932023366967,0.0,0.0,0.0,0.0,0.0,48,0,0,1,5,6,21
28685.0,0.0,0.0,0.0348614258323165,0.0,0.0,0.8257974551159143,0.0,0.1393411190517692,70,0,0,2,1,1,9
5000.0,1.0,0.0,0.0,0.0,0.0,0.0,0.0,0.0,36,0,0,5,5,6,6
42011.0,0.0,0.0,0.0,0.0,0.0,0.0,0.0,1.0,39,2,1,4,1,1,6
41500.0,1.0,0.0,0.0,0.0,0.0,0.0,0.0,0.0,41,0,0,3,5,2,6
70510.0,0.992766983406609,0.0,0.007233016593391,0.0,0.0,0.0,0.0,0.0,29,0,0,3,5,6,6
7000.0,1.0,0.0,0.0,0.0,0.0,0.0,0.0,0.0,42,4,0,6,4,6,37
51203.0,0.0,0.0,0.0507782747104661,0.0,0.0,0.5507489795519793,0.0,0.3984727457375544,78,0,0,2,1,1,48
158304.0,0.8527895694360218,0.0,0.0063295936931473,0.0593794218718415,0.0,0.0,0.0,0.0815014149989892,42,3,0,5,1,1,38
30250.0,0.9917355371900828,0.0,0.0066115702479338,0.0,0.0,0.0,0.0,0.0,22,0,0,2,5,6,19
30000.0,1.0,0.0,0.0,0.0,0.0,0.0,0.0,0.0,17,0,0,4,5,6,33
57133.0,0.0,0.0,0.0,0.087515096354121,0.0,0.4536782594997637,0.0,0.4588066441461152,70,0,0,2,1,1,6
681199.0,0.7339999031120128,0.0,0.0001012919866294,0.0,0.0352319953493766,0.0629771916870107,0.0,0.141265621352938,68,0,0,2,1,1,37
95000.0,1.0,0.0,0.0,0.0,0.0,0.0,0.0,0.0,52,1,0,3,4,4,25
164201.0,0.0,0.0,0.0261995968355856,0.0024360387573766,0.0,0.028867059274913,0.0,0.3334876157879672,72,0,0,2,1,1,15
188403.0,0.95538818383996,0.0,2.123108443071501e-05,5.307771107678753e-06,0.0,0.0,0.0,0.0,40,3,0,5,4,6,11
60100.0,0.3327787021630615,0.0,0.0,0.0,0.0,0.0,0.0,0.6672212978369384,57,1,0,3,1,1,42
35000.0,0.0,0.2285714285714285,0.0,0.0,0.0,0.0,0.0,0.7714285714285715,33,0,0,2,1,1,29
17000.0,1.0,0.0,0.0,0.0,0.0,0.0,0.0,0.0,26,0,0,4,5,6,6
160603.0,0.2490613500370478,0.0,1.2453067501852394e-05,6.226533750926197e-06,0.0,0.0,0.0,0.7509199703616993,61,0,0,2,1,1,56
19000.0,1.0,0.0,0.0,0.0,0.0,0.0,0.0,0.0,25,0,0,3,5,6,48
183634.0,0.2777263469727828,0.0,0.0034525196858969,0.0,0.0,0.0,0.0,0.7188211333413203,39,4,0,6,1,1,42
23302.0,0.0,1.0,0.0,0.0,0.0,0.0,0.0,0.0,50,1,0,2,4,6,51
23751.0,0.5052418845522294,0.0,0.0006315523556902,0.0,0.0,0.0,0.0,0.0,33,4,1,6,5,6,6
103120.0,0.2327385570209464,0.6788207913110939,0.0,0.0,0.0,0.0,0.0,0.0,37,3,0,5,4,4,46
101914.0,0.5494828973448201,0.0,0.0286025472457169,0.0,0.0,0.0,0.0,0.4219145554094629,28,1,1,3,1,1,39
118000.0,1.0,0.0,0.0,0.0,0.0,0.0,0.0,0.0,38,1,0,2,4,6,12
146659.0,0.5454830593417384,0.0,0.0021819322373669,0.0,0.0,0.1963739013630258,0.0,0.2559611070578689,70,0,0,2,1,1,51
130013.0,0.7153130840762078,0.0,1.5383077076907694e-05,0.0,0.0,0.0,0.0,0.2846715328467153,57,2,0,4,1,1,48
184561.0,0.4334610237265728,0.1083652559316432,0.0005905906448274,0.0,0.0,0.0,0.0,0.3492178737653134,33,3,1,5,1,1,30
222159.0,0.2700768368600867,0.0,0.0045237870174064,0.0,0.0,0.0,4.5012806143347785e-06,0.7194891946758852,41,4,0,7,1,1,2
75000.0,1.0,0.0,0.0,0.0,0.0,0.0,0.0,0.0,32,0,0,3,5,6,34
86015.0,0.941696215776318,0.0,0.0583037842236819,0.0,0.0,0.0,0.0,0.0,58,1,0,8,5,4,6
88806.0,0.0,0.0,2.252100083327703e-05,0.0,0.0,0.3243024119991892,0.0,0.6756750669999775,70,0,0,2,1,1,39
164016.0,0.3658179689786362,0.0,0.0609879523948883,3.0484830748219685e-05,0.0,0.0,0.0,0.5731635937957272,31,1,1,4,1,1,48
140000.0,1.0,0.0,0.0,0.0,0.0,0.0,0.0,0.0,41,2,1,4,1,1,6
115144.0,0.3908149795039255,0.0,8.684777322309456e-06,0.0,0.0,0.0,0.0,0.6091763357187522,65,0,0,2,1,1,19
107000.0,0.514018691588785,0.0,0.0,0.0,0.0,0.0,0.0,0.4859813084112149,41,1,0,3,1,1,50
46000.0,1.0,0.0,0.0,0.0,0.0,0.0,0.0,0.0,54,0,0,1,5,6,11
35000.0,1.0,0.0,0.0,0.0,0.0,0.0,0.0,0.0,34,1,0,3,5,4,16
39879.0,0.0,0.0,0.002507585445974,0.0,0.0,0.1699892173825823,0.0,0.0,63,1,0,3,1,1,12
70260.0,0.0,0.0,0.0018502704241389,0.0,0.0,0.0,0.0,0.9981497295758612,56,0,0,2,1,1,45
22000.0,1.0,0.0,0.0,0.0,0.0,0.0,0.0,0.0,25,0,0,1,5,6,2
15428.0,0.0,0.0,0.8686155042779362,0.0,0.0,0.1313844957220638,0.0,0.0,79,1,0,2,5,5,42
29002.0,0.9999310392386732,0.0,6.896076132680504e-05,0.0,0.0,0.0,0.0,0.0,26,0,0,3,5,6,6
4972.0,1.0,0.0,0.0,0.0,0.0,0.0,0.0,0.0,19,0,0,1,5,6,51
16000.0,1.0,0.0,0.0,0.0,0.0,0.0,0.0,0.0,46,1,0,4,4,6,18
58008.0,0.9998620879878636,0.0,0.0001379120121362,0.0,0.0,0.0,0.0,0.0,29,0,0,5,5,6,6
87602.0,0.178078126070181,0.0,2.2830528983356545e-05,0.0,0.0,0.0,0.0,0.8218990434008356,49,2,0,4,1,1,48
46204.0,0.9306553545147608,0.0,0.0023807462557354,0.0,0.0,0.0,0.0,0.0,48,2,0,4,4,4,24
23650.0,1.0,0.0,0.0,0.0,0.0,0.0,0.0,0.0,34,0,0,2,5,6,20
41679.0,0.0,0.0,0.3399793661076321,0.0,0.0,0.0,0.0,0.6600206338923679,64,0,0,2,1,1,34
165000.0,1.0,0.0,0.0,0.0,0.0,0.0,0.0,0.0,47,3,0,5,4,6,18
142000.0,0.0,0.528169014084507,0.0,0.0,0.0,0.0,0.0,0.4718309859154929,41,0,0,2,1,1,22
58000.0,0.4827586206896552,0.0,0.0,0.0,0.0,0.0,0.0,0.5172413793103449,38,2,0,4,1,1,24
87910.0,0.0,0.0,2.2750540325332725e-05,0.0170629052439995,0.0,0.3480832669775907,0.0,0.3618245933340916,75,0,0,2,1,1,53
33000.0,1.0,0.0,0.0,0.0,0.0,0.0,0.0,0.0,20,0,0,1,5,6,13
256800.0,0.973520249221184,0.0,0.0233644859813084,0.0031152647975077,0.0,0.0,0.0,0.0,32,0,0,2,5,6,31
27001.0,0.9999629643346544,0.0,3.7035665345727935e-05,0.0,0.0,0.0,0.0,0.0,53,0,0,1,5,4,48
366001.0,0.956281540214371,0.0,2.73223297204106e-06,0.0437157275526569,0.0,0.0,0.0,0.0,38,0,0,1,5,6,6
352039.0,0.4601762872863518,0.0,0.056860177423524,0.0,0.0,0.0,0.0,0.4829635352901241,36,1,1,3,1,1,48
298191.0,0.410475165246436,3.3535552716212093e-06,0.0110734395068932,0.0001173744345067,0.0,0.0,0.0,0.5783273137016208,61,0,0,2,1,1,17
60000.0,0.5,0.0,0.0,0.0,0.0,0.0,0.0,0.5,39,4,0,6,1,1,6
100781.0,0.0,0.0,0.0248161855905378,0.0,0.1954733531121937,0.2339726734205852,0.0,0.5457377878766831,72,0,0,2,1,1,48
28000.0,1.0,0.0,0.0,0.0,0.0,0.0,0.0,0.0,28,0,0,1,5,6,50
313026.0,0.6389245621769438,0.0,0.0416099621117734,0.0,0.0,0.0,3.194622810884719e-06,0.3194622810884719,54,0,0,2,1,1,15
98627.0,0.2129234388149289,0.0,0.0001825058046985,0.0,0.0,0.1494114187798473,0.0,0.6249911281900494,73,0,0,2,1,1,19
30000.0,1.0,0.0,0.0,0.0,0.0,0.0,0.0,0.0,19,0,0,3,5,6,34
351590.0,0.9954776870786995,0.0,0.001564322079695,0.0017065331778491,0.0,0.0,0.0,0.001251457663756,61,1,0,3,1,1,12
23443.0,0.0,0.0,0.0,0.0,0.0,0.1468668685748411,0.0,0.8531331314251589,54,1,0,5,1,1,45
39305.0,0.9922401730059788,0.0,0.0052156214222109,0.0025442055718102,0.0,0.0,0.0,0.0,64,0,0,1,5,5,20
11270.0,0.9760425909494232,0.0,0.0239574090505767,0.0,0.0,0.0,0.0,0.0,22,0,0,2,5,6,36
98688.0,0.0,0.0,0.6915734435797666,0.0,0.0,0.1823929961089494,0.0,0.126033560311284,69,0,0,2,1,1,19
70000.0,1.0,0.0,0.0,0.0,0.0,0.0,0.0,0.0,68,0,0,2,1,1,48
25680.0,0.9929906542056076,3.8940809968847354e-05,0.0068535825545171,7.788161993769471e-05,0.0,0.0,0.0,0.0,48,0,0,1,5,6,6
387741.0,0.203659143603591,0.0,0.0077397025333921,0.0,0.0,0.0,0.0,0.7886011538630168,30,0,0,2,1,1,27
50020.0,0.9996001599360256,0.0,0.0003998400639744,0.0,0.0,0.0,0.0,0.0,38,2,1,4,5,6,54
65042.0,0.9993542633990344,0.0,0.0006457366009655,0.0,0.0,0.0,0.0,0.0,23,0,0,5,5,6,23
22003.0,0.9999545516520476,0.0,4.5448347952551926e-05,0.0,0.0,0.0,0.0,0.0,47,0,0,6,5,4,48
120000.0,1.0,0.0,0.0,0.0,0.0,0.0,0.0,0.0,25,0,0,5,5,6,37
63000.0,1.0,0.0,0.0,0.0,0.0,0.0,0.0,0.0,41,4,0,6,5,4,53
24010.0,0.9995835068721366,0.0,0.0004164931278633,0.0,0.0,0.0,0.0,0.0,22,0,0,11,5,6,50
75015.0,0.9998000399920016,0.0,0.0001999600079984,0.0,0.0,0.0,0.0,0.0,24,0,0,2,5,6,17
80002.0,0.4374890627734306,0.0,1.2499687507812304e-05,0.0,0.0,0.0,0.0,0.5624984375390615,25,1,1,3,1,1,22
15000.0,1.0,0.0,0.0,0.0,0.0,0.0,0.0,0.0,37,0,0,2,5,3,53
110241.0,0.6168303988534212,0.0,0.0185049119656026,0.0,0.0,0.0,0.0,0.3646646891809762,33,2,0,5,1,1,48
170841.0,0.3277901674656552,0.0,0.0236535726201555,0.0,0.0040973770933206,0.0,0.0,0.6444588828208685,62,1,0,3,1,1,34
52000.0,0.5769230769230769,0.0,0.0,0.0,0.0,0.0,0.0,0.4230769230769231,54,1,0,4,1,1,48
102000.0,0.5784313725490197,0.0,0.0,0.0,0.0,0.0,0.0,0.4215686274509804,59,0,0,2,1,1,6
26000.0,1.0,0.0,0.0,0.0,0.0,0.0,0.0,0.0,22,0,0,5,5,6,10
153102.0,0.0,0.0,0.0032657966584368,0.0065315933168737,0.0,0.0,0.0653159331687371,0.6636229441810035,54,2,0,4,1,1,27
37000.0,0.3243243243243243,0.0,0.0,0.0,0.0,0.0,0.0,0.6756756756756757,26,2,1,4,1,1,30
25000.0,1.0,0.0,0.0,0.0,0.0,0.0,0.0,0.0,27,0,0,1,5,6,49
110210.0,0.3629434715543054,0.0,0.0,0.0,0.0,0.0,0.0,0.4628436620996279,39,2,0,4,1,1,48
86000.0,0.5813953488372093,0.0,0.0116279069767441,0.0,0.0,0.0,0.0,0.4069767441860465,38,2,0,4,1,1,11
153420.0,0.4888541259288228,0.0,0.0040151218876287,0.0019554165037152,0.0,0.0,0.0,0.5051753356798332,54,0,0,2,1,1,40
85600.0,0.9929906542056076,0.0,0.0070093457943925,0.0,0.0,0.0,0.0,0.0,49,0,0,1,5,4,9
46082.0,0.0,0.0,4.34008940584176e-05,0.0,0.0,0.4635215485439,0.0,0.0,77,0,0,1,5,5,1
64480.0,1.0,0.0,0.0,0.0,0.0,0.0,0.0,0.0,24,0,0,2,5,6,22
29462.0,0.6109564863213631,0.0,6.788405403570701e-05,0.0,0.0,0.0,0.0,0.0,66,1,0,2,4,4,48
61100.0,0.9819967266775778,0.0,0.011456628477905,0.0065466448445171,0.0,0.0,0.0,0.0,27,0,0,1,5,6,25
75103.0,0.9986285501244956,0.0,3.994514200497983e-05,0.0,0.0,0.0,0.0,0.0013315047334993,25,1,1,3,1,1,41
60000.0,0.75,0.0,0.0,0.0,0.0,0.0,0.0,0.25,24,0,0,2,1,1,40
155090.0,0.0,0.7737442775162808,0.0005803082081372,0.0,0.0,0.0,0.0,0.2256754142755819,40,1,1,3,1,1,12
72152.0,0.9978933362900544,0.0,0.0021066637099456,0.0,0.0,0.0,0.0,0.0,33,2,2,4,1,1,29
28498.0,0.0,0.0,0.0,0.0,0.0,0.0,0.0,1.0,35,1,1,3,1,1,34
185900.0,0.5379236148466918,0.0,0.0268961807423345,0.0053792361484669,0.0,0.0,0.0,0.1780527165142549,31,0,0,2,1,1,48
263342.0,0.5316280730001292,0.0,0.2013389432752846,0.0,0.0,0.0,0.0,0.2670329837245863,55,2,0,4,1,1,12
28030.0,0.9989297181591152,0.0,0.0010702818408847,0.0,0.0,0.0,0.0,0.0,20,0,0,3,5,6,23
106730.0,0.655860582778975,0.0,0.0002810831069052,0.0,0.0,0.134919891314532,0.0,0.0,35,1,0,2,4,6,35
12886.0,0.0,0.0,0.0949868073878627,0.0,0.0,0.0,0.0,0.9050131926121372,67,0,0,3,1,1,25
93001.0,0.2688143138245825,0.0,0.0,0.0,0.0,0.0,0.0,0.6989279685164675,32,3,1,5,1,1,28
33020.0,0.9993943064809206,0.0,0.0006056935190793,0.0,0.0,0.0,0.0,0.0,33,0,0,2,5,6,48
87505.0,0.0,0.0,1.1427918404662591e-05,0.0,0.0,0.0,0.0,0.1651105651105651,58,1,0,3,1,1,33
45090.0,0.998003992015968,0.0,0.0019960079840319,0.0,0.0,0.0,0.0,0.0,25,0,0,1,5,6,27
37290.0,0.0,0.0,2.6816840976133013e-05,0.0,0.0,0.5708769106999195,0.0,0.4290962724591043,72,0,0,2,1,1,22
70000.0,1.0,0.0,0.0,0.0,0.0,0.0,0.0,0.0,33,0,0,6,5,4,4
9003.0,0.9996667777407532,0.0,0.0003332222592469,0.0,0.0,0.0,0.0,0.0,30,0,0,2,5,6,30
11681.0,0.9673829295437034,0.0,0.0172074308706446,0.0154096395856519,0.0,0.0,0.0,0.0,24,0,0,2,5,6,9
410606.0,0.97416988548633,0.0,0.0244784537975577,0.0013346127431162,0.0,0.0,0.0,1.7047972996010776e-05,54,0,0,2,1,1,54
20000.0,1.0,0.0,0.0,0.0,0.0,0.0,0.0,0.0,33,0,0,3,5,6,34
184010.0,0.5977935981740122,0.0,0.0190533123199826,0.0,0.0,0.0,0.0,0.3831530895060051,63,1,0,3,1,1,17
39580.0,0.0,0.0,0.0,0.0,0.0,0.0,0.0,1.0,85,0,0,2,1,1,48
35720.0,0.0,0.0,0.0139977603583426,0.0,0.0,0.6500559910414334,0.0,0.0,72,0,0,1,5,4,16
60231.0,0.9961647656522388,0.0,0.0038352343477611,0.0,0.0,0.0,0.0,0.0,32,0,0,1,5,6,34
45000.0,1.0,0.0,0.0,0.0,0.0,0.0,0.0,0.0,26,0,0,4,5,6,12
60000.0,0.3333333333333333,0.6666666666666666,0.0,0.0,0.0,0.0,0.0,0.0,47,1,0,3,4,4,53
216425.0,0.6006699780524432,0.0,0.0036040198683146,0.0,0.0,0.0,0.0,0.3957260020792422,39,1,0,3,1,1,28
40000.0,1.0,0.0,0.0,0.0,0.0,0.0,0.0,0.0,28,0,0,6,5,6,6
34776.0,0.0,0.0,0.0,0.0,0.0,0.4917184265010352,0.0,0.0,71,0,0,1,5,4,48
31852.0,0.999937209594374,0.0,6.279040562602035e-05,0.0,0.0,0.0,0.0,0.0,32,0,0,1,5,6,16
45001.0,0.999977778271594,0.0,2.2221728406035426e-05,0.0,0.0,0.0,0.0,0.0,33,2,0,4,5,6,39
285952.0,0.0139883616830796,0.6994180841539839,0.0029830181289167,0.0,0.0,0.0,0.0,0.2836105360340197,49,3,0,5,1,1,51
85000.0,0.6470588235294118,0.0,0.0,0.0,0.0,0.0,0.0,0.0,40,2,0,4,1,1,13
66800.0,0.9730538922155688,0.0,0.0,0.0,0.0,0.0,0.0,0.0,48,0,0,1,5,6,12
50033.0,0.9993404353126936,0.0,0.00015989446965,0.0004996702176563,0.0,0.0,0.0,0.0,43,0,0,2,5,6,25
121181.0,0.0,0.0,1.6504237462968617e-05,0.0,0.0,0.1450639951807626,0.0,0.0,71,0,0,3,5,4,16
85869.0,0.0,0.0,0.0567026517136568,0.0,0.0,0.6405105451327021,0.0815195239259802,0.2212672792276607,76,0,0,2,1,1,32
101063.0,0.5145305403560155,0.0,0.004076665050513,0.0,0.0,0.0,0.0,0.4596241948091784,57,0,0,2,1,1,18
63543.0,0.0,0.0,3.147474938230804e-05,0.0,0.0,0.1321939474056938,0.0,0.8592763955117008,76,1,0,5,1,1,34
124031.0,0.8223750513984407,0.0,0.1211793825737114,0.0,0.0,0.0,0.0,0.0,28,0,0,1,5,6,9
277216.0,0.3499076532379083,0.0,0.0028858363153641,0.0,0.0,0.0,0.0,0.643454923236754,38,2,0,4,1,1,16
177442.0,0.309960437776851,0.0,0.0014709031683592,0.0,0.0,0.0,0.0,0.6885686590547897,62,0,0,2,1,1,34
101750.0,0.9828009828009828,0.0,0.0171990171990172,0.0,0.0,0.0,0.0,0.0,58,0,0,1,5,4,18
70004.0,0.9999428604079766,0.0,5.713959202331295e-05,0.0,0.0,0.0,0.0,0.0,26,0,0,3,5,6,36
119205.0,0.1157669560840568,0.0,0.0001258336479174,0.0,0.0,0.2481355647833564,0.0,0.6359716454846692,80,1,0,3,1,1,35
21776.0,0.0,0.9184423218221895,0.0758174136664217,0.0,0.0,0.0,0.0,0.0057402645113886,68,0,0,2,1,1,42
122701.0,0.0,0.3667451773009185,8.1498928289093e-06,0.0,0.0,0.0,0.0285246249011825,0.60472204790507,53,0,0,2,1,1,22
36001.0,0.1666620371656343,0.0,2.777700619427238e-05,0.0,0.0,0.7999777783950446,0.0,0.0,71,0,0,4,5,5,55
35075.0,0.9978617248752673,0.0,0.0021382751247327,0.0,0.0,0.0,0.0,0.0,23,0,0,1,5,6,39
64963.0,0.9538044733155796,0.0,0.0461801333066514,1.5393377768883825e-05,0.0,0.0,0.0,0.0,49,0,0,2,5,4,13
127200.0,0.9827044025157232,0.0,0.0172955974842767,0.0,0.0,0.0,0.0,0.0,33,0,0,1,5,6,6
189800.0,0.0,0.273972602739726,0.0027660695468914,0.0026343519494204,0.0,0.0,0.0,0.7206269757639621,44,2,0,4,1,1,41
46000.0,1.0,0.0,0.0,0.0,0.0,0.0,0.0,0.0,47,0,0,3,5,4,49
156400.0,0.0,0.0,0.0,0.0,0.0,0.0,0.0,0.8465473145780051,41,3,3,5,1,1,48
77906.0,0.0,0.0,0.0113726798962852,0.0256719636484994,0.0988370600467229,0.4112648576489616,0.0,0.0,74,0,0,1,5,5,4
1277199.0,0.0,0.0,0.0013310376848087,0.0078296334400512,0.0,0.0,0.0,0.99083932887514,35,2,0,4,1,1,38
31289.0,0.0,0.3196011377800505,0.0,0.0,0.0,0.0,0.0,0.6803988622199495,65,0,0,2,1,1,18
28000.0,1.0,0.0,0.0,0.0,0.0,0.0,0.0,0.0,23,1,1,3,5,6,18
60040.0,0.9993337774816788,0.0,0.0006662225183211,0.0,0.0,0.0,0.0,0.0,30,0,0,2,5,2,31
19363.0,0.0,0.0,0.9322419046635336,0.0,0.0,0.0,0.0,0.0,33,2,2,3,4,2,2
43600.0,0.0,0.0,0.0,0.0,0.0,0.0,0.0,0.0,61,0,0,1,5,4,12
35002.0,0.9999428604079766,0.0,5.713959202331295e-05,0.0,0.0,0.0,0.0,0.0,55,1,0,4,5,6,37
150460.0,0.8640170144889007,0.0,0.0029908281270769,0.0,0.0,0.0,0.0,0.1329921573840223,49,2,0,4,1,1,27
186020.0,0.0,0.0,0.0,0.0,0.0,0.2956671325663907,0.0,0.1667562627674443,61,0,0,2,1,1,37
50000.0,0.0,1.0,0.0,0.0,0.0,0.0,0.0,0.0,60,0,0,2,5,4,27
254477.0,0.0,0.0,0.0630351662429217,0.0235777693072458,0.3143702574299445,0.0,0.0,0.3314091253826475,78,0,0,2,1,1,41
80001.0,0.374995312558593,0.0,0.625004687441407,0.0,0.0,0.0,0.0,0.0,60,0,0,2,5,4,44
115023.0,0.5651043704302617,0.0,0.0087547707849734,0.0,0.0,0.0,0.0,0.4261408587847647,43,2,0,4,1,1,27
40017.0,0.0,0.0,0.000424819451733,0.0,0.0,0.0,0.0,0.999575180548267,40,0,0,2,1,1,42
85925.0,0.9892347977887692,0.0,0.0107652022112307,0.0,0.0,0.0,0.0,0.0,27,0,0,2,5,6,25
35000.0,1.0,0.0,0.0,0.0,0.0,0.0,0.0,0.0,23,0,0,4,5,6,48
152062.0,0.5733253541318672,0.0,0.0131525298891241,0.0,0.0,0.0,0.0,0.4135221159790085,37,2,0,4,1,1,30
32858.0,0.9990869803396432,0.0,0.0009130196603566,0.0,0.0,0.0,0.0,0.0,36,1,0,2,4,4,47
20001.0,0.999950002499875,0.0,4.999750012499375e-05,0.0,0.0,0.0,0.0,0.0,39,1,1,3,5,6,6
128209.0,0.7799764447113697,0.0,0.0002495924623076,0.0,0.0,0.0,0.0,0.2197739628263226,51,2,0,4,1,1,36
30285.0,0.9905894006934126,0.0,0.0094105993065874,0.0,0.0,0.0,0.0,0.0,36,0,0,2,5,6,6
75720.0,0.9904912836767036,0.0,0.0095087163232963,0.0,0.0,0.0,0.0,0.0,27,0,0,1,5,6,34
55000.0,1.0,0.0,0.0,0.0,0.0,0.0,0.0,0.0,50,0,0,2,1,1,6
15000.0,1.0,0.0,0.0,0.0,0.0,0.0,0.0,0.0,25,0,0,4,5,6,35
107788.0,0.0,0.0,9.277470590418228e-06,0.0,0.0,0.2384681040561101,0.0,0.2818031691839537,66,0,0,4,1,1,37
67431.0,0.963948332369385,0.0,0.0330856727617861,0.0029659948688288,0.0,0.0,0.0,0.0,68,0,0,1,5,4,17
60000.0,1.0,0.0,0.0,0.0,0.0,0.0,0.0,0.0,61,0,0,1,5,4,37
62700.0,0.3827751196172249,0.0,0.0,0.0,0.0,0.4210526315789473,0.0,0.062200956937799,76,0,0,2,1,1,39
37001.0,0.9999729737034134,0.0,2.702629658657874e-05,0.0,0.0,0.0,0.0,0.0,28,0,0,1,5,6,19
225000.0,0.1111111111111111,0.0,0.0,0.0,0.0,0.0,0.0,0.8888888888888888,40,0,0,2,1,1,47
251210.0,0.7961466502129693,0.0,0.0048166872337884,0.0,0.0,0.0,0.0,0.1990366625532423,65,0,0,2,1,1,13
82002.0,0.999975610350967,0.0,2.4389649032950417e-05,0.0,0.0,0.0,0.0,0.0,32,3,1,5,4,6,54
307550.0,0.3251503820516989,0.0,0.0032515038205169,0.0,0.0,0.0,0.0,0.6715981141277841,40,1,1,3,1,1,11
16003.0,0.9998125351496594,0.0,0.0001874648503405,0.0,0.0,0.0,0.0,0.0,18,0,0,2,5,6,37
103846.0,0.6740750727038114,0.0,0.0009629643895768,0.0,0.0,0.0,0.0,0.3249619629066117,63,0,0,2,1,1,27
44048.0,0.9989102796948784,0.0,0.0010897203051216,0.0,0.0,0.0,0.0,0.0,59,1,0,2,4,4,15
10400.0,0.0,0.0,0.0,0.0,0.0,0.0,0.0,1.0,73,1,0,3,1,1,42
295007.0,0.1525387533177178,0.0,3.389750073727064e-06,0.0,0.0,0.0,0.0,0.8474578569322084,49,2,0,4,1,1,32
44989.0,1.0,0.0,0.0,0.0,0.0,0.0,0.0,0.0,22,0,0,4,5,6,9
43105.0,0.5836909871244635,0.0,0.0010439624173529,0.0,0.0,0.1206356571163438,0.0,0.0,64,0,0,1,5,4,17
251135.0,0.995480518446254,0.0,0.0025285205168534,0.0019909610368925,0.0,0.0,0.0,0.0,43,0,0,1,5,6,36
4700.0,1.0,0.0,0.0,0.0,0.0,0.0,0.0,0.0,24,0,0,3,5,6,28
155801.0,0.9627666061193444,0.0,6.418444040795631e-06,0.0372269754366146,0.0,0.0,0.0,0.0,48,0,0,1,5,6,2
60000.0,1.0,0.0,0.0,0.0,0.0,0.0,0.0,0.0,30,0,0,1,5,6,8
42400.0,0.0471698113207547,0.0,0.0,0.0,0.0,0.5660377358490566,0.0,0.0,68,1,0,2,4,4,54
40810.0,0.9556481254594462,0.0,0.0014702278853222,0.0,0.0,0.0,0.0,0.0,29,0,0,1,5,2,6
346040.0,0.0,0.0,0.0434053866605016,0.0,0.0,0.0,0.0,0.9565946133394984,55,1,0,3,1,1,48
205186.0,0.0,0.0,0.0874816020586199,0.3070384919049058,0.0,0.108779351417738,0.0,0.4967005546187362,79,0,0,2,1,1,6
87230.0,0.9973632924452596,0.0,0.0024647483663877,0.0,0.0,0.0,0.0,0.0001719591883526,40,2,0,4,1,1,48
50000.0,1.0,0.0,0.0,0.0,0.0,0.0,0.0,0.0,22,0,0,5,5,6,17
250489.0,0.0,0.0,0.2533724035786002,7.984382547736627e-05,0.0798438254773662,0.1420381733329607,0.0,0.4192719041554719,69,0,0,2,1,1,36
24999.0,1.0,0.0,0.0,0.0,0.0,0.0,0.0,0.0,46,2,0,3,4,2,40
33020.0,0.9993943064809206,0.0,0.0006056935190793,0.0,0.0,0.0,0.0,0.0,39,0,0,4,5,6,6
94500.0,0.0,0.0,0.0,0.0,0.0,0.0,0.0,0.9428571428571428,38,2,0,4,1,1,54
37404.0,0.8555234734253021,0.0,0.0267351085445406,0.0,0.0,0.0,0.0,0.0,34,0,0,2,5,4,34
133632.0,0.8605723180076629,0.0,0.0262362308429118,0.1122485632183908,0.0,0.0,0.0,0.0009428879310344,46,3,0,5,1,1,46
56003.0,0.9999464314411728,0.0,5.356855882720569e-05,0.0,0.0,0.0,0.0,0.0,60,0,0,1,5,4,36
153772.0,0.0,0.0,0.0039083838410113,0.0,0.0,0.1326639440210181,0.0,0.8127032229534635,68,1,0,4,1,1,8
14800.0,1.0,0.0,0.0,0.0,0.0,0.0,0.0,0.0,19,0,0,3,5,6,21
50000.0,1.0,0.0,0.0,0.0,0.0,0.0,0.0,0.0,50,1,0,4,5,6,28
166847.0,0.1056177216252015,0.0,1.1987030033503747e-05,0.0,0.0,0.0,0.0,0.7145648408422087,59,0,0,2,1,1,38
150610.0,0.0,0.3983799216519487,0.0,0.0,0.0,0.0,0.0,0.6016200783480513,52,0,0,2,1,1,8
4000.0,0.0,0.0,1.0,0.0,0.0,0.0,0.0,0.0,80,0,0,1,5,5,47
30000.0,1.0,0.0,0.0,0.0,0.0,0.0,0.0,0.0,50,2,0,13,4,2,15
73733.0,0.4068734487949764,-0.0013562448293165,0.0011799330015054,0.0,0.0,0.0,0.0,0.5566842526412868,31,2,0,4,1,1,39
20800.0,1.0,0.0,0.0,0.0,0.0,0.0,0.0,0.0,51,2,0,3,4,2,25
143620.0,0.2785127419579445,0.0,1.392563709789723e-05,0.0,0.0,0.0,0.0,0.6813674975630135,41,3,0,5,1,1,48
113118.0,0.991513287010025,0.0,0.008486712989975,0.0,0.0,0.0,0.0,0.0,58,0,0,1,5,4,33
191887.0,0.5315628468838431,0.0,0.0158218117954838,0.0,0.0,0.0,0.0416912036771641,0.4109241376435089,30,0,0,2,1,1,47
51001.0,0.980372933864042,0.0,0.0196270661359581,0.0,0.0,0.0,0.0,0.0,58,0,0,2,5,4,6
81551.0,0.0,0.0,0.0098098122647177,0.0,0.0,0.0,0.0,0.9901901877352822,52,0,0,2,1,1,39
10760.0,0.6505576208178439,0.0,0.0,0.0,0.0,0.2602230483271375,0.0,0.0,70,0,0,1,5,5,28
66120.0,0.8771929824561403,0.1134301270417422,0.0093768905021173,0.0,0.0,0.0,0.0,0.0,29,0,0,2,5,6,12
500750.0,0.8986520219670494,0.0,0.1011482775836245,0.0,0.0,0.0,0.0,0.000199700449326,58,1,0,3,1,1,42
209000.0,0.0,0.0,0.0023923444976076,0.0,0.0,0.0,0.0,0.9976076555023924,37,5,1,7,1,1,56
44000.0,0.6363636363636364,0.0,0.0,0.0,0.0,0.0,0.0,0.3636363636363636,32,0,0,2,1,1,6
59640.0,0.8383635144198525,0.0,0.0006706908115358,0.0,0.0,0.0,0.0,0.1609657947686116,56,0,0,2,1,1,18
113000.0,0.0,0.0,0.0,0.0,0.0,0.0,0.0,1.0,57,0,0,2,1,1,24
250050.0,0.1599680063987202,0.0,0.0799840031993601,0.0,0.0,0.0,0.0,0.7600479904019196,44,2,0,4,1,1,31
40200.0,0.9950248756218906,0.0,0.0049751243781094,0.0,0.0,0.0,0.0,0.0,28,0,0,3,5,6,51
76471.0,0.0,0.0,0.0555897006708425,0.0013076852663101,0.0,0.3405212433471512,0.0,0.288736906801271,80,0,0,2,1,1,36
419892.0,0.0,0.0,0.0011907823916626,0.0,0.0,0.0,0.0,0.9926171491716916,69,1,0,3,1,1,6
80004.0,0.999950002499875,0.0,4.999750012499375e-05,0.0,0.0,0.0,0.0,0.0,44,1,0,2,5,6,42
40000.0,1.0,0.0,0.0,0.0,0.0,0.0,0.0,0.0,53,0,0,1,5,6,48
50000.0,1.0,0.0,0.0,0.0,0.0,0.0,0.0,0.0,27,0,0,4,5,6,6
3000.0,1.0,0.0,0.0,0.0,0.0,0.0,0.0,0.0,21,0,0,4,5,6,5
15000.0,0.0,1.0,0.0,0.0,0.0,0.0,0.0,0.0,27,0,0,1,5,6,6
138072.0,0.0,0.0,0.0767715394866446,0.0362129903238889,0.1129845298105336,0.030831739961759,0.0,0.3394098731096819,69,0,0,2,1,1,5
16800.0,0.0,0.0,0.0,0.0,0.0,0.0,0.0,0.0,74,0,0,4,5,6,19
65045.0,0.9993081712660464,0.0,0.0003074794373126,0.0003843492966407,0.0,0.0,0.0,0.0,57,2,0,4,1,1,13
19000.0,0.0,0.0,0.0,0.0,0.0,0.0,0.0,1.0,38,1,1,5,1,1,10
130440.0,0.3909843606255749,0.0,0.0021159153633854,0.0,0.0,0.0,0.0,0.6068997240110395,55,3,0,5,1,1,48
115086.0,0.9992527327389952,0.0,0.0005300384060615,0.0002172288549432,0.0,0.0,0.0,0.0,33,0,0,1,5,6,11
20000.0,1.0,0.0,0.0,0.0,0.0,0.0,0.0,0.0,71,1,0,2,5,3,34
20000.0,1.0,0.0,0.0,0.0,0.0,0.0,0.0,0.0,21,0,0,6,5,6,6
264036.0,0.2272417397627596,0.0,0.0066657576997076,0.0,0.0,0.0,0.0,0.7660925025375328,54,4,0,6,1,1,10
249373.0,0.4010057223516579,0.0,0.0004812068668219,0.0001002514305879,0.0,0.0,0.0,0.0,58,0,0,1,5,4,11
57728.0,0.4850332594235033,0.0,0.0026157150776053,0.0002078713968957,0.0,0.4082594235033259,0.0,0.0,65,0,0,1,5,5,33
29928.0,0.0,0.0,0.0224538893344025,0.0,0.1563753007217321,0.8211708099438653,0.0,0.0,80,0,0,1,5,5,53
25000.0,1.0,0.0,0.0,0.0,0.0,0.0,0.0,0.0,40,0,0,6,5,6,41
32900.0,0.513677811550152,0.0,0.0,0.0,0.0,0.0,0.0,0.0,20,0,0,4,5,6,37
57820.0,0.0,0.0,0.0003459010722933,0.0,0.0,0.0,0.0,0.0,66,0,0,2,5,4,12
101599.0,0.8858354905067963,0.0,0.0895579680902371,0.0246065414029665,0.0,0.0,0.0,0.0,28,0,0,1,5,6,17
81000.0,1.0,0.0,0.0,0.0,0.0,0.0,0.0,0.0,39,0,0,1,5,6,53
82000.0,0.975609756097561,0.0,0.024390243902439,0.0,0.0,0.0,0.0,0.0,30,0,0,1,5,6,6
281037.0,0.0,0.501713297537335,0.0161010827755775,0.0035582503371442,0.0,0.0,0.0,0.4786273693499432,60,0,0,2,1,1,17
76994.0,0.0,0.0,0.0001558563004909,0.0006494012520456,0.2597605008182456,0.3506766761046315,0.0,0.3887575655245863,72,0,0,2,1,1,55
31560.0,0.0,0.0,0.0050697084917617,0.0,0.2661596958174905,0.7287705956907478,0.0,0.0,85,0,0,1,5,5,13
20001.0,0.999950002499875,0.0,4.999750012499375e-05,0.0,0.0,0.0,0.0,0.0,51,0,0,1,5,6,12
25000.0,1.0,0.0,0.0,0.0,0.0,0.0,0.0,0.0,30,0,0,1,5,6,39
50000.0,1.0,0.0,0.0,0.0,0.0,0.0,0.0,0.0,55,1,0,2,4,6,6
30011.0,0.9996334677284996,0.0,0.0003665322715004,0.0,0.0,0.0,0.0,0.0,43,0,0,1,5,4,48
300000.0,0.6,0.0,0.0,0.0,0.0,0.0,0.0,0.4,58,3,0,5,1,1,51
40301.0,0.9925312026996848,0.0,0.0074687973003151,0.0,0.0,0.0,0.0,0.0,26,0,0,3,5,6,6
250020.0,0.7999360051195904,0.0,3.999680025597952e-05,0.0,0.0,0.0,0.0,0.2000239980801536,50,0,0,2,1,1,36
30000.0,1.0,0.0,0.0,0.0,0.0,0.0,0.0,0.0,41,1,0,2,4,4,5
57011.0,0.0,0.0,0.210573398116153,0.0,0.0,0.0,0.2631071196786585,0.5263194822051884,65,0,0,2,1,1,6
102000.0,1.0,0.0,0.0,0.0,0.0,0.0,0.0,0.0,42,0,0,6,5,6,6
116300.0,0.9888220120378332,0.0,0.0107480653482373,0.0004299226139294,0.0,0.0,0.0,0.0,58,0,0,1,5,5,17
100020.0,0.9998000399920016,0.0,0.0001999600079984,0.0,0.0,0.0,0.0,0.0,69,1,0,5,5,5,45
40436.0,0.0,0.0,0.0333366307250964,0.0,0.3214956969037491,0.6451676723711545,0.0,0.0,73,0,0,1,5,4,36
15000.0,1.0,0.0,0.0,0.0,0.0,0.0,0.0,0.0,21,0,0,5,5,6,41
65205.0,0.9968560693198374,0.0,0.0031439306801625,0.0,0.0,0.0,0.0,0.0,29,0,0,3,5,6,48
128000.0,0.4921875,0.0,0.0,0.0,0.0,0.0,0.0,0.5078125,31,4,1,6,1,1,37
80452.0,0.9943817431511958,0.0,0.0056182568488042,0.0,0.0,0.0,0.0,0.0,25,1,0,2,4,6,36
52200.0,0.8620689655172413,0.0,0.0,0.0,0.0,0.0,0.0,0.0,42,2,0,4,4,6,4
36480.0,1.0,0.0,0.0,0.0,0.0,0.0,0.0,0.0,40,5,0,7,1,1,41
35000.0,1.0,0.0,0.0,0.0,0.0,0.0,0.0,0.0,33,0,0,3,5,6,12
27102.0,0.2509039923252896,0.0,0.0074533244778983,0.0,0.0,0.741642683196812,0.0,0.0,68,0,0,1,5,6,39
46135.0,0.0,0.0,0.0115964018640945,0.0,0.1300531050178823,0.6242549040858351,0.0,0.0,65,1,0,2,5,4,10
32075.0,0.9976617303195636,0.0,0.0023382696804364,0.0,0.0,0.0,0.0,0.0,27,0,0,2,1,1,53
25000.0,1.0,0.0,0.0,0.0,0.0,0.0,0.0,0.0,68,0,0,1,5,5,22
53157.0,0.0,0.0,0.0169309780461651,0.0010722952762571,0.0,0.5305039787798409,0.0,0.0,80,0,0,1,5,5,41
48000.0,1.0,0.0,0.0,0.0,0.0,0.0,0.0,0.0,28,0,0,4,5,6,6
129055.0,0.0,0.0,0.100554027352679,0.0774863430320406,0.0774863430320406,0.243973499670683,0.0,0.0,74,0,0,1,5,2,51
102063.0,0.4898934971537187,0.0,9.797869943074375e-05,0.0,0.0,0.0,0.0,0.4899032950236618,44,1,0,4,1,1,12
317175.0,0.9962954205091826,0.0,0.0037045794908173,0.0,0.0,0.0,0.0,0.0,54,0,0,9,5,6,2
30002.0,0.9999333377774816,0.0,6.666222251849876e-05,0.0,0.0,0.0,0.0,0.0,21,0,0,5,5,6,51
47604.0,0.5041593143433325,0.0,0.0005251659524409,0.0,0.0,0.0,0.0,0.4953155197042265,47,2,0,4,1,1,56
245704.0,0.0,0.0,0.0489613518705434,0.0406993781135024,0.1220981343405072,0.1465177612086087,0.0,0.511469084752385,85,0,0,2,1,1,6
53000.0,0.981132075471698,0.0,0.0188679245283018,0.0,0.0,0.0,0.0,0.0,42,1,0,2,4,6,18
87220.0,0.5411602843384545,0.0,0.0,0.0,0.0,0.0,0.0,0.4588397156615455,44,2,0,4,1,1,21
98000.0,0.0,0.0,0.0105102040816326,0.0,0.0783673469387755,0.2387755102040816,0.0,0.4448367346938776,74,1,0,7,1,1,35
35000.0,0.0,1.0,0.0,0.0,0.0,0.0,0.0,0.0,38,1,0,4,1,1,12
78001.0,0.9615261342803296,0.0,0.0384738657196702,0.0,0.0,0.0,0.0,0.0,22,0,0,2,5,6,54
25603.0,0.0,0.0516345740733507,0.4215912197789321,0.0102722337226106,0.0,0.5165019724251064,0.0,0.0,70,0,0,1,5,6,35
112502.0,0.9866491262377558,0.0,0.0133419850313772,8.888730867006808e-06,0.0,0.0,0.0,0.0,27,2,1,5,5,6,35
105116.0,0.7230107690551391,0.0,0.0104741428517066,0.0,0.0,0.0020358461128657,0.0076106396742646,0.0,41,1,0,2,4,4,6
41700.0,1.0,0.0,0.0,0.0,0.0,0.0,0.0,0.0,27,0,0,2,5,6,47
284952.0,0.421123557651815,0.0,4.21123557651815e-05,0.0,0.0,0.0,0.0,0.5788343299924198,59,1,0,4,1,1,6
55000.0,0.9818181818181818,0.0,0.0,0.0,0.0,0.0,0.0,0.0181818181818181,52,1,0,3,1,1,55
13682.0,0.438532378307265,0.0,0.0036544364858938,0.0,0.0,0.0,0.0,0.0,36,2,0,4,4,4,16
120801.0,0.3311230867294145,0.0,0.00886582064718,0.0,0.1788064668338838,0.3322820175329674,0.0,0.0019039577486941,70,1,0,3,1,1,26
120000.0,1.0,0.0,0.0,0.0,0.0,0.0,0.0,0.0,39,2,0,4,5,4,28
110604.0,0.9583740190228202,0.0,0.0416259809771798,0.0,0.0,0.0,0.0,0.0,26,0,0,1,5,6,19
51000.0,0.0,0.0,0.0,0.0,0.0,0.0,0.0,0.392156862745098,64,0,0,2,1,1,12
36000.0,1.0,0.0,0.0,0.0,0.0,0.0,0.0,0.0,25,0,0,2,5,6,6
34511.0,0.5215728318507142,0.0,0.0,0.0,0.0,0.4784271681492857,0.0,0.0,75,0,0,3,5,5,45
141001.0,0.6382933454372665,0.0,0.0070992404309189,0.0,0.0,0.0,0.0,0.3546074141318147,65,0,0,2,1,1,34
95370.0,0.2935933731781482,0.0,0.0006396141344238,1.0485477613505296e-05,0.0,0.0,0.0,0.7057565272098144,41,0,0,2,1,1,51
14120.0,0.4249291784702549,0.0,0.4971671388101983,0.0779036827195467,0.0,0.0,0.0,0.0,20,0,0,6,5,6,8
139640.0,0.0,0.0,0.0222071039816671,0.3580635920939559,0.0,0.1430750501289029,0.0358063592093955,0.0,80,0,0,1,5,5,54
79900.0,0.0,0.5632040050062578,0.0312891113892365,0.0,0.0,0.4055068836045056,0.0,0.0,80,0,0,1,5,4,20
51727.0,0.7539582809751194,0.0,0.0096661318073733,0.0,0.0,0.2363755872175073,0.0,0.0,29,1,1,2,4,6,38
200000.0,1.0,0.0,0.0,0.0,0.0,0.0,0.0,0.0,42,0,0,2,5,6,42
40000.0,1.0,0.0,0.0,0.0,0.0,0.0,0.0,0.0,41,1,0,3,5,6,35
36000.0,0.1111111111111111,0.0,0.0,0.0,0.0,0.0,0.0,0.0,41,2,0,4,4,6,50
43000.0,1.0,0.0,0.0,0.0,0.0,0.0,0.0,0.0,21,0,0,1,5,6,19
172811.0,0.2604000902720313,0.0,6.365335539982987e-05,0.0,0.0,0.0,0.0,0.7395362563725689,43,2,0,4,1,1,33
170260.0,0.9984729237636556,0.0,0.0015270762363444,0.0,0.0,0.0,0.0,0.0,35,0,0,1,5,6,37
61212.0,0.9998039600078416,0.0,0.0001960399921584,0.0,0.0,0.0,0.0,0.0,21,0,0,2,5,6,41
26500.0,0.0,0.0,0.0943396226415094,0.0,0.0,0.9056603773584906,0.0,0.0,71,0,0,1,5,3,6
12000.0,1.0,0.0,0.0,0.0,0.0,0.0,0.0,0.0,38,4,2,6,5,6,17
111200.0,0.4622302158273381,0.0,0.0,0.0,0.0,0.0,0.0,0.5377697841726619,33,2,0,4,1,1,46
30000.0,1.0,0.0,0.0,0.0,0.0,0.0,0.0,0.0,48,0,0,2,5,6,17
106758.0,0.0,0.0,0.0,0.0,0.0,0.2995466381910489,0.0,0.55432848123794,74,0,0,2,1,1,48
38481.0,0.9999740131493464,0.0,2.5986850653569297e-05,0.0,0.0,0.0,0.0,0.0,37,0,0,2,5,6,56
18000.0,1.0,0.0,0.0,0.0,0.0,0.0,0.0,0.0,19,0,0,4,5,6,1
40000.0,1.0,0.0,0.0,0.0,0.0,0.0,0.0,0.0,24,0,0,3,5,6,6
33000.0,1.0,0.0,0.0,0.0,0.0,0.0,0.0,0.0,67,0,0,1,5,2,33
141012.0,0.9573653306101608,0.0,0.0412163503815278,0.0014183190083113,0.0,0.0,0.0,0.0,31,0,0,1,5,6,25
46800.0,0.9615384615384616,0.0,0.0384615384615384,0.0,0.0,0.0,0.0,0.0,24,0,0,2,5,6,6
90016.0,0.9998222538215428,0.0,0.0001777461784571,0.0,0.0,0.0,0.0,0.0,61,0,0,1,5,3,36
45200.0,0.9292035398230089,0.0,0.0707964601769911,0.0,0.0,0.0,0.0,0.0,24,0,0,3,5,6,46
113003.0,0.999973452032247,0.0,2.6547967753068503e-05,0.0,0.0,0.0,0.0,0.0,32,0,0,2,5,6,53
45000.0,0.9777777777777776,0.0,0.0222222222222222,0.0,0.0,0.0,0.0,0.0,29,0,0,1,5,6,24
25002.0,1.0,0.0,0.0,0.0,0.0,0.0,0.0,0.0,37,5,1,6,4,6,37
54500.0,0.9174311926605504,0.0,0.0642201834862385,0.018348623853211,0.0,0.0,0.0,0.0,49,0,0,1,5,6,18
70015.0,0.999785760194244,0.0,0.0002142398057559,0.0,0.0,0.0,0.0,0.0,54,1,0,4,5,4,29
226506.0,0.3090425860683602,0.0,0.0154786186679381,0.1765957634676344,0.0,0.0,0.0,0.4988830317960672,60,0,0,2,1,1,51
953500.0,0.0419507079181961,0.0,0.0173109596224436,0.0,0.0,0.0,-0.010486628211851,0.7519590980597798,67,0,0,2,1,1,15
130432.0,0.9200196270853778,0.0,0.0,0.0,0.0,0.0,0.0,0.0799803729146221,58,0,0,2,1,1,6
161110.0,0.620693935820247,0.0,0.379306064179753,0.0,0.0,0.0,0.0,0.0,55,0,0,1,5,6,6
379500.0,0.922266139657444,0.0,0.0764163372859025,0.0013175230566534,0.0,0.0,0.0,0.0,80,0,0,1,5,2,17
42100.0,0.6413301662707839,0.0,0.002375296912114,0.0,0.0,0.0,0.0,0.0,27,0,0,1,5,6,39
65000.0,1.0,0.0,0.0,0.0,0.0,0.0,0.0,0.0,39,0,0,2,5,4,25
35000.0,1.0,0.0,0.0,0.0,0.0,0.0,0.0,0.0,25,0,0,2,5,6,48
178768.0,0.9509531907276472,0.0,0.0266714400787613,0.0223753691935916,0.0,0.0,0.0,0.0,41,0,0,1,5,6,12
150247.0,0.5135942814166007,0.0,5.324565548729758e-05,0.0,0.0,0.0,0.0,0.486352472927912,57,1,0,5,1,1,24
40006.0,0.9998500224966256,0.0,0.0001499775033744,0.0,0.0,0.0,0.0,0.0,24,1,1,3,4,6,54
71594.0,0.0,0.0,2.793530184093639e-05,0.0,0.0,0.6982708048160461,0.0,0.0,70,1,0,3,4,5,51
32000.0,1.0,0.0,0.0,0.0,0.0,0.0,0.0,0.0,61,0,0,1,5,6,48
50001.0,0.999980000399992,0.0,1.999960000799984e-05,0.0,0.0,0.0,0.0,0.0,43,1,0,2,4,5,6
33000.0,1.0,0.0,0.0,0.0,0.0,0.0,0.0,0.0,36,1,0,4,5,6,39
89390.0,0.0,0.0,0.000671216019689,0.0,0.0,0.3436626020807696,0.0,0.4319275086698735,80,0,0,2,1,1,55
1220535.0,0.262180109542127,0.0,1.8024882531021233e-05,0.0004096564211595,0.0,0.0,0.0,0.7373922091541824,42,3,1,5,1,1,6
82016.0,0.999804916113929,0.0,0.000195083886071,0.0,0.0,0.0,0.0,0.0,38,0,0,1,5,4,47
73265.0,0.4231215450760936,0.0,0.0021156077253804,0.0,0.0,0.0,0.0,0.5747628471985259,34,1,1,3,1,1,54
30601.0,0.0,0.0,0.0001633933531583,0.0,0.0,0.3697918368680762,0.0,0.0,55,0,0,1,5,6,45
197662.0,0.6070969635033542,0.0,0.0197660653033967,0.0015177424087583,0.0,0.0,0.0,0.3716192287844907,39,2,2,4,1,1,34
25000.0,1.0,0.0,0.0,0.0,0.0,0.0,0.0,0.0,40,0,0,2,5,4,6
4511.0,0.9975615162935048,0.0,0.0024384837064952,0.0,0.0,0.0,0.0,0.0,24,0,0,3,5,6,25
95010.0,0.5262603936427744,0.0,5.262603936427744e-05,0.0,0.0,0.0,0.0,0.4736869803178613,35,2,1,4,1,1,26
25000.0,1.0,0.0,0.0,0.0,0.0,0.0,0.0,0.0,25,0,0,3,5,6,34
30000.0,1.0,0.0,0.0,0.0,0.0,0.0,0.0,0.0,19,0,0,4,5,6,42
100006.0,0.999940003599784,0.0,5.999640021598704e-05,0.0,0.0,0.0,0.0,0.0,31,2,0,4,1,1,30
125665.0,0.9947081526280188,0.0,0.005291847371981,0.0,0.0,0.0,0.0,0.0,24,0,0,2,1,1,48
110750.0,0.9932279909706546,0.0,0.0067720090293453,0.0,0.0,0.0,0.0,0.0,37,2,0,5,4,6,18
129858.0,0.0292627331392752,0.0,0.0074465955120208,0.0,0.0300867100987232,0.1159728318624959,0.0,0.6427636341234271,73,0,0,2,1,1,55
9780.0,1.0,0.0,0.0,0.0,0.0,0.0,0.0,0.0,27,0,0,2,1,1,32
122008.0,0.1885122287063143,0.0,8.196183856796276e-06,0.0,0.0,0.0,0.0,0.8032833912530326,39,2,1,4,1,1,48
27001.0,0.8518203029517425,0.0,3.7035665345727935e-05,0.0,0.0,0.0,0.0,0.0,39,1,0,2,4,4,4
130985.0,0.3817230980646638,0.0,0.0018780776424781,7.634461961293278e-05,0.0,0.0,0.0,0.616322479673245,35,2,1,4,1,1,26
26000.0,1.0,0.0,0.0,0.0,0.0,0.0,0.0,0.0,39,4,0,7,4,6,25
151800.0,0.4281949934123847,0.0,0.0006587615283267,0.0,0.0,0.0,0.0,0.5711462450592886,31,0,0,2,1,1,20
45000.0,1.0,0.0,0.0,0.0,0.0,0.0,0.0,0.0,30,0,0,2,5,6,12
40000.0,1.0,0.0,0.0,0.0,0.0,0.0,0.0,0.0,39,3,0,5,4,4,30
128782.0,0.8075662747899551,0.0,0.1088350856486154,0.0089298193846966,0.0,0.0,0.0,0.046714602972465,37,1,1,3,1,1,18
39000.0,1.0,0.0,0.0,0.0,0.0,0.0,0.0,0.0,27,0,0,2,5,4,16
230060.0,0.0,0.5650699817438929,8.693384334521429e-05,0.0,0.0,0.0,0.0,0.4348430844127618,45,1,0,3,1,1,27
10502.0,0.9998095600837936,9.521995810321844e-05,0.0,0.0,0.0,0.0,0.0,0.0,34,2,0,7,5,4,6
108461.0,0.6914927946450798,0.0,0.0217589732714985,0.0,0.0,0.0,0.0,0.2867482320834217,68,1,0,3,1,1,42
45731.0,0.765345170671973,0.0,0.0354464149045505,0.0,0.0,0.1992084144234764,0.0,0.0,66,0,0,1,5,4,41
119965.0,0.604342933355562,0.0,0.0037677655982995,0.0,0.0,0.0,0.0958612928770891,0.2960280081690493,47,2,0,4,1,1,47
146266.0,0.0683685887355913,0.0,0.165110141796453,0.0,0.0,0.1122338752683467,0.0,0.5066112425307316,54,0,0,2,1,1,42
44172.0,0.2150683691025989,0.0,4.527755139002083e-05,0.004527755139002,0.0,0.5061124694376528,0.0,0.0,72,0,0,1,5,5,51
9602.0,0.999791710060404,0.0,0.0002082899395959,0.0,0.0,0.0,0.0,0.0,21,0,0,3,5,6,44
73070.0,0.0,0.0,0.0047899274668126,0.0,0.0,0.0509100862186944,0.0,0.0,80,0,0,1,5,5,16
128264.0,0.6159171708351525,0.0,0.0019880870704172,0.0,0.0,0.0,0.0,0.3820947420944302,47,1,0,3,1,1,20
40667.0,0.0,0.0,0.0,0.0,0.0,0.33016942484078,0.0,0.0,80,0,0,1,5,4,40
33779.0,0.0,0.0,0.0,0.0,0.0,0.3427869386305101,0.0,0.6394505461973415,66,0,0,2,1,1,36
66450.0,0.0,0.0,1.5048908954100828e-05,0.0,0.0,0.3167494356659142,0.0,0.5322648607975922,80,0,0,2,1,1,12
149532.0,0.5149399459647434,0.0,0.0035510793676269,0.0,0.0,0.0,0.0,0.4346962523071984,26,1,1,3,1,1,28
164037.0,0.957101141815566,0.0,0.0314136444826472,0.0114852137017867,0.0,0.0,0.0,0.0,33,0,0,1,5,3,47
93400.0,0.0,0.0,0.0,0.0,0.0,0.0,0.0,0.0,42,0,0,1,5,4,40
304252.0,0.1676242062500821,0.0,0.0014001551345595,0.0,0.0,0.0,0.0,0.8309756386153583,60,1,0,3,1,1,16
170838.0,0.0,0.0,3.512099181680891e-05,0.0017560495908404,0.0,0.1320549292312015,0.0,0.6273311558318407,19,0,0,3,1,1,10
235720.0,0.0301204819277108,0.0,0.0123875784829458,0.0004242321398269,0.509078567792296,0.0,0.0237569998303071,0.0,59,0,0,1,5,6,6
159700.0,0.939261114589856,0.0,0.060738885410144,0.0,0.0,0.0,0.0,0.0,33,0,0,1,5,6,36
24008.0,0.8330556481172943,0.0,0.0003332222592469,0.0,0.0,0.0,0.0,0.0,21,0,0,1,5,6,20
111597.0,0.0,0.0,0.0806473292292803,0.0,0.2240203589702232,0.3816948484278251,-0.0895991827737304,0.0,75,0,0,1,5,3,23
152000.0,0.2631578947368421,0.0,0.0,0.0,0.0,0.0,0.0,0.6578947368421053,58,0,0,2,1,1,48
454123.0,0.2202046582093397,0.0,0.1828821706894387,0.0044040931641867,0.0,0.0,0.0,0.59239897560793,52,2,0,4,1,1,9
72000.0,0.4166666666666667,0.0,0.0,0.0,0.0,0.0,0.0,0.5833333333333334,41,3,0,5,1,1,55
89764.0,0.6061672830979011,0.0,0.0,0.0,0.0,0.3938327169020988,0.0,0.0,71,0,0,1,5,5,38
260458.0,0.0,0.0,0.0003839390611922,0.0,0.0,0.0628853788326716,0.0,0.936730682106136,77,0,0,2,1,1,40
27000.0,1.0,0.0,0.0,0.0,0.0,0.0,0.0,0.0,56,0,0,1,5,6,51
52903.0,0.0,0.0,0.0003591478744116,0.0,0.0953065043570308,0.516719278679848,0.0,0.0,80,0,0,1,5,4,35
40726.0,0.0,0.0,0.0497470903108579,0.0,0.0220989048764916,0.5303737170358003,0.0,0.0,77,0,0,1,5,5,26
70420.0,0.0,0.0,0.000142005112184,0.1420051121840386,0.0,0.3578528827037773,0.0,0.5,80,0,0,2,1,1,35
36378.0,0.9896091044037604,0.0,0.0008246742536698,0.0048105998130738,0.0,0.0,0.0,0.0,19,0,0,1,5,6,19
38080.0,0.4726890756302521,0.0,0.0021008403361344,0.0,0.0,0.0,0.0,0.0,22,0,0,1,5,6,12
48501.0,0.9999793818684152,0.0,2.0618131584915776e-05,0.0,0.0,0.0,0.0,0.0,27,0,0,2,5,6,12
20005.0,0.9997500624843788,0.0,0.000249937515621,0.0,0.0,0.0,0.0,0.0,19,0,0,6,4,6,45
230240.0,0.0,0.0,0.0001737317581653,0.0,0.0,0.0,0.0,0.9998262682418346,40,3,0,5,1,1,5
41125.0,1.0,0.0,0.0,0.0,0.0,0.0,0.0,0.0,63,0,0,1,5,4,34
45000.0,1.0,0.0,0.0,0.0,0.0,0.0,0.0,0.0,52,0,0,1,5,4,17
81957.0,0.6081115707017094,0.0,0.0014397793965128,0.0,0.0,0.0,0.0,0.3904486499017777,63,0,0,2,1,1,9
370100.0,0.405295865982167,0.0,0.0543096460416103,0.0,0.0,0.0,0.0,0.5403944879762227,54,2,0,4,1,1,26
227700.0,0.2635046113306983,0.0,0.2121212121212121,0.0052700922266139,0.0,0.0,0.0,0.5191040843214756,34,2,2,4,1,1,37
342248.0,0.0,0.0,0.0088094013697669,0.0,0.1460928917042612,0.1509256445618382,0.0,0.6941720623641336,80,0,0,2,1,1,13
48510.0,0.989486703772418,0.0,0.0105132962275819,0.0,0.0,0.0,0.0,0.0,45,0,0,2,5,4,45
60000.0,1.0,0.0,0.0,0.0,0.0,0.0,0.0,0.0,38,0,0,4,5,6,33
236063.0,0.6777851675188403,0.0,0.0006396597518459,0.0,0.0,0.0,0.0,0.3215751727293138,55,0,0,3,1,1,15
52548.0,0.8373296795310954,0.0,0.0133211539925401,0.0,0.0,0.1493491664763644,0.0,0.0,69,0,0,1,5,6,46
65876.0,0.9867022891493108,0.0,0.011779707328921,0.0015180035217681,0.0,0.0,0.0,0.0,39,0,0,1,5,4,13
88000.0,0.9659090909090908,0.0,0.034090909090909,0.0,0.0,0.0,0.0,0.0,49,1,0,3,5,6,48
50301.0,0.9940160235382994,0.0,0.0059839764617005,0.0,0.0,0.0,0.0,0.0,21,0,0,4,5,6,41
50000.0,1.0,0.0,0.0,0.0,0.0,0.0,0.0,0.0,26,0,0,1,5,6,37
109475.0,0.9591230874628912,0.0,0.0048595569764786,0.0,0.0,0.0,0.0027403516784654,0.0332770038821648,50,1,0,3,1,1,12
116015.0,0.7240443046157824,0.0,0.0001034349006593,0.0,0.0,0.0,0.0,0.2758522604835581,48,2,0,4,1,1,42
235680.0,0.4540054310930074,0.0,0.5353869653767821,0.0106076035302104,0.0,0.0,0.0,0.0,66,0,0,1,5,4,30
43000.0,0.7674418604651163,0.0,0.0232558139534883,0.0,0.0,0.2093023255813953,0.0,0.0,65,1,0,3,5,4,37
52780.0,0.2392572944297082,0.0,0.0028798787419477,0.0,0.0,0.0,0.0,0.757862826828344,61,1,0,3,1,1,36
56439.0,0.0,0.0,0.0148478888711706,0.3012101560977338,0.0885912223816864,0.1700951469728379,1.7718244476337285e-05,0.0,85,0,0,1,5,5,48
40000.0,1.0,0.0,0.0,0.0,0.0,0.0,0.0,0.0,32,0,0,2,5,6,12
105040.0,0.476009139375476,0.0,0.0479817212490479,0.0,0.0,0.0,0.0,0.476009139375476,43,2,1,4,1,1,17
101020.0,0.593941793704217,0.0,0.0050485052464858,0.0,0.0,0.0,0.0,0.4010097010492972,33,0,0,2,1,1,38
444960.0,0.8540093491549802,0.0,0.0021350233728874,0.0,0.0,0.0,0.0,0.1438556274721323,36,2,0,4,1,1,36
15000.0,0.0,0.0,0.0,0.0,0.0,0.0,0.0,1.0,71,1,0,3,1,1,15
25561.0,0.0,0.0,3.912210007433199e-05,0.0,0.0,0.7840068854896131,0.0,0.0,67,1,0,3,5,4,12
171006.0,0.3859513701273639,0.0,3.508648819339672e-05,0.5262973229009509,0.0,0.0,0.0,0.0,66,0,0,1,5,4,8
49402.0,0.7084733411602769,0.0,4.048419092344439e-05,0.0,0.0,0.2914861746487996,0.0,0.0,35,1,0,4,4,6,37
20000.0,1.0,0.0,0.0,0.0,0.0,0.0,0.0,0.0,58,1,0,3,1,1,6
44419.0,0.6596276368220806,0.0,0.0,0.0,0.0,0.3403723631779193,0.0,0.0,72,1,0,6,4,5,9
146012.0,0.3424376078678465,0.0,4.1092512944141574e-05,0.0,0.0,0.3287401035531326,0.0,0.3287811960660767,63,2,0,4,1,1,33
15500.0,1.0,0.0,0.0,0.0,0.0,0.0,0.0,0.0,26,0,0,6,5,6,48
23000.0,1.0,0.0,0.0,0.0,0.0,0.0,0.0,0.0,29,0,0,2,5,6,11
169102.0,0.0,0.0,0.0017859043654125,0.6504949675343875,0.0,0.1135409397878203,0.0,0.0,68,0,0,1,5,4,22
60000.0,1.0,0.0,0.0,0.0,0.0,0.0,0.0,0.0,26,0,0,3,5,6,11
197018.0,0.0,0.0,0.0761859322498452,0.0714757027276695,0.2537839182206702,0.2021490422194926,0.0,0.3842237765077302,75,0,0,2,1,1,33
181610.0,0.4405043775122515,0.1101260943780628,0.0006001872143604,0.0,0.0,0.0,0.0,0.3386432465172622,32,2,2,4,1,1,17
261203.0,0.4976971933706733,0.0,0.219564859515396,0.000765687989801,0.0,0.0,0.0,0.0,64,0,0,1,5,2,39
55748.0,0.0179378632417306,0.3587572648346129,0.0098478869197101,0.0035696347851043,0.0,0.0,0.3049436751094209,0.0,57,0,0,1,5,2,32
38000.0,1.0,0.0,0.0,0.0,0.0,0.0,0.0,0.0,24,1,1,2,4,4,46
164931.0,0.0274053998338699,0.0,1.8189424668497736e-05,0.0,0.0,0.0,0.0,0.9725764107414616,53,3,0,5,1,1,5
184100.0,0.0,0.0977729494839761,0.0,0.0,0.0,0.0,0.0,0.902227050516024,58,3,1,5,1,1,34
142000.0,0.647887323943662,0.0,0.0,0.0,0.0,0.0,0.0,0.352112676056338,43,1,0,3,1,1,34
101233.0,0.5196724388292355,0.0,0.0059269210632896,0.0,0.0,0.0,0.0,0.4744006401074748,57,0,0,2,1,1,42
15556.0,0.9999357161223964,0.0,6.428387760349704e-05,0.0,0.0,0.0,0.0,0.0,34,0,0,2,5,4,39
6000.0,1.0,0.0,0.0,0.0,0.0,0.0,0.0,0.0,60,0,0,1,5,5,22
300000.0,0.5,0.0,0.0,0.0,0.0,0.0,0.0,0.5,67,2,0,4,1,1,17
111775.0,0.0,0.0,0.1543368373965555,0.0,0.0,0.168016103779915,0.0,0.2303198389622008,85,0,0,2,1,1,51
30000.0,0.0,1.0,0.0,0.0,0.0,0.0,0.0,0.0,28,0,0,2,5,6,30
5450.0,0.6605504587155964,0.0,0.0,0.0,0.0,0.0,0.0,0.0,49,2,0,4,1,1,39
153150.0,0.326477309826967,0.0,0.0657851779301338,0.0,0.0,0.0,0.0,0.6077375122428991,33,0,0,2,1,1,19
37050.0,0.728744939271255,0.0,0.2712550607287449,0.0,0.0,0.0,0.0,0.0,44,2,0,4,4,4,12
167819.0,0.297940042545838,0.0,0.0012453893778416,0.0,0.0,0.0,0.0357528051055005,0.6650617629708198,46,2,0,4,1,1,48
45000.0,1.0,0.0,0.0,0.0,0.0,0.0,0.0,0.0,32,0,0,3,5,3,49
72014.0,0.0,0.7498541950176355,0.0001944066431527,0.0,0.2499513983392118,0.0,0.0,0.0,66,0,0,1,5,4,6
101379.0,0.0,0.0,0.0,0.0,0.0,0.0727862772369031,0.0,0.0,76,0,0,1,5,5,54
40000.0,1.0,0.0,0.0,0.0,0.0,0.0,0.0,0.0,22,0,0,6,5,6,36
45075.0,0.9983361064891848,0.0,0.0016638935108153,0.0,0.0,0.0,0.0,0.0,18,0,0,2,5,6,18
77274.0,0.0,0.0,0.0180655848021326,0.0,0.0,0.3510883350156585,0.0,0.0,71,0,0,1,5,6,36
90000.0,1.0,0.0,0.0,0.0,0.0,0.0,0.0,0.0,42,3,2,5,1,1,48
36000.0,1.0,0.0,0.0,0.0,0.0,0.0,0.0,0.0,24,0,0,5,5,6,37
25000.0,1.0,0.0,0.0,0.0,0.0,0.0,0.0,0.0,29,0,0,4,5,6,11
81100.0,0.9864364981504316,0.0,0.0073982737361282,0.0,0.0,0.0,0.0,0.0,54,1,0,4,5,4,20
35651.0,0.0,0.0,0.0003085467448318,0.0,0.0,0.6967546492384505,0.0,0.0,63,0,0,1,5,5,36
175152.0,0.9134922809902256,0.0,0.004293413720654,0.0,0.0,0.0,0.0,0.0,46,2,0,3,4,4,38
362400.0,0.4552980132450331,0.0,0.0171081677704194,0.0,0.0,0.0,0.0,0.1379690949227373,51,1,0,3,1,1,51
40905.0,0.4278205598337611,0.0,0.0020779855763354,0.0073340667400073,0.0,0.0,0.0,0.3671922747830338,46,3,0,5,1,1,45
75812.0,0.1582862871313248,0.0,2.638104785522081e-05,0.0,0.0,0.0,0.0,0.8416873318208199,27,2,2,4,1,1,56
25000.0,1.0,0.0,0.0,0.0,0.0,0.0,0.0,0.0,50,5,1,7,1,1,6
24500.0,0.0,0.0,0.0,0.0,0.0,0.0204081632653061,0.0,0.979591836734694,59,0,0,2,1,1,1
291952.0,0.0,0.0,0.0426474214939442,0.0274017646736449,0.0,0.0,0.0,0.601129637748671,70,0,0,2,1,1,11
80000.0,1.0,0.0,0.0,0.0,0.0,0.0,0.0,0.0,45,0,0,2,5,4,5
90157.0,0.9982585933427244,0.0,7.764233503776745e-05,0.0016637643222378,0.0,0.0,0.0,0.0,43,0,0,1,5,4,41
901.0,0.0,0.0,0.0,0.0,0.0,0.0,0.0,0.0,48,2,0,4,1,1,12
2.0,0.0,0.0,0.0,0.0,0.0,0.0,0.0,0.0,20,1,0,2,4,6,1
44388.0,0.0,0.0,0.0008786158421194,0.0,0.0067585834009191,0.1134540866900964,0.0,0.2749617013607281,75,0,0,2,1,1,33
126435.0,0.1227903665915292,0.0,0.0,0.0,0.0,0.0,0.0,0.8772096334084708,56,0,0,2,1,1,51
33000.0,1.0,0.0,0.0,0.0,0.0,0.0,0.0,0.0,56,1,0,2,4,2,6
57027.0,0.9995616111666404,0.0,0.0004383888333596,0.0,0.0,0.0,0.0,0.0,32,0,0,1,5,6,50
7063.0,0.155741186464675,0.0,0.0,0.0,0.0,0.844258813535325,0.0,0.0,15,0,0,3,5,6,35
20000.0,1.0,0.0,0.0,0.0,0.0,0.0,0.0,0.0,23,0,0,2,5,6,13
15312.0,0.0,0.0783699059561128,0.003983803552769,0.0,0.0,0.0,0.0,0.917646290491118,63,0,0,2,1,1,47
90002.0,0.0,0.999977778271594,2.2221728406035426e-05,0.0,0.0,0.0,0.0,0.0,50,0,0,1,5,4,25
12000.0,1.0,0.0,0.0,0.0,0.0,0.0,0.0,0.0,20,0,0,4,5,6,45
47500.0,0.9473684210526316,0.0,0.0526315789473684,0.0,0.0,0.0,0.0,0.0,21,0,0,3,5,6,39
133798.0,0.5605464954633104,0.0,0.0126907726572893,0.0,0.0,0.0,0.0,0.4267627318794003,39,3,0,5,1,1,47
431900.0,0.6482982171799028,0.0,0.3053947673072471,0.0115767538782125,0.0,0.0,0.0,0.0,59,0,0,1,5,4,30
395033.0,0.7467730544030499,0.0,0.071806659190498,0.0164543215376943,0.0,0.0,0.0,0.1616751005612189,35,0,0,2,1,1,2
117000.0,0.0427350427350427,0.4273504273504273,0.0064102564102564,0.0,0.0,0.0,0.0,0.5235042735042735,31,0,0,2,1,1,22
102803.0,0.0,0.0,1.9454685174557164e-05,9.727342587278582e-06,0.0,0.5350038423003219,0.0,0.0,63,0,0,4,5,6,36
107009.0,0.7008756272836865,0.0,0.0140548925791288,0.0,0.0,0.0,0.0,0.2850694801371847,38,2,2,4,1,1,21
40000.0,1.0,0.0,0.0,0.0,0.0,0.0,0.0,0.0,47,0,0,2,1,1,37
59258.0,0.1342603530325019,0.0,3.3750717202740556e-05,0.0,0.0,0.2419251409092443,0.001687535860137,0.0,64,0,0,2,5,6,6
206450.0,0.4359409057883264,0.0,0.5543715185274884,0.009687575684185,0.0,0.0,0.0,0.0,60,0,0,2,5,6,27
159826.0,0.6247168796065722,0.0,0.0030032660518313,0.0,0.0,0.0,0.0,0.3722798543415965,32,2,2,4,1,1,34
28830.0,0.3121748178980228,0.0,0.0001734304543877,0.0,0.0,0.5827263267429761,0.0,0.035553243149497,60,1,0,3,1,1,26
125760.0,0.1987913486005089,0.0,0.0043734096692111,0.0,0.0,0.0,0.0,0.7968352417302799,41,3,0,5,1,1,19
141005.0,0.8510336512889614,0.0,0.0142193539236197,0.0,0.0,0.0,0.0,0.0,55,2,0,3,4,5,40
26983.0,0.0,0.0,0.0003335433421042,0.0,0.0,0.860912426342512,0.0,0.0,85,1,0,2,5,4,1
155002.0,0.6451529657681836,0.0,6.451529657681836e-06,6.451529657681836e-06,0.0,0.0,0.0,0.354834131172501,37,2,0,4,1,1,41
144522.0,0.7023152184442507,0.0,0.0352956643279223,0.0,0.0,0.0,0.0,0.2623891172278269,45,2,0,4,1,1,46
7308.0,0.0,0.0,0.0001368363437328,0.0,0.0,0.671455938697318,0.0,0.0,85,0,0,1,5,5,18
201000.0,0.5323383084577115,0.0,0.0099502487562189,0.0,0.0,0.0,0.0,0.4577114427860697,36,3,0,5,1,1,12
43000.0,1.0,0.0,0.0,0.0,0.0,0.0,0.0,0.0,56,1,0,2,5,3,49
50680.0,0.9984214680347278,0.0,0.0015785319652722,0.0,0.0,0.0,0.0,0.0,35,0,0,4,5,6,22
90000.0,1.0,0.0,0.0,0.0,0.0,0.0,0.0,0.0,45,0,0,1,5,6,4
75000.0,1.0,0.0,0.0,0.0,0.0,0.0,0.0,0.0,40,0,0,2,5,6,24
30000.0,1.0,0.0,0.0,0.0,0.0,0.0,0.0,0.0,33,0,0,1,5,4,37
15520.0,0.5360824742268041,0.0,0.0,0.0,0.0,0.0,0.0,0.0,42,0,0,2,5,6,22
267250.0,0.7483629560336763,0.0,0.0084190832553788,0.0,0.0,0.0,0.0,0.2432179607109448,39,1,1,3,1,1,48
140750.0,0.7815275310834814,0.0,0.144582593250444,0.0021314387211367,0.0,0.0,0.0710479573712255,0.0007104795737122,47,4,0,6,1,1,37
3980.0,0.0,0.0,0.0954773869346733,0.6030150753768844,0.0,0.0,0.3015075376884422,0.0,36,0,0,1,5,6,17
72101.0,0.9708603209386832,0.0,0.0014008127487829,0.0277388663125338,0.0,0.0,0.0,0.0,47,1,0,3,5,2,6
51000.0,1.0,0.0,0.0,0.0,0.0,0.0,0.0,0.0,22,0,0,1,5,6,51
298401.0,0.6702390407538849,0.0,0.0016755976018847,8.37798800942356e-05,0.0,0.0,0.0,0.3280015817641362,32,1,0,3,1,1,18
35000.0,1.0,0.0,0.0,0.0,0.0,0.0,0.0,0.0,19,0,0,4,5,6,10
21760.0,0.9650735294117648,0.0,0.0349264705882352,0.0,0.0,0.0,0.0,0.0,43,1,0,3,4,6,31
42613.0,0.4881843568863961,0.0,0.0162157088212517,0.0,0.0,0.4955999342923521,0.0,0.0,68,0,0,1,5,6,26
20000.0,1.0,0.0,0.0,0.0,0.0,0.0,0.0,0.0,20,0,0,4,5,6,50
58001.0,0.9999827589179496,0.0,1.724108205030948e-05,0.0,0.0,0.0,0.0,0.0,60,0,0,1,5,3,6
70552.0,0.992175983671618,0.0,0.0078240163283819,0.0,0.0,0.0,0.0,0.0,35,2,0,3,4,6,28
189554.0,0.0,0.0,0.4609451660212921,0.0,0.0,0.0791331230150775,0.0,0.4599217109636304,69,0,0,2,1,1,46
38002.0,0.6841745171306773,2.6314404505026052e-05,0.0,0.0,0.0,0.0,0.0,0.0,24,0,0,2,5,6,16
34117.0,0.0,0.0,2.9310900723979247e-05,0.0,0.0,0.7185860421490753,0.0,0.0,85,0,0,1,5,5,54
159746.0,0.3255167578530918,0.0,0.0044069961063187,0.0312996882551049,0.0,0.0,0.0,0.6074768695303795,30,0,0,2,1,1,31
101690.0,0.0983380863408398,0.0049169043170419,0.0062248008653751,0.0,0.0,0.0,0.0,0.885603304159701,33,3,2,5,1,1,26
200850.0,0.9957679860592482,0.0,0.0004978839930296,0.0037341299477221,0.0,0.0,0.0,0.0,62,0,0,1,5,4,30
35000.0,0.1428571428571428,0.0,0.0,0.0,0.0,0.0,0.0,0.0,26,0,0,1,5,6,36
84000.0,0.5714285714285714,0.0,0.0,0.0,0.0,0.0,0.0,0.4285714285714285,36,3,0,5,1,1,16
66000.0,0.0,0.0,0.0181818181818181,0.0,0.7272727272727273,0.0,0.0,0.0,65,0,0,2,5,6,6
225000.0,0.6666666666666666,0.0,0.0,0.0,0.0,0.0,0.0,0.3333333333333333,31,0,0,2,1,1,6
92120.0,0.4667824576639166,0.0,0.0,0.0,0.0,0.0,0.0,0.5332175423360833,43,0,0,5,1,1,6
35000.0,1.0,0.0,0.0,0.0,0.0,0.0,0.0,0.0,20,0,0,3,5,6,36
27601.0,0.0,0.0,0.0,0.0,0.0,0.0,0.0,1.0,62,1,0,3,1,1,48
60581.0,0.9904095343424506,0.0,0.0095904656575493,0.0,0.0,0.0,0.0,0.0,33,0,0,2,5,6,6
578000.0,0.0,0.0,0.0038927335640138,0.0,0.0,0.0,0.0,0.996107266435986,58,2,0,4,1,1,53
251177.0,0.3981256245595735,0.0,8.758763740310618e-05,0.0045704821699439,0.0,0.0,0.0,0.5972163056330795,52,0,0,2,1,1,48
26001.0,0.9999615399407716,0.0,0.0,3.846005922849121e-05,0.0,0.0,0.0,0.0,22,0,0,1,5,6,20
165000.0,0.7272727272727273,0.0,0.0,0.0,0.0,0.0,0.0,0.2727272727272727,59,0,0,4,1,1,21
204519.0,0.254255105882583,0.0,7.334281900459125e-05,0.0,0.0,0.0,0.0,0.7456715512984123,63,0,0,2,1,1,38
27320.0,0.890190336749634,0.0,0.0,0.0,0.0,0.0,0.0,0.0,49,0,0,1,5,4,29
510391.0,0.979641098687085,0.0,0.0003703043353037,0.0195928219737417,0.0,0.0,0.0,0.0003957750038695,62,0,0,2,1,1,53
55539.0,0.0,0.0,0.0002700804839842,1.8005365598948486e-05,0.0,0.4595509461819622,0.1080321935936909,0.0,70,0,0,1,5,5,54
148501.0,0.2356886485612891,0.0,0.1515141312179716,0.0,0.0,0.0,0.0,0.5723934518959468,35,0,0,2,1,1,6
115806.0,0.0,0.0,0.0172702623352848,0.0,0.0,0.1450702036163929,0.0,0.6187071481615806,72,0,0,2,1,1,36
20000.0,1.0,0.0,0.0,0.0,0.0,0.0,0.0,0.0,46,1,0,4,5,2,39
247003.0,0.7489787573430282,0.0,0.2429241750100201,0.0080970676469516,0.0,0.0,0.0,0.0,41,2,1,3,4,3,37
136000.0,0.4779411764705882,0.0,0.3308823529411764,0.1470588235294117,0.0,0.0,0.0441176470588235,0.0,41,0,0,1,5,6,35
177761.0,0.0,0.0,0.0267775271291228,0.0,0.0,0.0,0.0,0.4612991601082352,64,0,0,2,1,1,50
90040.0,0.9995557529986672,0.0,0.0004442470013327,0.0,0.0,0.0,0.0,0.0,45,2,0,4,1,1,12
70000.0,0.8571428571428571,0.0,0.0,0.0,0.0,0.0,0.0,0.1428571428571428,21,0,0,2,1,1,42
200559.0,0.0,0.0,0.0507581310237885,0.0,0.4008795416810016,0.2491984902198355,0.0,0.0,80,0,0,1,5,5,51
494083.0,0.0,0.0,6.071854324071057e-06,0.0,0.0,0.0,0.0,0.9917362062649392,42,3,0,5,1,1,6
100126.0,0.0,0.0,0.0285440345165092,0.1997483171204282,0.0269660228112578,0.0846133871322134,0.0,0.0,80,0,0,1,5,5,46
103050.0,0.9985443959243084,0.0,0.0014556040756914,0.0,0.0,0.0,0.0,0.0,62,0,0,1,5,6,6
92000.0,0.5434782608695652,0.0,0.0,0.0,0.0,0.0,0.0,0.4565217391304347,23,1,1,3,1,1,54
62571.0,0.9972671045692094,0.0,0.0027169135861661,1.598184462450656e-05,0.0,0.0,0.0,0.0,53,0,0,1,5,6,53
16000.0,1.0,0.0,0.0,0.0,0.0,0.0,0.0,0.0,23,0,0,3,5,6,48
29002.0,0.0,0.0,6.896076132680504e-05,0.0,0.0,0.0,0.0,0.0,85,0,0,1,5,4,11
23000.0,0.8695652173913043,0.0,0.0,0.0,0.0,0.0,0.0,0.0,32,0,0,3,5,6,53
149587.0,0.4813252488518387,0.0,0.008236009813687,0.0,0.0,0.0,0.0,0.4034775749229545,48,4,0,6,1,1,34
179024.0,0.3798373402448833,0.0558584323889534,6.144427562784878e-05,1.675752971668603e-05,0.0,0.0,0.0,0.0056417016712842,38,2,0,4,1,1,2
52100.0,0.0,0.9596928982725528,0.0307101727447216,0.0095969289827255,0.0,0.0,0.0,0.0,38,1,0,2,4,4,12
71130.0,0.0,0.0,0.0007029382820188,0.0,0.0,0.4428511176718684,0.0,0.4580345845634753,78,0,0,2,1,1,54
337060.0,0.7713760161395598,0.0741707707826499,0.1188512431021183,0.0,0.0,0.0,0.0356019699756719,0.0,45,0,0,2,5,4,41
169750.0,0.5596465390279823,0.0,0.0044182621502209,0.0,0.0,0.0,0.0,0.4359351988217967,37,0,0,2,1,1,46
29129.0,0.999862679803632,0.0,0.0001373201963678,0.0,0.0,0.0,0.0,0.0,24,0,0,2,5,6,41
3066.0,0.0,0.0,0.0,0.0,0.0,0.0,0.0,0.0,63,0,0,5,5,5,13
63151.0,0.0,0.0,0.0016310113854095,0.0,0.0,0.1432756409241342,0.0,0.0,73,0,0,1,5,6,1
78280.0,0.629535002554931,0.0,0.0,0.0,0.0,0.0,0.0,0.370464997445069,55,0,0,2,1,1,17
38500.0,0.0779220779220779,0.1168831168831168,0.0,0.0519480519480519,0.0,0.0,0.0,0.5454545454545454,51,3,0,5,1,1,48
18000.0,0.0,0.0,0.0,0.0,0.0,0.0,0.0,1.0,45,1,0,3,1,1,48
62500.0,0.48,0.0,0.0,0.0,0.0,0.0,0.0,0.52,54,0,0,2,1,1,46
458039.0,0.3362159117455064,0.0,0.0546547346405,0.0,0.0,0.0,0.0,0.2641805610439285,53,3,0,5,1,1,9
184900.0,0.973499188750676,0.0,0.0221741481882098,0.0,0.0,0.0,0.0,0.0043266630611141,66,0,0,2,1,1,48
354000.0,0.7768361581920904,0.0,0.0,0.0,0.0,0.0,0.0,0.2231638418079096,60,2,0,4,1,1,6
49744.0,0.9951752975233192,0.0,0.0048247024766806,0.0,0.0,0.0,0.0,0.0,47,0,0,1,5,6,29
143938.0,0.0,0.0104211535522238,0.0,0.0,0.0,0.0,0.8059025413719796,0.0,44,0,0,1,5,4,27
60875.0,0.9856262833675564,0.0,0.0143737166324435,0.0,0.0,0.0,0.0,0.0,28,2,1,4,4,6,31
279800.0,0.0536097212294496,0.0,0.178699070764832,0.2072909220872051,0.0,0.1576125804145818,0.0,0.3899213724088635,73,0,0,2,1,1,6
241561.0,0.902463559928962,0.0,0.0085278666672186,4.139741100591569e-06,0.0,0.0,0.0062096116508873,0.0827948220118313,29,1,1,3,1,1,28
50000.0,0.44,0.0,0.008,0.0,0.0,0.552,0.0,0.0,64,0,0,1,5,4,10
10001.0,0.999900009999,0.0,9.999000099990002e-05,0.0,0.0,0.0,0.0,0.0,23,0,0,5,5,6,19
225031.0,0.1999724482404646,0.0,0.0445271984748767,0.0,0.0,0.0,0.0,0.7555003532846586,40,0,0,2,1,1,15
99962.0,0.980372541565795,0.0,0.009423580960765,0.0100038014445489,0.0,0.0,0.0,0.0002000760288909,53,2,0,4,1,1,6
6000.0,1.0,0.0,0.0,0.0,0.0,0.0,0.0,0.0,58,0,0,2,5,6,6
64286.0,0.0,0.0,0.0,0.0,0.0,0.2200790218710139,0.0,0.7799209781289861,59,0,0,2,1,1,6
106910.0,0.0,0.0,0.0,0.0,0.0,0.2638668038537087,0.0,0.5565428865400804,69,0,0,2,1,1,20
52721.0,0.8535498188577607,0.0,0.0132964094004286,0.0003793554750478,0.0,0.0,0.0,0.0,22,0,0,1,5,6,48
73060.0,0.8212428141253764,0.0,0.0145086230495483,0.0,0.0,0.0,0.1642485628250752,0.0,48,2,0,4,5,2,10
28800.0,0.0,0.0,0.8680555555555556,0.0,0.0,0.0694444444444444,0.0,0.0,85,1,0,2,5,4,48
41211.0,0.9851738613476984,0.0,0.0148261386523015,0.0,0.0,0.0,0.0,0.0,25,0,0,4,5,6,37
95011.0,0.1052509709402069,0.0,0.0001052509709402,0.0,0.0,0.0,0.0,0.8946437780888529,37,2,1,4,1,1,12
52400.0,0.6679389312977099,0.0,0.0,0.0,0.0,0.0,0.0,0.0,67,0,0,2,1,1,17
65510.0,0.471683712410319,0.0,1.5264845061822624e-05,0.0,0.0,0.0,0.0,0.4579606166997405,60,0,0,2,1,1,33
108801.0,0.2297772998409941,0.0,9.191091993639764e-06,0.0027573275980919,0.0,0.0,0.0,0.7453975606841848,33,1,0,3,1,1,26
16380.0,0.0,0.0,6.105006105006105e-05,0.0,0.0,0.5603785103785104,0.0,0.0,56,0,0,1,5,3,5
11410.0,0.0,0.0,0.3111305872042068,0.0701139351446099,0.0,0.0,0.0,0.6187554776511832,62,0,0,2,1,1,48
233810.0,0.4619135195244001,0.0,0.2994012232154313,0.0,0.0,0.0,0.0,0.2386852572601685,40,5,2,8,1,1,20
173005.0,0.6936215716308777,0.0,0.0173694401895898,0.0,0.0,0.0,0.0,0.2890089881795324,38,0,0,2,1,1,48
96025.0,0.9997396511325176,0.0,0.0,0.0,0.0,0.0,0.0,0.0002603488674824,52,2,2,4,1,1,5
158412.0,0.4229477564830947,0.0,0.0006691412266747,0.0,0.0,0.0,0.0,0.5763831022902305,49,3,0,5,1,1,55
39010.0,0.9997436554729556,0.0,0.0002563445270443,0.0,0.0,0.0,0.0,0.0,29,0,0,4,5,6,17
55000.0,0.4545454545454545,0.0,0.0,0.0,0.0,0.0,0.0,0.5454545454545454,42,0,0,2,1,1,48
69002.0,0.9999710153328888,0.0,2.898466711109823e-05,0.0,0.0,0.0,0.0,0.0,53,0,0,1,5,4,1
40856.0,0.8566673193655766,0.0,0.0,0.0,0.0,0.0,0.0,0.0,43,1,0,3,5,4,54
34000.0,1.0,0.0,0.0,0.0,0.0,0.0,0.0,0.0,58,1,0,5,5,6,35
68000.0,0.0735294117647058,0.9264705882352942,0.0,0.0,0.0,0.0,0.0,0.0,44,1,0,3,4,6,53
144707.0,0.5182886798841797,0.0,0.015230776672863,0.0,0.0,0.0,0.0,0.4664805434429571,31,1,1,3,1,1,49
57002.0,0.9999649135118066,0.0,3.508648819339672e-05,0.0,0.0,0.0,0.0,0.0,57,1,0,2,4,4,12
40000.0,1.0,0.0,0.0,0.0,0.0,0.0,0.0,0.0,39,2,0,3,4,5,39
121402.0,0.5024628918798701,0.0,0.0024793660730465,0.0,0.0,0.0,0.0,0.4950577420470832,30,0,0,2,1,1,16
127175.0,0.3302535875761745,0.0,0.0005897385492431,0.0,0.0,0.0,0.0,0.6691566738745822,36,1,0,3,1,1,37
111739.0,0.4379849470641405,0.0,0.0205836816151925,0.0,0.036692649835778,0.3400782179901377,0.0,0.1646694529215403,75,0,0,2,1,1,6
49681.0,0.0,0.0,2.0128419315231176e-05,0.0,0.0,0.5168978080151365,0.0,0.0,72,0,0,1,5,4,39
57080.0,0.0,0.0,1.751927119831815e-05,0.0,0.0,0.4551331464611072,0.0,0.5448493342676944,80,0,0,2,1,1,17
500980.0,0.248512914687213,0.0,0.0046908060202004,0.0,0.0,0.0,0.0,0.6909058245838158,55,3,0,6,1,1,9
82725.0,0.4835297673012995,0.0,0.0181323662737987,0.0,0.0,0.0,0.0,0.4983378664249018,62,0,0,2,1,1,19
75859.0,0.0,0.0,0.4487272439657786,0.0839320317958317,0.0,0.4673407242383896,0.0,0.0,68,0,0,1,5,4,6
264800.0,0.3398791540785498,0.0,0.0086858006042296,0.0011329305135951,0.0,0.0,0.1132930513595166,0.5370090634441088,43,1,0,3,1,1,36
15000.0,1.0,0.0,0.0,0.0,0.0,0.0,0.0,0.0,23,0,0,2,5,3,12
280504.0,0.6583114679291561,0.0,0.0229729344323075,0.0,0.0,0.0,0.0,3.565011550637424e-06,45,4,0,6,1,1,8
70000.0,1.0,0.0,0.0,0.0,0.0,0.0,0.0,0.0,41,0,0,1,5,2,6
93065.0,0.9133401386127976,0.0,0.0307849352603019,0.0,0.0,0.0,0.0,0.0,26,0,0,3,5,6,13
15000.0,1.0,0.0,0.0,0.0,0.0,0.0,0.0,0.0,32,0,0,6,5,6,51
25000.0,1.0,0.0,0.0,0.0,0.0,0.0,0.0,0.0,19,0,0,2,5,6,6
95087.0,0.0,0.0,2.103336944061754e-05,0.0,0.0,0.1735252978850947,0.0,0.763353560423612,73,0,0,2,1,1,12
160027.0,0.3061983290319758,0.0,0.0062489454904484,0.0,0.0,0.0,0.0,0.6875527254775756,52,2,0,4,1,1,36
249869.0,0.0,0.0,0.0363430437549275,0.020010485494399,0.0064033553582077,0.0,0.0,0.9372431153924656,61,1,0,3,1,1,26
52000.0,1.0,0.0,0.0,0.0,0.0,0.0,0.0,0.0,55,0,0,2,5,6,6
28678.0,1.0,0.0,0.0,0.0,0.0,0.0,0.0,0.0,34,1,0,8,4,2,15
30640.0,0.0,0.0,0.0110966057441253,0.0,0.0,0.5483028720626631,0.0,0.0,85,1,0,4,5,5,33
121284.0,0.0,0.0,0.1764453678968371,0.0,0.0287754361663533,0.1548349328847993,0.0,0.3925909435704627,77,0,0,2,1,1,36
83468.0,0.6384123256816984,0.0,1.198063928691235e-05,0.0,0.0,0.0,0.0,0.2753150908132458,55,0,0,2,1,1,23
270006.0,0.4073983541106494,0.0,0.2963045265660763,0.0,0.0,0.0,0.0,0.2962971193232743,67,0,0,2,1,1,34
21780.0,0.0,0.0,4.591368227731864e-05,0.0,0.4132231404958678,0.5867309458218549,0.0,0.0,73,0,0,1,5,6,17
120062.0,0.0,0.0,0.0001665806000233,0.0,0.0,0.1669137612233679,0.0,0.0,70,0,0,1,5,5,36
238500.0,0.4234800838574423,0.0,0.0052410901467505,0.0125786163522012,0.0,0.0,0.0,0.5587002096436059,31,0,0,2,1,1,11
261101.0,0.8655654325337705,-0.0306394843374786,0.0042129290964033,0.0,0.0,0.0,0.0,0.1608572927717626,43,2,0,4,1,1,20
28779.0,0.0,0.0,0.0,0.1389902359359255,0.0,0.8610097640640745,0.0,0.0,80,0,0,1,5,5,16
36000.0,1.0,0.0,0.0,0.0,0.0,0.0,0.0,0.0,63,0,0,3,5,6,6
109772.0,0.3538971686768939,0.0,0.0274113617315891,0.0,0.0,0.1448456801370112,0.0,0.4738457894545057,66,0,0,2,1,1,26
7115.0,0.6765987350667604,0.0,0.0001405481377371,0.0,0.0,0.0,0.0,0.0,21,0,0,4,5,6,45
70000.0,0.0,1.0,0.0,0.0,0.0,0.0,0.0,0.0,60,0,0,2,5,5,10
60100.0,0.9983361064891848,0.0,0.0016638935108153,0.0,0.0,0.0,0.0,0.0,43,1,0,2,4,6,12
52461.0,0.941651893787766,0.0,0.0,0.0,0.0,0.0,1.9061779226473e-05,0.0,30,0,0,2,5,6,32
77000.0,0.974025974025974,0.0,0.0259740259740259,0.0,0.0,0.0,0.0,0.0,30,0,0,2,5,6,35
262000.0,0.3244274809160305,0.0,0.0,0.0,0.0,0.0,0.0,0.6755725190839694,49,3,0,5,1,1,19
70600.0,0.5240793201133145,0.0,0.0,0.0,0.0,0.0,0.0,0.4759206798866855,31,3,0,5,1,1,16
57462.0,0.0,0.0,0.0060909818662768,0.0,0.0,0.0,0.0,0.3828617173088302,62,0,0,2,1,1,13
99319.0,0.3866329705293045,0.0,0.0,0.0,0.0,0.0,0.0,0.6133670294706954,59,2,0,4,1,1,32
48002.0,0.9999583350693722,0.0,2.0832465313945252e-05,0.0,0.0,0.0,0.0,2.0832465313945252e-05,42,1,0,3,1,1,6
40000.0,0.0,1.0,0.0,0.0,0.0,0.0,0.0,0.0,41,0,0,5,5,4,24
40000.0,1.0,0.0,0.0,0.0,0.0,0.0,0.0,0.0,49,0,0,5,5,3,39
22000.0,1.0,0.0,0.0,0.0,0.0,0.0,0.0,0.0,40,5,1,6,4,6,34
55960.0,0.7147962830593281,0.0,0.0,0.0,0.0,0.2852037169406719,0.0,0.0,65,0,0,1,5,4,36
26000.0,1.0,0.0,0.0,0.0,0.0,0.0,0.0,0.0,18,0,0,7,5,6,6
37030.0,0.9991898460707536,0.0,0.0008101539292465,0.0,0.0,0.0,0.0,0.0,25,0,0,4,5,6,42
62480.0,0.8002560819462228,0.0,0.0,0.0,0.0,0.0,0.0,0.1997439180537772,64,2,0,5,1,1,49
361021.0,0.4431875154076909,0.0,0.2078023162087524,0.0,0.0,0.0,0.0,0.3490101683835566,51,1,0,3,1,1,15
24000.0,1.0,0.0,0.0,0.0,0.0,0.0,0.0,0.0,42,3,0,4,4,3,18
200110.0,0.9994503023337163,0.0,0.0005496976662835,0.0,0.0,0.0,0.0,0.0,29,0,0,1,5,4,15
45000.0,1.0,0.0,0.0,0.0,0.0,0.0,0.0,0.0,27,0,0,3,5,6,1
77053.0,0.4931670408679739,0.0,0.0077998260937276,0.05777841226169,0.0,0.0,0.0,0.0,67,0,0,1,5,6,5
123510.0,0.3319569265646506,0.0,0.0202412760100396,0.0,0.0,0.0,0.0,0.6478017974253097,33,2,1,4,1,1,12
16000.0,1.0,0.0,0.0,0.0,0.0,0.0,0.0,0.0,19,0,0,4,5,6,6
15600.0,0.6410256410256411,0.0,0.0384615384615384,0.0,0.0,0.0,0.0,0.0,22,0,0,1,5,6,49
70001.0,0.999985714489793,0.0,1.4285510206997042e-05,0.0,0.0,0.0,0.0,0.0,24,0,0,4,5,6,2
29002.0,0.9999310392386732,3.448038066340252e-05,0.0,0.0,0.0,0.0,0.0,0.0,31,0,0,1,5,2,45
96505.0,0.9947671105124088,0.0,0.0052328894875913,0.0,0.0,0.0,0.0,0.0,49,1,0,3,4,4,18
95560.0,0.0,0.0,0.0,0.0,0.0,0.1419003767266638,0.0,0.8580996232733361,57,0,0,2,1,1,31
106622.0,0.2719888953499277,0.0,0.0004783252987188,0.0,0.0,0.0,0.0,0.7275327793513534,51,2,0,4,1,1,6
156610.0,0.957793244364983,0.0,0.0031926441478832,0.0390141114871336,0.0,0.0,0.0,0.0,40,0,0,1,5,2,32
194061.0,0.618362267534435,0.0,0.1804123445720675,0.0154590566883608,0.0,0.0,0.0,0.1857663312051365,71,2,0,4,1,1,34
72102.0,0.0,0.0,0.0,0.0,0.0,0.1664308895731047,0.0,0.8335691104268952,68,0,0,2,1,1,47
1100.0,0.0,1.0,0.0,0.0,0.0,0.0,0.0,0.0,25,1,1,5,4,6,4
110531.0,0.6694954356696311,0.0,0.0035284218906912,0.0,0.0,0.0,0.0,0.3269761424396775,42,1,1,3,1,1,51
120751.0,0.397512235923512,0.0,0.0062111286863048,0.0,0.0,0.0,0.0,0.596276635390183,33,2,0,4,1,1,47
88770.0,0.2478314745972738,0.0,0.0,0.0,0.0,0.2452179790469753,0.0,0.5069505463557508,52,0,0,2,1,1,37
39089.0,0.0,0.0,0.000127913223669,0.0,0.0,0.3828186957967714,0.0,0.0,73,0,0,1,5,4,19
106057.0,0.9994625531553788,0.0,0.0005374468446212,0.0,0.0,0.0,0.0,0.0,70,0,0,2,5,4,45
97979.0,0.6123761214137723,0.0,0.0,0.0,0.0,0.0,0.0,0.3876238785862276,58,0,0,2,1,1,36
26000.0,1.0,0.0,0.0,0.0,0.0,0.0,0.0,0.0,27,2,1,4,5,6,48
115700.0,0.0492653414001728,0.0,0.0,0.0,0.0,0.0,0.0,0.9507346585998272,52,1,0,3,1,1,41
13005.0,0.0,0.0,0.0,0.0,0.0,0.0,0.0,1.0,27,2,2,8,1,1,53
40221.0,0.0,0.4972526789488078,2.486263394744039e-05,0.0,0.0,0.2163049153427314,0.0,0.2864175430745133,64,0,0,2,1,1,25
35000.0,1.0,0.0,0.0,0.0,0.0,0.0,0.0,0.0,35,0,0,1,5,6,6
80800.0,0.0,0.0,0.0,0.0,0.0,0.0705445544554455,0.0,0.9294554455445544,68,0,0,2,1,1,8
120000.0,0.5,0.0,0.0,0.0,0.0,0.0,0.0,0.5,50,0,0,2,1,1,12
27190.0,0.0,0.0,0.0004045605001838,0.0,0.0,0.6023905847738139,0.0,0.0,72,0,0,1,5,4,4
228955.0,0.7425039854993339,0.0,0.0028389858269092,0.0013103011508811,0.0,0.0,0.0,0.2533467275228757,40,1,0,3,1,1,12
280010.0,0.9999642869897504,0.0,3.571301024963394e-05,0.0,0.0,0.0,0.0,0.0,35,0,0,1,5,6,2
244803.0,0.0,0.8169834520001797,0.0106330396277823,0.0008169834520001,0.0,0.1127437163760248,0.0588228085440129,0.0,71,0,0,1,5,4,30
2304.0,1.0,0.0,0.0,0.0,0.0,0.0,0.0,0.0,19,0,0,6,5,6,31
200000.0,1.0,0.0,0.0,0.0,0.0,0.0,0.0,0.0,40,0,0,1,5,2,6
28125.0,0.9955555555555556,0.0,0.0,0.0044444444444444,0.0,0.0,0.0,0.0,54,0,0,2,5,6,30
150144.0,0.9990409207161124,0.0,0.0,0.0,0.0,0.0,0.0,0.0009590792838874,41,3,0,5,1,1,49
131000.0,0.5725190839694656,0.0,0.0076335877862595,0.0,0.0,0.0,0.0,0.4198473282442748,28,0,0,2,1,1,48
25000.0,1.0,0.0,0.0,0.0,0.0,0.0,0.0,0.0,60,0,0,2,5,6,37
50001.0,0.999980000399992,0.0,1.999960000799984e-05,0.0,0.0,0.0,0.0,0.0,34,0,0,1,5,2,17
97587.0,0.686566858290551,0.0,0.0019059915767469,0.0,0.0,0.0,0.0,0.3115271501327021,36,2,2,4,1,1,55
257588.0,0.0,0.0,0.0737612000559032,0.038821684239949,0.3105734739195925,0.1420407782971256,0.0,0.0,85,0,0,1,5,5,51
125001.0,0.8399932800537596,0.1599987200102399,7.999936000511995e-06,0.0,0.0,0.0,0.0,0.0,47,1,0,2,4,4,36
63862.0,0.0,0.0,0.0044784065641539,0.0078293821051642,0.0751620682095769,0.4517240299395572,0.0,0.4608061131815477,77,0,0,2,1,1,53
52850.0,0.0,0.0,0.0009460737937559,0.0,0.0,0.6130558183538316,0.0,0.0,80,0,0,1,5,5,12
190200.0,0.473186119873817,0.0,0.0005257623554153,0.0,0.0,0.0,0.0,0.5262881177707676,35,0,0,2,1,1,11
180611.0,0.3875732928780639,0.0,5.536761326829485e-05,0.0,0.0,0.0,0.0,0.6123713395086678,51,1,0,3,1,1,28
45000.0,1.0,0.0,0.0,0.0,0.0,0.0,0.0,0.0,44,1,0,3,4,6,6
295250.0,0.2099915325994919,0.0,0.0067739204064352,0.0,0.0,0.0,0.0,0.7832345469940728,48,2,0,4,1,1,48
60000.0,1.0,0.0,0.0,0.0,0.0,0.0,0.0,0.0,49,0,0,1,5,4,1
45217.0,0.0,0.0,2.2115576000176925e-05,0.0,0.0,0.6284362076210275,0.0,0.0,85,1,0,3,5,5,39
160002.0,0.9374882813964824,6.24992187597655e-06,0.0625054686816414,0.0,0.0,0.0,0.0,0.0,60,0,0,2,5,4,29
50000.0,1.0,0.0,0.0,0.0,0.0,0.0,0.0,0.0,29,0,0,3,5,4,48
81001.0,0.9876421278749644,0.0,0.0123578721250354,0.0,0.0,0.0,0.0,0.0,59,0,0,2,5,6,39
3000.0,1.0,0.0,0.0,0.0,0.0,0.0,0.0,0.0,17,0,0,3,5,6,39
40000.0,1.0,0.0,0.0,0.0,0.0,0.0,0.0,0.0,44,0,0,1,5,6,40
23405.0,0.0,0.619525742362743,0.0002136295663319,0.0,0.0,0.0,0.0,0.0,23,1,1,7,4,6,6
78020.0,0.9997436554729556,0.0,0.0002563445270443,0.0,0.0,0.0,0.0,0.0,24,0,0,5,5,6,20
50000.0,1.0,0.0,0.0,0.0,0.0,0.0,0.0,0.0,42,1,0,3,5,6,29
213204.0,0.0,0.0,0.0004784150391174,0.0023451717603797,0.417440573347592,0.0,0.0,0.4718579388754432,69,0,0,2,1,1,55
50000.0,1.0,0.0,0.0,0.0,0.0,0.0,0.0,0.0,26,0,0,1,5,6,11
86000.0,0.9302325581395348,0.0,0.0,0.0,0.0,0.0,0.0,0.0,34,0,0,1,5,6,32
473176.0,0.5114376046122373,0.0,0.0147936497201886,0.0,0.0,0.0,0.0,0.473768745667574,45,2,0,4,1,1,6
31981.0,0.0,0.0,6.253713142178169e-05,0.0,0.0,0.7748037897501642,0.0,0.0,73,1,0,2,5,5,36
82001.0,0.7926732600821941,0.0,0.2073267399178058,0.0,0.0,0.0,0.0,0.0,38,0,0,1,5,6,6
25432.0,0.8426785152563699,0.0,3.9320541050644855e-05,0.0,0.0,0.0,0.0,0.0,24,0,0,2,5,6,39
70125.0,0.6702317290552585,0.0,0.0,0.0,0.0,0.0,0.0,0.3297682709447415,35,2,1,4,1,1,29
89738.0,0.0,0.3565936392609596,1.114355122690499e-05,0.0,0.0,0.0,0.0,0.6433952171878135,58,2,0,4,1,1,37
138772.0,0.0,0.0,1.4412129247975095e-05,0.0003603032311993,0.0,0.0,0.0,0.6167814832963422,79,0,0,2,1,1,17
51400.0,0.0,0.0,0.0,0.0,0.0,0.1809338521400778,0.0,0.8190661478599222,70,0,0,2,1,1,40
24043.0,0.0,0.0,4.159214740257039e-05,0.0,0.0,0.8634529800773614,0.0,0.0,74,0,0,2,5,5,15
105205.0,0.6368518606530108,0.0,0.0095527779097951,0.0114063019818449,0.0,0.0,0.1710945297276745,0.0,54,0,0,1,5,6,1
45614.0,0.0,0.0,0.0,0.0,0.0,0.463015740781339,0.0,0.5369842592186609,80,0,0,2,1,1,48
55000.0,0.4545454545454545,0.0,0.0,0.0,0.0,0.0,0.0,0.4545454545454545,66,1,0,3,1,1,38
157302.0,0.6357198255584798,0.0,0.0317987056744351,0.0,0.0,0.0,0.0,0.3324814687670849,61,0,0,2,1,1,32
58743.0,0.4255826226103535,0.0,0.0,0.0,0.0,0.4334644127810973,0.0,0.0,68,0,0,1,5,4,54
42220.0,0.7863571766935101,0.0,0.0004737091425864,0.0,0.0,0.0,0.0,0.0,61,0,0,2,1,1,8
80000.0,0.5,0.0,0.0,0.0,0.0,0.0,0.0,0.5,53,1,0,6,1,1,54
42702.0,0.0,0.0,0.108894196993115,2.34181068802398e-05,0.0,0.139361154044307,0.0,0.0,85,0,0,1,5,5,53
64201.0,0.9345648821669444,0.0,0.0,1.5576081369449073e-05,0.0,0.0,0.0,0.0,43,4,3,6,5,6,25
113221.0,0.9980480652882416,0.0,0.00168696619885,0.0002649685129083,0.0,0.0,0.0,0.0,48,0,0,1,5,6,6
180000.0,0.6666666666666666,0.0,0.0,0.0,0.0,0.0,0.0,0.3333333333333333,61,0,0,2,1,1,30
67700.0,1.0,0.0,0.0,0.0,0.0,0.0,0.0,0.0,59,3,0,4,4,4,6
25002.0,0.0,0.999920006399488,7.999360051195904e-05,0.0,0.0,0.0,0.0,0.0,55,1,0,2,5,6,36
90107.0,0.9988125228894535,0.0,0.0011874771105463,0.0,0.0,0.0,0.0,0.0,45,3,0,5,5,4,54
163748.0,0.4274861372352639,0.0,0.0,0.0,0.0,0.0,0.0,0.572513862764736,48,2,1,6,1,1,32
220566.0,0.5893927441219409,0.0,0.069298985337722,0.0004443114532611,0.0,0.0,0.0,0.3408639590870759,40,3,0,5,1,1,55
43010.0,0.2092536619390839,0.581260172053011,0.0002325040688212,0.0,0.0,0.0,0.0,0.2092536619390839,32,3,0,5,1,1,28
6500.0,0.6153846153846154,0.0,0.0,0.0,0.0,0.0,0.0,0.3846153846153846,59,2,0,4,1,1,48
45610.0,0.0,0.0,2.1925016443762334e-05,0.0,0.0,0.2192501644376233,0.0,0.7807279105459329,69,0,0,2,1,1,42
45000.0,0.0,0.0,0.0,0.0,0.0,0.0,0.0,1.0,38,4,1,6,1,1,53
46661.0,0.0,0.0,0.3129165684404534,0.0,0.0,0.0,0.0,0.6870834315595465,63,1,0,3,1,1,18
5001.0,0.9998000399920016,0.0,0.0001999600079984,0.0,0.0,0.0,0.0,0.0,21,0,0,5,5,6,34
16532.0,0.3024437454633438,0.0,0.0,0.0,0.0,0.6975562545366562,0.0,0.0,65,0,0,7,5,5,22
30000.0,1.0,0.0,0.0,0.0,0.0,0.0,0.0,0.0,23,0,0,3,5,6,48
40001.0,0.9999750006249843,0.0,2.499937501562461e-05,0.0,0.0,0.0,0.0,0.0,31,0,0,1,5,6,6
97706.0,0.0,0.0,0.0027122182875156,0.0,0.0,0.2701983501524983,0.0051173929953124,0.665967289623974,79,0,0,2,1,1,20
271805.0,0.5518662276264233,0.0,0.0025937712698441,0.0003679108184176,0.0,0.0,0.0,0.4451720902853148,40,2,1,4,1,1,17
37000.0,1.0,0.0,0.0,0.0,0.0,0.0,0.0,0.0,48,0,0,2,5,6,41
133584.0,0.5075458138699246,0.0,8.983111749910169e-05,0.0,0.0,0.0,0.0,0.4043298598634567,41,2,0,4,1,1,28
270064.0,0.444339119616091,0.0,0.0001184904318976,0.0,0.0,0.0,0.0,0.5555423899520113,39,2,1,4,1,1,12
154947.0,0.5163055754548329,0.0,0.0100034205244373,0.0012714024795575,0.0,0.0,0.0,0.4724196015411721,52,2,0,4,1,1,50
75274.0,0.1062783962590004,0.0,1.3284799532375057e-05,0.3985439859712517,0.0,0.2759518558864947,0.0199271992985625,0.1992852777851582,70,0,0,2,1,1,38
160333.0,0.8856567269370622,0.0,0.0089376485190197,0.0,0.0,0.0,0.1054056245439179,0.0,46,0,0,1,5,3,51
110000.0,1.0,0.0,0.0,0.0,0.0,0.0,0.0,0.0,58,1,0,2,5,4,2
66579.0,0.3754937743132219,0.0,0.0,0.0,0.0,0.4262455128493969,0.0,0.0,80,2,0,3,4,5,41
240301.0,0.0416144751790462,0.0,0.0012484342553713,0.0,0.0,0.0,0.0,0.9571370905655824,66,0,0,2,1,1,42
67075.0,0.9988818486768544,0.0,0.0011181513231457,0.0,0.0,0.0,0.0,0.0,33,0,0,3,5,6,36
177263.0,0.8292762731083193,0.0,5.641335191213056e-05,0.0,0.0,0.0,0.0,0.1706673135397686,38,2,1,4,1,1,13
2000.0,0.0,0.0,1.0,0.0,0.0,0.0,0.0,0.0,64,0,0,1,5,4,12
550530.0,0.3723684449530453,0.0,0.2579605107805205,0.0063575100357836,0.0,0.0,0.0,0.3360670626487203,40,1,1,3,1,1,23
34100.0,0.997067448680352,0.0,0.002932551319648,0.0,0.0,0.0,0.0,0.0,48,0,0,2,5,4,46
75225.0,0.9970089730807578,0.0,0.0029910269192422,0.0,0.0,0.0,0.0,0.0,38,0,0,2,5,4,10
90000.0,1.0,0.0,0.0,0.0,0.0,0.0,0.0,0.0,29,0,0,2,5,6,25
146188.0,0.2381043587708977,0.0,0.0006840506744739,0.0,0.0,0.0,0.0,0.7524557419213616,51,2,0,4,1,1,34
80681.0,0.0,0.0,0.0995277698590746,0.0,0.0,0.4343029957486893,0.0,0.466169234392236,65,0,0,3,1,1,48
58379.0,0.0,0.0,0.0,0.0,0.0,0.4316620702649925,0.0,0.5683379297350074,69,0,0,2,1,1,45
21179.0,0.0,0.0,0.0,0.0,0.0,0.886680202086973,0.0,0.0,70,0,0,1,5,4,55
43739.0,0.0,0.0,0.0,0.0,0.0,0.4512906102105672,0.0,0.0,85,0,0,1,5,5,6
124020.0,0.0,0.6369940332204483,8.063215610385422e-05,0.0,0.0,0.0,0.0,0.3629253346234478,28,0,0,2,1,1,2
93010.0,0.9138802279324804,0.0,0.0861197720675196,0.0,0.0,0.0,0.0,0.0,56,0,0,1,5,4,42
106800.0,0.2808988764044944,0.0,0.0,0.0,0.0,0.0,0.0,0.3146067415730337,28,3,1,5,1,1,32
35001.0,0.9999714293877318,0.0,2.8570612268220908e-05,0.0,0.0,0.0,0.0,0.0,38,1,1,3,1,1,17
203035.0,0.3841702169576674,0.0,0.0001231314797941,0.0,0.0,0.0,0.0,0.6157066515625385,44,2,0,4,1,1,9
10001.0,0.999900009999,0.0,9.999000099990002e-05,0.0,0.0,0.0,0.0,0.0,37,0,0,1,5,6,12
27805.0,0.3236827908649523,0.0,0.0009350836180543,0.0,0.0,0.6753821255169934,0.0,0.0,46,0,0,2,5,6,4
60301.0,0.99500837465382,0.0,0.0049916253461799,0.0,0.0,0.0,0.0,0.0,30,0,0,3,5,6,15
111022.0,0.4999009205382717,0.0,9.007223793482373e-06,0.0,0.0,0.0,0.0,0.5000900722379348,42,1,0,3,1,1,17
174150.0,0.3387884008039046,0.3100775193798449,0.0267011197243755,0.0143554407120298,0.0,0.0,0.0,0.0,51,0,0,1,5,4,56
517220.0,0.4350179807432041,0.0,0.26692703298403,0.0580023974324272,0.0,0.0,0.0208808630756737,0.2191717257646649,64,0,0,2,1,1,8
135004.0,0.9999703712482592,0.0,2.222156380551687e-05,7.4071879351722915e-06,0.0,0.0,0.0,0.0,67,0,0,1,5,5,50
230288.0,0.0,0.4342388661154728,4.342388661154728e-05,0.0,0.0,0.0528902938928645,-0.0173695546446189,0.53019697074967,69,0,0,2,1,1,20
128210.0,0.5069807347320802,0.0,0.0093596443335153,0.0,0.0,0.0,0.0,0.4836596209344045,50,3,0,5,1,1,6
254500.0,0.7072691552062869,0.0,0.0166011787819253,9.823182711198428e-05,0.0,0.0,0.0,0.2760314341846758,51,1,0,3,1,1,25
46711.0,0.7278799426259339,0.0,0.0045171372910021,0.0,0.0,0.0,0.0,0.0,21,0,0,1,5,6,19
46764.0,0.0,0.0,0.0,0.0,0.0,0.590197587888119,0.0,0.281498588657942,74,0,0,2,1,1,6
60010.0,0.0,0.9998333611064822,0.0001666388935177,0.0,0.0,0.0,0.0,0.0,49,1,1,2,4,6,36
160000.0,1.0,0.0,0.0,0.0,0.0,0.0,0.0,0.0,52,2,0,4,5,4,8
206360.0,0.4845900368288428,0.0,0.0114363248691606,0.0,0.0,0.0,0.0,0.5039736383019965,40,2,2,4,1,1,39
32543.0,1.0,0.0,0.0,0.0,0.0,0.0,0.0,0.0,29,0,0,1,5,6,11
39005.0,0.9998718113062428,0.0,0.0001281886937572,0.0,0.0,0.0,0.0,0.0,30,0,0,1,5,6,53
113255.0,0.2472297028828749,0.0,0.008873780407046,0.0,0.5297779347490177,0.0,0.0,0.2141185819610613,61,0,0,2,1,1,21
60000.0,1.0,0.0,0.0,0.0,0.0,0.0,0.0,0.0,59,1,0,6,5,4,6
102000.0,0.4901960784313725,0.0,0.0196078431372549,0.0,0.0,0.0,0.0,0.4901960784313725,54,2,0,4,1,1,8
35211.0,0.9940075544574138,0.0,0.0059924455425861,0.0,0.0,0.0,0.0,0.0,32,0,0,2,5,6,15
33000.0,0.4545454545454545,0.0,0.0,0.0,0.0,0.0,0.0,0.5454545454545454,41,1,1,3,1,1,42
179120.0,0.837427422956677,0.0,0.0111656989727556,0.0,0.0,0.0,0.0,0.1514068780705672,33,1,1,3,1,1,40
371180.0,0.2963521741473139,0.0,0.0055229268818363,0.0003502343876286,0.0,0.0,0.0,0.6977746645832211,58,1,0,3,1,1,25
9999.0,1.0,0.0,0.0,0.0,0.0,0.0,0.0,0.0,50,2,0,4,5,5,19
47440.0,0.0,0.0,0.0779932546374367,0.0168634064080944,0.0,0.4477234401349072,0.0,0.3393760539629005,74,1,0,4,1,1,9
89101.0,0.7856253016239997,0.0,0.2076407672192231,0.0033669655783885,0.0,0.0,0.0,0.0,43,0,0,1,5,6,15
143300.0,0.5233775296580601,0.0,0.0837404047452896,0.0,0.0,0.0,0.0,0.200976971388695,43,2,0,4,1,1,22
43000.0,0.7441860465116279,0.0,0.0,0.0,0.0,0.0,0.0,0.2558139534883721,62,1,0,5,1,1,40
150539.0,0.0,0.2657118753279881,0.0016606992207999,0.0,0.066427968831997,0.1566305077089657,0.0,0.334199111193777,73,0,0,2,1,1,35
346042.0,0.4334733934031129,0.0,0.2167569254599152,0.0,0.0,0.0,0.0,0.3497696811369718,51,1,0,3,1,1,26
56400.0,0.0,0.0,0.0,0.0,0.0,0.0,0.0,0.0,56,0,0,1,5,4,18
34069.0,0.0,-0.0014676098505973,0.0,0.0,0.0,0.0,0.0,1.0014676098505972,50,0,0,2,1,1,46
139385.0,0.0,0.0,0.014011550740754,0.0466334254044552,0.0,0.1033109732037163,0.0,0.7413423252143344,69,0,0,2,1,1,10
115500.0,0.9956709956709956,0.0,0.0043290043290043,0.0,0.0,0.0,0.0,0.0,37,0,0,1,5,6,5
42060.0,0.9985734664764622,0.0,0.0014265335235378,0.0,0.0,0.0,0.0,0.0,22,0,0,2,5,6,26
30000.0,1.0,0.0,0.0,0.0,0.0,0.0,0.0,0.0,61,0,0,2,1,1,6
143681.0,0.0,0.0,0.3062617882670638,0.0034799312365587,0.1085738545806334,0.1920922042580438,0.0,0.3895922216577,80,0,0,2,1,1,12
60020.0,0.9663445518160612,0.0,0.0336554481839386,0.0,0.0,0.0,0.0,0.0,51,2,0,4,5,6,36
42000.0,1.0,0.0,0.0,0.0,0.0,0.0,0.0,0.0,24,0,0,1,5,6,48
263202.0,0.3267452374981953,0.0,0.3799401220355468,0.0,0.0,0.0,0.0045592358720678,0.28875540459419,53,0,0,2,1,1,39
294858.0,0.4544560432479363,0.0,0.0020348778055877,0.0,0.0,0.0,0.0,0.5435090789464759,49,2,0,6,1,1,12
76180.0,0.6825938566552902,0.0,0.0023628248884221,0.0,0.0,0.0,0.0,0.3150433184562877,46,1,0,3,1,1,37
125020.0,0.9998400255959048,0.0,0.0001599744040953,0.0,0.0,0.0,0.0,0.0,56,2,0,3,4,4,26
90000.0,0.9444444444444444,0.0,0.0555555555555555,0.0,0.0,0.0,0.0,0.0,47,3,0,5,1,1,6
75000.0,1.0,0.0,0.0,0.0,0.0,0.0,0.0,0.0,28,1,1,3,4,6,48
60000.0,1.0,0.0,0.0,0.0,0.0,0.0,0.0,0.0,30,0,0,3,5,6,36
160500.0,0.6728971962616822,0.0,0.0,0.0,0.0,0.0,0.0,0.3271028037383177,39,2,2,4,1,1,38
204831.0,0.9861788498811216,0.0,0.0108919060103207,0.0029292441085577,0.0,0.0,0.0,0.0,64,0,0,2,5,4,47
42756.0,0.9158012910468706,0.0,0.0,0.0,0.0,0.0,0.0,0.0,35,4,0,5,4,6,41
79090.0,0.9912757617903654,0.0,0.0087242382096345,0.0,0.0,0.0,0.0,0.0,35,0,0,2,5,6,17
130000.0,1.0,0.0,0.0,0.0,0.0,0.0,0.0,0.0,43,0,0,1,5,2,32
100184.0,0.9981633793819372,0.0,0.0018366206180627,0.0,0.0,0.0,0.0,0.0,42,0,0,1,5,6,19
107081.0,0.0,0.0,0.0,0.0,0.0,0.0,0.0,1.0,33,3,1,5,1,1,54
3300.0,1.0,0.0,0.0,0.0,0.0,0.0,0.0,0.0,50,0,0,4,5,6,47
36840.0,0.0,0.0,0.0,0.0,0.0,0.7504885993485342,0.0,0.0,77,0,0,1,5,5,29
40020.0,0.0,0.0,0.0003748125937031,0.0,0.0,0.0,0.0,0.9996251874062968,61,2,0,4,1,1,48
90878.0,0.8803010629635335,0.0,0.1140319989436387,0.0056669380928277,0.0,0.0,0.0,0.0,32,0,0,2,5,6,11
42772.0,0.0,0.6546338726269522,2.3379781165248292e-05,0.0,0.0,0.3453427475918825,0.0,0.0,76,0,0,1,5,4,37
33701.0,0.5934542001721017,0.0,0.1038544850301178,0.0,0.0,0.3026616420877718,2.9672710008605084e-05,0.0,72,1,0,2,5,4,35
111931.0,0.0,0.0,0.0001876155846012,0.0,0.0,0.0,0.0,0.9998123844153988,63,0,0,2,1,1,22
191831.0,0.5212921790534376,0.0,0.0273678394003054,0.0,0.0,0.0,0.0,0.4513399815462569,39,1,0,3,1,1,1
15000.0,1.0,0.0,0.0,0.0,0.0,0.0,0.0,0.0,54,7,1,13,1,1,6
45000.0,1.0,0.0,0.0,0.0,0.0,0.0,0.0,0.0,25,0,0,4,5,6,10
67004.0,0.8357709987463435,0.0,0.0,0.0,0.0,0.0,0.0,0.1642290012536565,51,1,0,3,1,1,39
70003.0,0.5714040826821708,0.0,0.0,0.0,0.0,0.0,0.0,0.4285959173178292,80,1,0,3,1,1,30
65000.0,1.0,0.0,0.0,0.0,0.0,0.0,0.0,0.0,26,0,0,2,5,6,42
207531.0,0.1349196023726575,0.0,0.0216401405091287,0.0048185572275949,0.5878639817665795,0.1784793597101156,0.0722783584139237,0.0,74,0,0,1,5,5,12
69700.0,0.932568149210904,0.0,0.0157819225251076,0.0,0.0,0.0,0.0,0.0,37,1,0,3,4,6,51
110300.0,0.99728014505893,0.0,0.0027198549410698,0.0,0.0,0.0,0.0,0.0,38,3,1,4,4,3,39
247697.0,0.6055785899708112,0.0,0.0,0.0087889639357763,0.0,0.0779985223882404,0.0,0.307633923705172,73,0,0,2,1,1,34
20000.0,1.0,0.0,0.0,0.0,0.0,0.0,0.0,0.0,42,0,0,3,5,6,34
42030.0,0.7137758743754461,0.0,0.0007137758743754,0.0,0.0,0.0,0.0,0.0,27,1,1,3,4,6,25
45000.0,1.0,0.0,0.0,0.0,0.0,0.0,0.0,0.0,28,0,0,2,5,6,28
285008.0,0.1754336720372761,0.0,1.0526020322236568e-05,0.0,0.0,0.0,0.0,0.8245558019424016,52,2,0,4,1,1,48
28000.0,1.0,0.0,0.0,0.0,0.0,0.0,0.0,0.0,24,0,0,3,5,6,23
1800.0,0.0,0.0,0.1111111111111111,0.0,0.0,0.8888888888888888,0.0,0.0,68,0,0,1,5,6,1
24096.0,0.0,0.0,0.0,0.0,0.0,0.5,0.0,0.0,69,1,0,2,4,4,38
257001.0,0.3968856152310691,0.0,3.891035443441854e-06,0.0,0.0,0.0,0.0,0.6031104937334875,53,0,0,3,1,1,36
24001.0,0.9999583350693722,0.0,4.1664930627890504e-05,0.0,0.0,0.0,0.0,0.0,37,0,0,1,5,6,37
71500.0,1.0,0.0,0.0,0.0,0.0,0.0,0.0,0.0,42,1,1,6,1,1,6
69002.0,0.9999710153328888,0.0,2.898466711109823e-05,0.0,0.0,0.0,0.0,0.0,57,0,0,1,5,6,35
54100.0,0.0,0.0,0.044362292051756,0.0,0.0462107208872458,0.6210720887245841,0.0,0.288354898336414,68,1,0,4,1,1,28
18500.0,1.0,0.0,0.0,0.0,0.0,0.0,0.0,0.0,24,0,0,2,5,6,41
109500.0,0.9771689497716894,0.0,0.0073059360730593,0.0027397260273972,0.0,0.0,0.0,0.0127853881278538,34,2,0,4,1,1,24
300037.0,0.6665844545839347,0.0,0.000123318124098,0.0,0.0,0.0,0.0,0.3332922272919673,60,0,0,2,1,1,6
7200.0,0.0,0.0,0.0,0.0,0.0,0.0,0.0,0.0,46,1,0,2,4,4,25
292012.0,0.2739613440543539,0.0,0.0616447269290303,0.0376696848074736,0.0,0.0,0.0,0.6267242442091421,30,0,0,2,1,1,9
44584.0,0.6728871343979903,0.0,0.0,0.0,0.0,0.0,0.0,0.3271128656020097,61,1,0,3,1,1,49
95467.0,0.0,0.0,7.332376632763154e-05,0.0,0.0,0.126326374558748,0.7018131919930447,0.1717871096818796,67,1,0,3,1,1,48
18000.0,1.0,0.0,0.0,0.0,0.0,0.0,0.0,0.0,20,0,0,4,5,6,40
50000.0,1.0,0.0,0.0,0.0,0.0,0.0,0.0,0.0,50,0,0,1,5,2,19
7000.0,1.0,0.0,0.0,0.0,0.0,0.0,0.0,0.0,41,0,0,1,5,6,22
64011.0,0.0,0.0937338894877442,0.1251503647810532,0.7811157457312025,0.0,0.0,0.0,0.0,28,0,0,2,5,6,25
58361.0,0.6511197546306609,0.0,0.0058429430612909,0.0003426946077003,0.0,0.0,0.0,0.0,23,0,0,2,5,6,6
60001.0,0.9999833336111064,0.0,1.666638889351844e-05,0.0,0.0,0.0,0.0,0.0,28,1,0,3,4,6,4
158573.0,0.4729682858998694,0.0,0.0016143984158715,0.0,0.0,0.0,0.025224975247993,0.5001923404362659,47,1,0,3,1,1,16
214079.0,0.0,0.0,0.0561521681248511,0.1027658014097599,0.0191518084445461,0.0652983244503197,0.0,0.694972416724667,79,0,0,2,1,1,33
241000.0,0.5975103734439834,0.0,0.4024896265560166,0.0,0.0,0.0,0.0,0.0,40,2,0,3,4,3,34
100000.0,0.5,0.0,0.0,0.0,0.0,0.0,0.0,0.5,45,2,1,4,1,1,12
40001.0,0.0,0.0,2.499937501562461e-05,0.0,0.0,0.0,0.0,0.0,67,0,0,1,5,4,56
40001.0,0.9999750006249843,0.0,0.0,2.499937501562461e-05,0.0,0.0,0.0,0.0,51,0,0,1,5,4,51
51000.0,0.0,0.0,0.034313725490196,0.0,0.3627450980392157,0.2598039215686274,0.0,0.0,80,1,0,3,5,3,53
61872.0,0.0,0.0,0.0,0.0,0.0,0.3793638479441427,0.0,0.0,75,0,0,1,5,5,38
73411.0,0.9535355736878668,0.0,0.005326177275885,0.0002724387353393,0.0,0.0,0.0,0.0,24,0,0,1,5,6,8
116351.0,0.5156809997335648,0.0,0.0,0.0,0.0,0.0,0.0,0.4843190002664352,35,3,2,5,1,1,26
15000.0,1.0,0.0,0.0,0.0,0.0,0.0,0.0,0.0,36,0,0,3,4,6,48
52107.0,0.0,0.0,0.0009211814151649,0.0,0.0,0.7348340913888729,0.0,5.757383844780931e-05,73,0,0,3,1,1,10
27185.0,0.9931947765311752,0.0,0.0068052234688247,0.0,0.0,0.0,0.0,0.0,28,0,0,2,5,6,50
100003.0,0.0,0.999970000899973,0.0,0.0,0.0,0.0,0.0,2.999910002699919e-05,40,3,0,5,1,1,32
76677.0,0.9781290347822684,0.0,0.0218709652177315,0.0,0.0,0.0,0.0,0.0,27,0,0,2,5,6,11
42000.0,1.0,0.0,0.0,0.0,0.0,0.0,0.0,0.0,31,2,0,4,4,6,10
209500.0,0.954653937947494,0.0,0.0453460620525059,0.0,0.0,0.0,0.0,0.0,39,0,0,1,5,6,6
44100.0,0.9977324263038548,0.0,0.0022675736961451,0.0,0.0,0.0,0.0,0.0,35,0,0,1,5,6,48
50000.0,1.0,0.0,0.0,0.0,0.0,0.0,0.0,0.0,24,0,0,4,5,6,12
59230.0,0.0,0.0,0.0008610501435083,0.0,0.0,0.2967921661320277,0.0,0.7023467837244639,71,0,0,2,1,1,1
82961.0,0.7835006810428997,0.0,0.0331842673063246,0.0030134641578573,0.0,0.0,0.0361615698942876,0.1441400175986306,67,0,0,2,1,1,33
26001.0,0.7692011845698242,0.0,3.846005922849121e-05,0.0,0.0,0.0,0.0,0.0,23,0,0,3,5,6,42
99430.0,0.0,0.0,0.0125716584531831,0.0,0.0,0.0,0.0,0.9874283415468168,35,2,2,4,1,1,22
107110.0,0.9803006255251612,0.0,0.0,0.0121370553636448,0.0,0.0,0.0,0.0075623191111941,35,3,0,5,1,1,49
25000.0,0.24,0.0,0.0,0.0,0.0,0.0,0.0,0.0,22,0,0,1,5,6,47
180900.0,0.5306799336650083,0.0,0.0132669983416252,0.0,0.0,0.0,0.0,0.4560530679933665,48,2,0,6,1,1,31
41060.0,0.0,0.0,0.0012177301509985,0.0002435460301997,0.0,0.8056502679006332,0.0,0.0,73,0,0,1,5,5,26
42771.0,0.0,0.0,0.0151972130649271,0.0,0.493792522971172,0.0,0.0,0.0421079703537443,61,0,0,2,1,1,5
37780.0,0.4949708840656432,0.0,0.0,0.0,0.0,0.5050291159343568,0.0,0.0,70,0,0,1,5,4,26
96776.0,0.3616599156815739,0.0,1.033314044804497e-05,0.0,0.0,0.0,0.0,0.5561399520542283,60,0,0,2,1,1,30
100040.0,0.9996001599360256,0.0,0.0003998400639744,0.0,0.0,0.0,0.0,0.0,32,0,0,6,5,6,25
32280.0,0.9603469640644362,0.0,0.0,0.0,0.0,0.0,0.0,0.0,61,1,0,2,5,6,13
54000.0,1.0,0.0,0.0,0.0,0.0,0.0,0.0,0.0,48,1,0,2,5,4,1
54460.0,0.0,0.7271391847227323,9.18105031215571e-05,0.0,0.0,0.2727690047741462,0.0,0.0,66,0,0,3,5,4,6
135235.0,0.584168299626576,0.0,0.0041779125226457,0.0,0.0,0.0,0.0,0.4116537878507783,52,3,0,5,1,1,46
65000.0,1.0,0.0,0.0,0.0,0.0,0.0,0.0,0.0,47,1,0,3,5,4,22
24.0,0.0,0.0,0.0,0.0,0.0,0.0,0.0,0.0,63,0,0,2,1,1,26
103291.0,0.0,0.0,0.022073559167788,0.0,0.1355393983986988,0.4647065087955388,0.0,0.141144920661045,78,0,0,2,1,1,1
24000.0,0.0,0.0,0.0,0.0,0.0,0.0,0.0,0.0,65,0,0,2,5,4,41
30000.0,1.0,0.0,0.0,0.0,0.0,0.0,0.0,0.0,49,1,0,2,5,4,4
60640.0,0.6266490765171504,0.0,0.2143799472295514,0.0,0.0824538258575197,0.0,0.0,0.0,65,0,0,1,5,5,26
45884.0,0.5666463255165199,0.0,2.179408944294307e-05,0.0,0.0,0.3203513207218202,0.0,0.0,71,0,0,1,5,5,26
77190.0,0.4016064257028112,0.0,0.0399015416504728,0.0,0.0,0.0336831195750744,0.0,0.454074361963985,70,0,0,2,1,1,48
47000.0,0.6382978723404256,0.0,0.0,0.0,0.0,0.0,0.0,0.3617021276595745,26,1,0,3,1,1,42
103070.0,0.4268943436499466,0.0,0.0185310953720772,0.0,0.0,0.0,0.0,0.5545745609779761,41,3,0,5,1,1,42
45260.0,0.0,0.0,0.0,0.0,0.0,0.0,0.0,1.0,34,0,0,3,1,1,35
191400.0,0.5433646812957158,0.0,0.0966562173458725,0.0,0.0,0.0,0.0,0.3599791013584117,55,0,0,2,1,1,5
60324.0,0.9879981433591936,0.0,0.0120018566408063,0.0,0.0,0.0,0.0,0.0,58,0,0,1,5,4,4
204277.0,0.0,0.0,0.0,0.0,0.0,0.0,0.0,1.0,42,3,0,5,1,1,37
200656.0,0.042361055737182,0.0,0.149659118092656,0.0,0.0,0.0,0.0,0.8079798261701618,41,2,1,5,1,1,49
145075.0,0.7237635705669482,0.0,0.0004135791831811,0.0,0.0,0.0,0.0,0.2758228502498707,47,2,1,4,1,1,48
45602.0,0.2105170825840971,0.7894609885531336,0.0,0.0,0.0,0.0,0.0,0.0,69,0,0,1,5,4,5
220352.0,0.8713331397037467,0.0,0.1270784925936683,0.0015883677025849,0.0,0.0,0.0,0.0,31,0,0,1,5,6,11
29200.0,0.9931506849315068,0.0,0.0068493150684931,0.0,0.0,0.0,0.0,0.0,30,0,0,3,5,6,13
51415.0,0.3889915394340173,0.0,0.0007001847709812,0.0,0.0,0.0968394437420986,0.0,0.0,77,0,0,2,5,5,22
24000.0,1.0,0.0,0.0,0.0,0.0,0.0,0.0,0.0,19,1,0,6,4,6,42
149027.0,0.8253537949499085,0.0,0.0001811752232816,0.0,0.0,0.0,0.0,0.0,48,1,0,2,4,4,44
51675.0,0.0,0.0,0.0003870343492985,0.0,0.0,0.5155297532656024,0.0,0.4840832123850991,62,0,0,2,1,1,51
153774.0,0.4147255062624371,0.0,0.0,0.0,0.0,0.0,0.0,0.5852744937375629,65,0,0,2,1,1,31
43585.0,0.9980497877710222,0.0,0.0019502122289778,0.0,0.0,0.0,0.0,0.0,46,0,0,1,5,6,38
224004.0,0.4107069516615774,0.0,0.0892975125444188,0.0,0.0,0.0,0.0,0.4999955357940037,51,1,0,3,1,1,26
21000.0,0.7142857142857143,0.0,0.0,0.0,0.0,0.0,0.0,0.0,19,0,0,4,5,6,17
28000.0,1.0,0.0,0.0,0.0,0.0,0.0,0.0,0.0,53,1,0,2,5,2,6
65251.0,0.9961533156579976,0.0,0.0038466843420024,0.0,0.0,0.0,0.0,0.0,25,0,0,1,5,6,11
117.0,0.0,0.0,0.0,0.0,0.0,0.0,0.0,0.0,40,2,0,8,4,6,4
6804.0,1.0,0.0,0.0,0.0,0.0,0.0,0.0,0.0,20,0,0,3,5,6,48
63360.0,0.9981060606060606,0.0,0.0018939393939393,0.0,0.0,0.0,0.0,0.0,31,0,0,4,5,6,6
80371.0,0.6221149419566759,0.0,0.0016299411479264,0.0,0.0,0.0,0.0,0.3757574249418322,37,2,1,4,1,1,26
401461.0,0.2989082376619397,0.0,0.0498180396103232,0.0747270594154849,0.0,0.0,0.0,0.576546663312252,36,0,0,2,1,1,6
60350.0,0.9942004971002486,0.0,0.0057995028997514,0.0,0.0,0.0,0.0,0.0,43,0,0,1,5,4,47
105260.0,0.9500285008550255,0.0,0.002280068402052,0.0,0.0,0.0,0.0,0.0476914307429222,43,2,0,4,1,1,12
85000.0,1.0,0.0,0.0,0.0,0.0,0.0,0.0,0.0,33,0,0,3,5,6,33
328211.0,0.6855346103573616,3.0468204904771627e-06,0.3143404700025288,0.000121872819619,0.0,0.0,0.0,0.0,61,0,0,2,5,6,54
82076.0,0.1799795311662361,0.0,0.0152541546859008,0.0036551488863979,0.0,0.2447487694332082,0.0,0.3698035966665042,75,0,0,2,1,1,53
162163.0,0.3577511516190499,0.0,0.0006844964634349,0.0,0.0,0.0,0.0,0.641564351917515,44,4,0,7,1,1,49
45010.0,0.9997778271495223,0.0,0.0002221728504776,0.0,0.0,0.0,0.0,0.0,22,0,0,4,5,6,15
515001.0,0.0,0.7766975209756874,1.9417438024392186e-06,0.0,0.0,0.0,0.0,0.2233005372805101,52,1,0,3,1,1,31
110021.0,0.0,0.9998091273484152,0.0001817834776997,0.0,0.0,0.0,0.0,9.089173884985594e-06,46,2,0,4,1,1,13
70000.0,1.0,0.0,0.0,0.0,0.0,0.0,0.0,0.0,23,0,0,4,5,6,44
130000.0,0.2307692307692307,0.0,0.0,0.0,0.0,0.0,0.0,0.7538461538461538,56,1,0,3,1,1,11
90114.0,0.6658232904987016,0.0,0.0012650642519475,0.3329116452493508,0.0,0.0,0.0,0.0,68,0,0,1,5,6,17
98528.0,0.2283614810003247,0.0,0.0,0.0,0.0,0.0,0.0,0.7716385189996752,46,1,0,4,1,1,27
78371.0,0.0,0.0,0.0086894386954358,0.0,0.0,0.0,0.0,0.9913105613045642,64,0,0,2,1,1,16
175001.0,0.9999942857469386,0.0,5.714253061411077e-06,0.0,0.0,0.0,0.0,0.0,47,2,0,4,1,1,6
140210.0,0.5705727123600314,0.0,0.0014264317809,0.0,0.0,0.0,0.0,0.4280008558590685,46,0,0,2,1,1,38
86075.0,0.9991286668602962,0.0,0.0008713331397037,0.0,0.0,0.0,0.0,0.0,48,1,0,2,4,6,31
29000.0,1.0,0.0,0.0,0.0,0.0,0.0,0.0,0.0,36,2,0,3,4,6,17
15000.0,1.0,0.0,0.0,0.0,0.0,0.0,0.0,0.0,25,0,0,8,5,2,51
22100.0,1.0,0.0,0.0,0.0,0.0,0.0,0.0,0.0,27,3,2,6,4,6,34
49000.0,0.8979591836734694,0.0,0.0204081632653061,0.0,0.0,0.0,0.0,0.0,28,0,0,1,5,6,46
7500.0,0.0,1.0,0.0,0.0,0.0,0.0,0.0,0.0,40,0,0,1,5,2,39
174216.0,0.5166000826560132,0.0,1.1480001836800294e-05,0.0,0.0,0.0,0.0,0.48338843734215,48,1,0,4,1,1,25
1441972.0,0.0069349474192286,0.0554795793538293,3.814221080575767e-05,0.0,0.0,0.0,0.083219369030744,0.8543279619853922,37,0,0,2,1,1,51
17005.0,0.9997059688326962,0.0,0.0002940311673037,0.0,0.0,0.0,0.0,0.0,39,1,0,4,5,6,36
35000.0,1.0,0.0,0.0,0.0,0.0,0.0,0.0,0.0,26,0,0,2,5,6,53
2000.0,1.0,0.0,0.0,0.0,0.0,0.0,0.0,0.0,46,0,0,1,5,6,6
271025.0,0.0479660547919933,0.0,0.014389816437598,0.0,0.0,0.0,0.0,0.9376441287704086,45,0,0,2,1,1,11
74300.0,0.971736204576043,0.0,0.0013458950201884,0.0,0.0,0.0,0.0,0.0,41,3,0,4,4,6,53
77651.0,0.0,0.0,0.0001287813421591,0.0,0.0,0.364708760994707,0.0,0.3106334754220808,74,1,0,3,1,1,6
60481.0,0.9920470891684992,0.0,0.0079529108315008,0.0,0.0,0.0,0.0,0.0,43,2,0,3,4,6,30
1095250.0,0.8673818762839535,0.0,0.1189226204062999,0.0,0.0,0.0,0.0136955033097466,0.0,42,1,0,2,4,6,20
30002.0,1.0,0.0,0.0,0.0,0.0,0.0,0.0,0.0,54,0,0,6,5,6,12
44200.0,0.9049773755656108,0.0,0.0,0.0,0.0,0.0,0.0,0.0,40,4,0,5,4,6,36
40001.0,0.9999750006249843,0.0,2.499937501562461e-05,0.0,0.0,0.0,0.0,0.0,32,0,0,3,1,1,23
25000.0,0.0,0.0,0.0,0.0,0.0,0.0,0.0,1.0,35,2,0,4,1,1,54
109026.0,0.0,0.0,0.0027516372241483,0.0,0.0330196466897804,0.2465466952836938,0.0,0.7176820208023774,73,0,0,2,1,1,48
164382.0,0.3467532941562944,0.1095010402598824,0.0083889963621321,0.006083391125549,0.0,0.0,0.0,0.4501891934640046,55,0,0,2,1,1,1
3820.0,0.9947643979057592,0.0,0.0052356020942408,0.0,0.0,0.0,0.0,0.0,24,0,0,2,5,6,56
25000.0,1.0,0.0,0.0,0.0,0.0,0.0,0.0,0.0,37,0,0,1,5,6,33
59000.0,0.9830508474576272,0.0,0.0169491525423728,0.0,0.0,0.0,0.0,0.0,45,0,0,1,5,4,20
304002.0,0.0131578081723146,0.0,0.0,0.0,0.0,0.0,0.0,0.9868421918276852,31,3,1,5,1,1,4
29000.0,1.0,0.0,0.0,0.0,0.0,0.0,0.0,0.0,26,0,0,1,5,6,37
43000.0,1.0,0.0,0.0,0.0,0.0,0.0,0.0,0.0,23,0,0,1,5,6,47
20480.0,0.84375,0.0,0.0,0.0,0.0,0.0,0.0,0.0,24,0,0,3,5,6,48
64905.0,0.9860565441799554,0.0,0.0139434558200446,0.0,0.0,0.0,0.0,0.0,32,0,0,1,5,6,50
36000.0,1.0,0.0,0.0,0.0,0.0,0.0,0.0,0.0,28,0,0,3,5,6,18
48086.0,0.4159214740257039,0.0,0.0017884623383105,0.0,0.0,0.0,0.0,0.0,31,2,2,3,4,6,18
61761.0,0.3885947442560839,0.0,0.0307637505869399,0.0809572383866841,0.0,0.0,0.0042259678437849,0.495458298926507,62,0,0,2,1,1,6
77556.0,0.5802259012842333,0.0,0.0299783382330187,0.0008381040796327,0.0,0.2011449791118675,0.0,0.1878126772912476,68,1,0,3,1,1,55
20014.0,0.99930048965724,0.0,0.00069951034276,0.0,0.0,0.0,0.0,0.0,26,0,0,4,5,6,6
19250.0,0.0,0.0,0.148051948051948,0.0,0.0259740259740259,0.7792207792207793,0.0,0.0,73,1,0,3,4,4,27
21400.0,0.9345794392523364,0.0,0.0654205607476635,0.0,0.0,0.0,0.0,0.0,30,2,0,4,4,6,51
65101.0,0.8294803459240258,0.0,0.0307368550406291,0.0,0.0,0.0,0.0,0.139782799035345,62,3,0,5,1,1,6
138521.0,0.4692429306747713,0.0,0.0036167801272009,0.0,0.0,0.0,0.0,0.5271402891980277,52,3,0,5,1,1,41
40000.0,1.0,0.0,0.0,0.0,0.0,0.0,0.0,0.0,80,0,0,1,5,4,48
29000.0,0.0,1.0,0.0,0.0,0.0,0.0,0.0,0.0,44,0,0,1,5,6,28
56428.0,0.0,0.9746934146168568,0.0,0.0,0.0,0.0253065853831431,0.0,0.0,67,0,0,1,5,6,6
43100.0,0.9976798143851509,0.0,0.0023201856148491,0.0,0.0,0.0,0.0,0.0,35,1,1,6,5,4,4
208156.0,0.4131516747055093,0.0960817848152347,9.608178481523472e-05,0.0,0.0,0.0,0.0,0.394588673879206,37,2,1,4,1,1,31
140934.0,0.0,0.0,0.0007237430286517,0.0,0.0212865596662267,0.2128655966622674,0.0,0.6232137028680091,69,0,0,2,1,1,42
24000.0,1.0,0.0,0.0,0.0,0.0,0.0,0.0,0.0,27,0,0,2,5,6,48
45015.0,0.9996667777407532,0.0,0.0003332222592469,0.0,0.0,0.0,0.0,0.0,25,0,0,2,5,6,6
220901.0,0.3395186078831694,0.0,0.012222669883794,0.0,0.0,0.0,0.0,0.2354040950471025,43,2,0,4,1,1,48
40001.0,0.9999750006249843,0.0,2.499937501562461e-05,0.0,0.0,0.0,0.0,0.0,29,0,0,1,5,6,5
68901.0,0.8708146471023642,0.0,0.0043685868129635,0.0029027154903412,0.0,0.0,0.121914050594331,0.0,25,0,0,1,5,6,46
8275.0,0.0,0.0,0.0001208459214501,0.0,0.0,0.4198187311178247,0.0,0.0,64,1,0,3,4,4,26
49400.0,0.48582995951417,0.0,0.0,0.0,0.0,0.0,0.0283400809716599,0.48582995951417,44,2,0,4,1,1,36
57005.0,0.9999122883957547,0.0,8.771160424524164e-05,0.0,0.0,0.0,0.0,0.0,29,0,0,1,5,6,47
33220.0,0.8428657435279951,0.0,0.0,0.0,0.0,0.0,0.0,0.0,57,0,0,3,4,4,29
48123.0,0.9974440496228416,0.0,0.0017663071712071,0.0,0.0,0.0,0.0,0.0007896432059514,52,1,0,3,1,1,6
191137.0,0.497025693612435,0.0,6.80140422838069e-05,0.0,0.0,0.0,0.0,0.5029062923452812,51,2,0,4,1,1,33
117717.0,0.936143462711418,0.0,0.0128868387743486,0.0509696985142332,0.0,0.0,0.0,0.0,56,0,0,3,5,6,46
118663.0,0.0,0.0,0.0876431575132939,0.0050563360103823,0.5899058678779401,0.2752585051785308,0.0421361334198528,0.0,80,2,0,3,4,5,4
8000.0,1.0,0.0,0.0,0.0,0.0,0.0,0.0,0.0,25,0,0,3,5,6,30
50010.0,0.0,0.0,0.0001999600079984,0.0,0.0,0.0,0.0,0.0,55,0,0,2,5,4,17
57297.0,0.0,0.0,0.0001745292074628,0.0,0.0,0.5581269525455085,0.0,0.3313262474475103,85,0,0,2,1,1,42
51202.0,0.0,0.0,0.0011718292254208,0.0,0.0,0.5540017968048123,0.0,0.0,36,0,0,2,5,6,8
42000.0,1.0,0.0,0.0,0.0,0.0,0.0,0.0,0.0,56,0,0,2,5,4,41
125685.0,0.0,0.0,3.9781994669212715e-05,0.0,0.0,0.0,0.0,0.9999602180053307,39,0,0,2,1,1,24
24000.0,0.0,1.0,0.0,0.0,0.0,0.0,0.0,0.0,60,0,0,2,5,6,50
40708.0,0.3856735776751498,0.0,9.826078412105728e-05,0.0,0.0,0.0,0.0,0.6142281615407291,58,1,0,3,1,1,48
48801.0,0.0,0.0,4.098276674658306e-05,0.0,0.0,0.1880904079834429,0.0,0.3200754082908137,85,0,0,2,1,1,25
120010.0,0.9999166736105324,0.0,8.332638946754438e-05,0.0,0.0,0.0,0.0,0.0,38,2,0,4,1,1,42
80000.0,1.0,0.0,0.0,0.0,0.0,0.0,0.0,0.0,36,0,0,1,5,6,6
20080.0,0.99601593625498,0.0,0.0,0.0,0.0,0.0,0.0,0.0,36,1,0,2,4,6,30
18000.0,0.0,1.0,0.0,0.0,0.0,0.0,0.0,0.0,52,0,0,1,5,2,6
149255.0,0.3483970386251717,0.0,0.1675119761482027,0.0,0.0,0.0,0.0,0.4840909852266256,44,0,0,2,1,1,11
70003.0,0.9999571446937988,0.0,4.285530620116281e-05,0.0,0.0,0.0,0.0,0.0,27,0,0,2,5,6,37
26200.0,0.0,0.0,0.0,0.0,0.0,0.0,0.0,1.0,62,0,0,3,1,1,6
130200.0,0.4224270353302611,0.0,0.0007680491551459,0.0,0.0,0.0,0.0,0.5768049155145929,46,2,0,4,1,1,17
217103.0,0.5619452517929278,0.0,9.212217242507011e-06,0.0,0.0,0.0,0.0,0.4380455359898297,48,2,0,4,1,1,6
54030.0,0.9809365167499536,0.0,0.0190634832500462,0.0,0.0,0.0,0.0,0.0,35,0,0,1,5,6,38
100000.0,1.0,0.0,0.0,0.0,0.0,0.0,0.0,0.0,50,0,0,1,5,6,25
30011.0,0.9996334677284996,0.0,0.0003665322715004,0.0,0.0,0.0,0.0,0.0,46,0,0,1,5,6,1
102500.0,0.4878048780487805,0.0,0.0029268292682926,0.0,0.0,0.0,0.0,0.5092682926829268,67,0,0,2,1,1,48
195007.0,0.4871619993128452,0.0,0.5128380006871548,0.0,0.0,0.0,0.0,0.0,52,0,0,1,5,6,46
41000.0,0.3902439024390244,0.0,0.0,0.0,0.0,0.0,0.0,0.6097560975609756,30,2,0,4,1,1,45
80820.0,0.8661222469685721,0.0,0.0002474634991338,0.0,0.0,0.0,0.0,0.0,80,1,0,2,5,5,11
86402.0,0.6481331450660864,0.0,0.0046526700770815,0.0,0.0,0.0,0.0,0.347214184856832,26,1,1,3,1,1,29
29480.0,0.0,0.0,0.033955223880597,0.0,0.0,0.0,0.0,0.558989145183175,85,0,0,2,1,1,15
40001.0,0.9999750006249843,0.0,2.499937501562461e-05,0.0,0.0,0.0,0.0,0.0,25,0,0,4,5,6,6
41829.0,0.4379736546415166,0.0,2.390685887781205e-05,0.0,0.0,0.5620024384996055,0.0,0.0,75,1,0,2,4,5,20
71000.0,0.9859154929577464,0.0,0.0140845070422535,0.0,0.0,0.0,0.0,0.0,31,0,0,2,5,6,35
10200.0,1.0,0.0,0.0,0.0,0.0,0.0,0.0,0.0,26,1,0,2,5,6,28
30000.0,0.0,1.0,0.0,0.0,0.0,0.0,0.0,0.0,59,0,0,2,5,4,49
25000.0,1.0,0.0,0.0,0.0,0.0,0.0,0.0,0.0,31,0,0,2,5,3,10
60012.0,0.0,0.0,0.033993201359728,0.0,0.2499500099980004,0.0761847630473905,0.0,0.0,78,0,0,1,5,5,19
55009.0,0.9816575469468632,0.0,0.0183424530531367,0.0,0.0,0.0,0.0,0.0,66,0,0,1,5,6,55
42313.0,0.9453359487627916,0.0,2.363339871906979e-05,0.0236333987190697,0.0,0.0,0.0,0.0,24,0,0,7,5,6,2
101815.0,0.0,0.0,0.0541275843441536,0.0,0.0,0.2387762117566174,0.0036831508127486,0.1076265776162647,78,0,0,2,1,1,48
200000.0,1.0,0.0,0.0,0.0,0.0,0.0,0.0,0.0,51,0,0,3,5,6,34
151936.0,0.1711246840775063,0.0,0.1974515585509688,0.0658171861836562,0.0,0.249730149536647,0.0,0.3158764216512215,73,0,0,2,1,1,1
45502.0,0.9889675179113006,0.0,4.3954111907168915e-05,0.0,0.0,0.0,0.0,0.0,29,3,0,5,5,6,46
31001.0,0.7741685752072514,0.0,3.225702396696881e-05,0.0,0.0,0.0,0.0,0.0,41,0,0,2,5,4,6
42130.0,0.9969143128412058,0.0,0.0030856871587942,0.0,0.0,0.0,0.0,0.0,76,0,0,1,5,5,42
35000.0,1.0,0.0,0.0,0.0,0.0,0.0,0.0,0.0,52,2,0,6,5,4,12
30000.0,1.0,0.0,0.0,0.0,0.0,0.0,0.0,0.0,31,1,1,3,5,2,51
501.0,0.0,0.0,0.0,0.0,0.0,0.0,0.0,0.0,54,1,0,2,5,3,4
36938.0,0.0,0.0,0.0008121717472521,0.0,0.0,0.0,0.5414478315014348,0.457739996751313,72,0,0,2,1,1,36
30918.0,0.5821851348728896,0.0,0.0001940617116242,0.0,0.0,0.4176208034154861,0.0,0.0,64,0,0,2,5,4,23
66400.0,0.6024096385542169,0.0,0.0,0.0,0.0,0.0,0.0,0.0,40,2,0,3,4,4,36
36040.0,0.0,0.0,0.0005549389567147,0.0,0.0,0.0,0.0,0.0005549389567147,85,1,0,3,1,1,6
53097.0,0.0,0.0,0.0038608584289131,0.0255381659980789,0.0,0.3186620713034634,0.0,0.0,80,0,0,1,5,4,35
89200.0,0.7062780269058296,0.0,0.0,0.0,0.0,0.0,0.0,0.2937219730941704,55,2,0,4,1,1,16
21760.0,0.9650735294117648,0.0,0.0349264705882352,0.0,0.0,0.0,0.0,0.0,44,1,0,2,4,4,5
142600.0,0.9817671809256662,0.0,0.0140252454417952,0.0042075736325385,0.0,0.0,0.0,0.0,33,0,0,2,5,6,34
36001.0,0.9999722229938056,0.0,2.777700619427238e-05,0.0,0.0,0.0,0.0,0.0,53,0,0,1,5,6,30
30000.0,1.0,0.0,0.0,0.0,0.0,0.0,0.0,0.0,38,0,0,1,5,2,34
46653.0,0.0,0.0,0.4029751570102673,2.143484877714188e-05,0.0,0.5272972799176902,0.0,0.0,71,0,0,1,5,5,36
200500.0,0.9975062344139652,0.0,0.0,0.0024937655860349,0.0,0.0,0.0,0.0,40,2,2,4,1,1,2
114176.0,0.5955717488789237,0.0,0.0453335201793722,0.0262752242152466,0.0,0.0,0.0,0.3328195067264574,49,0,0,2,1,1,25
11000.0,1.0,0.0,0.0,0.0,0.0,0.0,0.0,0.0,61,0,0,2,5,4,4
43145.0,0.4542820720825125,0.0,0.3592536794530073,0.0,0.069532970216711,0.0,0.0,0.0,60,0,0,2,5,4,54
22501.0,0.8666281498600062,0.0,0.0,0.0,0.0,0.0,0.0,0.1333718501399937,32,2,1,6,1,1,12
75050.0,0.9993337774816788,0.0,0.0006662225183211,0.0,0.0,0.0,0.0,0.0,46,0,0,1,5,6,42
94651.0,0.0,0.0,0.0036555345426884,0.0,0.0,0.2932457131990153,0.0,0.2973978087923001,67,0,0,2,1,1,12
186612.0,0.8927614515679592,0.0,0.0540854821769232,0.0061625190234282,0.0,0.0,0.0,0.0469905472316892,49,1,0,3,1,1,37
42000.0,0.0,0.0,0.0,0.0,0.0,0.0,0.0,1.0,31,0,0,2,1,1,12
118519.0,0.0777596841012833,0.0,0.0,0.0,0.0,0.0,0.0,0.4928745601970992,63,0,0,2,1,1,46
103000.0,1.0,0.0,0.0,0.0,0.0,0.0,0.0,0.0,23,0,0,3,5,6,26
22880.0,0.3496503496503496,0.0,0.0,0.0,0.0,0.6503496503496503,0.0,0.0,80,0,0,3,5,5,32
649495.0,0.4541990315552852,0.0,0.0169285367862724,0.0038491443352142,0.0,0.0,0.0,0.525023287323228,51,2,0,4,1,1,34
44188.0,0.0,0.0,0.0195980809269484,0.0045261156875169,0.0339458676563773,0.0453290486104824,0.0,0.8966008871186748,75,0,0,2,1,1,6
39001.0,0.9999743596318044,0.0,2.564036819568729e-05,0.0,0.0,0.0,0.0,0.0,23,0,0,4,5,6,11
35000.0,1.0,0.0,0.0,0.0,0.0,0.0,0.0,0.0,30,0,0,1,5,2,12
300052.0,0.9998266967059044,0.0,8.665164704784504e-05,0.0,0.0,0.0,0.0,8.665164704784504e-05,39,3,0,5,1,1,41
754500.0,0.8674618952948973,0.0,0.0463883366467859,0.0,0.0,0.0,0.0,0.0861497680583167,54,1,0,3,1,1,38
65487.0,0.0,0.0,0.0046574129216485,0.0,0.0,0.0,0.0,0.9953425870783514,60,0,0,2,1,1,47
169771.0,0.9542265757991648,0.0,0.0089473467199934,0.0294514375246655,0.0,0.0,0.0058902875049331,0.0014843524512431,49,3,0,5,1,1,56
90075.0,0.9991673605328892,0.0,0.0008326394671107,0.0,0.0,0.0,0.0,0.0,25,0,0,2,5,6,25
148804.0,0.0,0.2419289804037525,0.01884357947367,0.0,0.0,0.0,0.7392274401225774,0.0,59,0,0,2,5,6,51
120764.0,0.9108674770627008,0.0,0.064290682653771,0.0248418402835282,0.0,0.0,0.0,0.0,54,0,0,1,5,6,20
55312.0,0.2169511136823835,0.0,1.8079259473531963e-05,0.0,0.0,0.0,0.0,0.7830308070581429,38,2,0,4,1,1,13
54468.0,0.0,0.0,0.0067929793640302,0.0,0.0,0.4769589483733568,0.0,0.4428104575163398,66,0,0,2,1,1,47
208120.0,0.4804920238324043,0.0,0.0005765904285988,0.0,0.0,0.0,0.0,0.4804920238324043,38,0,0,2,1,1,6
96755.0,0.6407937574285567,0.0,0.1938091054725854,0.1653661309493049,0.0,0.0,0.0,3.100614955299468e-05,39,0,0,2,1,1,27
32479.0,0.0,0.0,0.0153945626404753,0.0,0.2216817020228455,0.7629237353366791,0.0,0.0,74,0,0,1,5,4,41
55626.0,0.7550426059756229,0.0,1.7977204904181497e-05,0.0,0.0,0.1586488332794017,0.0,0.0,44,2,0,3,4,6,48
4400.0,0.8181818181818182,0.0,0.0,0.0,0.0,0.0,0.0,0.0,60,0,0,2,5,6,53
43000.0,0.0,0.0,0.0,0.0,0.0,0.0,0.0,1.0,33,0,0,5,1,1,48
30000.0,1.0,0.0,0.0,0.0,0.0,0.0,0.0,0.0,22,0,0,8,5,6,16
117560.0,0.6039469207213338,0.0,0.0427866621299761,0.0,0.0,0.0,0.0,0.35326641714869,25,1,1,3,1,1,20
3000.0,0.0,1.0,0.0,0.0,0.0,0.0,0.0,0.0,37,0,0,3,5,6,2
66525.0,0.977076287110109,0.0,0.022923712889891,0.0,0.0,0.0,0.0,0.0,28,0,0,1,5,6,49
39624.0,0.0,0.0,0.1293155663234403,0.0,0.116596002422774,0.4209569957601454,0.0,0.0,80,0,0,1,5,5,22
10003.0,0.999700089973008,0.0,0.0001999400179946,0.0,0.0,0.0,0.0,9.99700089973008e-05,69,1,0,6,1,1,6
458502.0,0.0,0.087240622723565,0.0021810155680891,2.181015568089125e-06,0.0,0.0,2.181015568089125e-06,0.9105739996772096,48,2,0,4,1,1,6
50140.0,0.9541284403669724,0.0,0.0398883127243717,0.0059832469086557,0.0,0.0,0.0,0.0,22,0,0,3,5,6,12
46100.0,0.9978308026030368,0.0,0.0021691973969631,0.0,0.0,0.0,0.0,0.0,27,0,0,5,5,6,25
29000.0,0.896551724137931,0.0,0.0,0.0,0.0,0.0,0.0,0.1034482758620689,55,0,0,6,1,1,6
81605.0,0.0,0.7353103363764475,0.0,0.0,0.0,0.0,0.0,0.2646896636235524,61,0,0,2,1,1,6
165700.0,0.7845503922751962,0.1267350633675316,0.0525045262522631,0.0,0.0,0.0,0.0,0.0,47,2,0,3,4,4,8
41723.0,0.0,0.0,0.0,0.0,0.0,0.5473000503319512,0.0,0.0,66,0,0,1,5,4,33
68000.0,0.0,0.0,0.0,0.0,0.0,0.0,0.0,1.0,42,4,1,6,1,1,8
35010.0,0.9997143673236218,0.0,0.0002856326763781,0.0,0.0,0.0,0.0,0.0,46,0,0,1,5,6,31
45000.0,1.0,0.0,0.0,0.0,0.0,0.0,0.0,0.0,44,0,0,2,5,4,16
109135.0,0.0,0.0,0.357355568790947,0.1832592660466394,0.0,0.0,0.0,0.0470518165574746,59,0,0,2,1,1,41
53096.0,0.0,0.0,0.0094169052282657,0.0,0.400934156998644,0.5896489377730902,0.0,0.0,68,0,0,1,5,4,8
30000.0,1.0,0.0,0.0,0.0,0.0,0.0,0.0,0.0,23,0,0,6,5,6,41
10000.0,0.0,0.0,0.0,0.0,0.0,0.0,1.0,0.0,32,0,0,1,5,6,6
76200.0,0.958005249343832,0.0131233595800524,0.0013123359580052,0.0144356955380577,0.0,0.0,0.0,0.0,54,2,0,5,4,4,31
100002.0,0.0,0.0,0.0,0.0,0.0,0.0,0.0,1.0,34,2,1,4,1,1,36
8011.0,0.9986268880289602,0.0,0.0013731119710398,0.0,0.0,0.0,0.0,0.0,15,0,0,6,4,6,10
109956.0,0.0,0.0,2.728364072901888e-05,0.0,0.0,0.0,0.0,0.999972716359271,45,2,1,4,1,1,26
46000.0,1.0,0.0,0.0,0.0,0.0,0.0,0.0,0.0,54,0,0,3,5,6,16
80024.0,0.0,0.0,0.0163076077176846,0.0,0.1520543836848945,0.4461161651504549,0.0,0.3855218434469659,75,1,0,3,1,1,24
107250.0,0.0,0.0,0.0007459207459207,0.0,0.0,0.0,0.0,0.0,65,0,0,2,5,4,1
239825.0,0.0,0.0,0.1419159804023767,0.0062545606171166,0.0205649953090795,0.0650474304180131,0.0,0.766217033253414,80,1,0,3,1,1,39
52243.0,0.0,0.0,0.0,0.0,0.0,0.3594548551959114,0.0,0.2577187374385085,85,0,0,2,1,1,54
119500.0,0.8577405857740585,0.0,0.1422594142259414,0.0,0.0,0.0,0.0,0.0,35,0,0,1,5,6,6
20000.0,1.0,0.0,0.0,0.0,0.0,0.0,0.0,0.0,30,0,0,3,5,6,8
28199.0,0.0,0.0,0.0659952480584417,0.0,0.0,0.3807936451647221,0.0,0.0,72,0,0,1,5,6,36
147142.0,0.2174769950116214,0.0,0.0009582580092699,0.0,0.0,0.0,0.0,0.7815647469791086,47,0,0,2,1,1,40
98926.0,0.5559711299355073,0.0,0.0012736793158522,0.0,0.2021713199765481,0.0,0.0,0.2405838707720922,63,0,0,2,1,1,20
43200.0,0.0,0.0,0.0,0.0,0.0,0.3611111111111111,0.0,0.3055555555555556,61,0,0,5,1,1,6
80000.0,1.0,0.0,0.0,0.0,0.0,0.0,0.0,0.0,29,0,0,2,1,1,1
25000.0,1.0,0.0,0.0,0.0,0.0,0.0,0.0,0.0,29,0,0,4,5,6,26
21000.0,1.0,0.0,0.0,0.0,0.0,0.0,0.0,0.0,57,1,0,3,5,4,54
36060.0,0.9983361064891848,0.0,0.0016638935108153,0.0,0.0,0.0,0.0,0.0,50,2,0,4,5,6,29
40964.0,0.0,0.0,0.0396445659603554,0.0082999707059857,0.0,0.0732350356410506,0.0,0.0,74,0,0,1,5,5,45
123710.0,0.9700105084471748,0.0,0.0299894915528251,0.0,0.0,0.0,0.0,0.0,45,1,1,2,4,4,55
65020.0,0.9996924023377424,0.0,0.0003075976622577,0.0,0.0,0.0,0.0,0.0,24,0,0,2,5,4,40
96440.0,0.9954375777685608,0.0,0.0045624222314392,0.0,0.0,0.0,0.0,0.0,31,0,0,1,5,6,27
35505.0,0.9857766511758908,0.0,0.0001408252358822,0.0,0.0,0.0,0.0,0.0,20,0,0,1,5,6,17
27040.0,0.0,0.3698224852071006,0.0,0.0,0.0,0.6301775147928994,0.0,0.0,67,0,0,1,5,4,26
5000.0,1.0,0.0,0.0,0.0,0.0,0.0,0.0,0.0,47,3,0,4,4,6,32
11719.0,1.0,0.0,0.0,0.0,0.0,0.0,0.0,0.0,22,1,1,4,4,6,12
46000.0,0.0,0.0,0.0,0.0,0.0,0.0,0.0,1.0,38,4,0,6,1,1,40
78000.0,0.3461538461538461,0.0,0.0,0.0,0.0,0.0,0.0,0.6538461538461539,66,3,3,5,1,1,6
343015.0,0.4518752824220515,0.0,0.4898182295234902,0.0583064880544582,0.0,0.0,0.0,0.0,42,1,0,3,5,4,27
21000.0,1.0,0.0,0.0,0.0,0.0,0.0,0.0,0.0,22,0,0,5,5,6,4
44450.0,0.935883014623172,0.0,0.0078740157480314,0.0,0.0,0.0,0.0,0.0,23,0,0,1,5,6,5
182250.0,0.9218106995884774,0.0,0.0781893004115226,0.0,0.0,0.0,0.0,0.0,52,0,0,2,5,5,51
75106.0,0.0,0.0,0.1345564934892019,0.0665725774239075,0.2236838601443293,0.3515032087982318,0.1997177322717226,0.0,75,0,0,1,5,4,16
238001.0,0.0453779605968042,0.0,0.0848735929680967,0.0063024945273339,0.0,0.0,0.0,0.4958004378132865,53,2,0,4,1,1,5
36000.0,0.0,0.0,0.0,0.0,0.0,0.0,1.0,0.0,74,0,0,1,5,6,6
52002.0,0.9999615399407716,0.0,3.846005922849121e-05,0.0,0.0,0.0,0.0,0.0,43,2,0,3,5,6,25
260227.0,0.4227078665933973,0.0,0.0004073366714445,0.0,0.0,0.0,0.0,0.5768847967351581,40,2,0,4,1,1,35
129532.0,0.3798289225828367,0.0015440200104993,0.016212210110243,0.0,0.0,0.0,0.0,0.602183244294846,47,2,0,4,1,1,50
75100.0,0.9986684420772304,0.0,0.0013315579227696,0.0,0.0,0.0,0.0,0.0,29,0,0,1,5,6,36
40285.0,0.9432791361548964,0.0,0.0002482313516197,0.0,0.0,0.0,0.0,0.0,61,0,0,1,5,4,48
235201.0,0.4209165777356389,0.0,0.0852717462935956,0.0002125841301695,0.0,0.0,0.0,0.4935990918405959,48,2,0,4,1,1,31
50254.0,0.9949456759660924,0.0,0.0050344251203884,0.0,0.0,0.0,1.9898913519321845e-05,0.0,23,0,0,1,5,6,55
51000.0,0.9803921568627452,0.0,0.0196078431372549,0.0,0.0,0.0,0.0,0.0,27,0,0,1,5,6,31
11260.0,0.0,0.0,0.1429840142095914,0.0044404973357015,0.0,0.4262877442273534,0.0,0.0,67,0,0,1,5,5,9
400071.0,0.4999112657503293,0.0,1.2497781643758232e-05,0.0,0.0,0.0,0.0,0.5000762364680269,57,0,0,2,1,1,51
37001.0,0.9999729737034134,0.0,2.702629658657874e-05,0.0,0.0,0.0,0.0,0.0,49,0,0,5,5,4,18
57610.0,0.0,0.0,0.000173580975525,0.0,0.0,0.0,0.0,0.0,60,0,0,2,5,4,15
84600.0,0.0307328605200945,0.0,0.0,0.0,0.0,0.0,0.0,0.9692671394799054,46,3,1,5,1,1,48
36033.0,0.0,0.0,0.0280576138539671,0.0,0.421835539644215,0.4995420864207809,0.0,0.0505647600810368,68,0,0,2,1,1,12
73000.0,0.9863013698630136,0.0,0.0136986301369863,0.0,0.0,0.0,0.0,0.0,30,0,0,1,5,6,32
10000.0,1.0,0.0,0.0,0.0,0.0,0.0,0.0,0.0,46,0,0,1,5,2,42
70000.0,0.3571428571428571,0.0,0.0,0.0,0.0,0.0,0.0,0.6428571428571429,68,2,0,6,1,1,29
76011.0,0.986699293523306,0.0,0.0133007064766941,0.0,0.0,0.0,0.0,0.0,32,0,0,2,5,4,24
217025.0,0.7326344891141574,0.0,0.198133855546596,0.0322543485773528,9.215528164957954e-05,0.0,0.0,0.0368851514802442,62,0,0,2,1,1,8
84101.0,0.0,0.0,0.0713427902165253,0.0,0.7134279021652536,0.0,1.189046503608756e-05,0.0,65,0,0,2,5,5,2
88000.0,1.0,0.0,0.0,0.0,0.0,0.0,0.0,0.0,25,0,0,1,5,6,17
234162.0,0.0,0.0,0.4302918492325825,0.0,0.0,0.0,0.0,0.5697081507674174,53,1,0,3,1,1,30
20272.0,0.0,0.0,0.0007892659826361,0.0,0.0,0.8642462509865825,0.0,0.0,77,0,0,1,5,4,10
89868.0,0.712155605999911,0.0,0.0042729336359994,0.0,0.0,0.2835714603640895,0.0,0.0,76,0,0,1,5,4,9
50000.0,0.0,0.4,0.0,0.0,0.0,0.0,0.0,0.6,43,3,0,5,1,1,48
152142.0,0.854464907783518,0.0,0.1375096948902998,0.0009859210474425,0.0,0.0,0.0,0.0070394762787395,38,5,0,7,1,1,55
40660.0,0.9591736350221348,0.0,0.0036891293654697,0.0001229709788489,0.0,0.0,0.0,0.0370142646335464,21,0,0,2,1,1,12
9400.0,0.7446808510638298,0.0,0.0,0.0,0.0,0.0,0.0,0.1276595744680851,68,0,0,2,1,1,48
852821.0,0.0,0.0,0.1172567279651884,0.0026969317125164,0.0,0.0,0.4690316021767756,0.2351255421712176,67,0,0,2,1,1,20
49345.0,0.1843347856925727,0.0,0.0107204377343195,0.0,0.0,0.0753875772621339,0.0,0.0,74,0,0,1,5,4,6
2000.0,1.0,0.0,0.0,0.0,0.0,0.0,0.0,0.0,19,0,0,3,5,6,12
57400.0,0.0,0.0418118466898954,0.0,0.0,0.0,0.0,0.0,0.9581881533101044,66,0,0,2,1,1,48
20001.0,0.999950002499875,0.0,4.999750012499375e-05,0.0,0.0,0.0,0.0,0.0,22,1,1,3,4,6,5
125039.0,0.0,0.0,0.0639800382280728,0.1981781684114556,0.0,0.0,0.0,0.7378417933604715,69,0,0,2,1,1,29
186671.0,0.0685698367716463,0.0,0.0709858521141473,0.0,0.0,0.0,0.0,0.3943837018069223,58,0,0,2,1,1,6
38419.0,0.9998698560608033,0.0,0.0001301439391967,0.0,0.0,0.0,0.0,0.0,23,0,0,2,5,6,25
154090.0,0.0,0.0,0.2286975144396132,0.0195924459731325,0.0,0.2207605944577844,0.0,0.0,73,0,0,1,5,4,49
22000.0,1.0,0.0,0.0,0.0,0.0,0.0,0.0,0.0,57,0,0,1,5,6,37
60000.0,1.0,0.0,0.0,0.0,0.0,0.0,0.0,0.0,40,0,0,1,5,6,6
202053.0,0.4949196497948558,0.0,0.060800878977298,0.2375614319015307,0.0,0.1879655337955882,0.0,0.018752505530727,71,0,0,2,1,1,30
124119.0,0.4028392107574183,0.0,0.0324043861133267,0.0,0.0,0.0,0.0,0.081349350220353,57,0,0,2,1,1,5
675360.0,0.5182421227197347,0.0,0.0074182658137882,0.0,0.0,0.0,0.0,0.4743396114664771,45,0,0,2,1,1,24
62020.0,0.999677523379555,0.0,0.000322476620445,0.0,0.0,0.0,0.0,0.0,23,0,0,4,5,6,26
50035.0,0.99930048965724,0.0,0.00069951034276,0.0,0.0,0.0,0.0,0.0,45,0,0,1,5,4,25
99704.0,0.6519297119473642,0.0,0.0147937896172671,0.0005014843938056,0.0,0.0,0.0,0.0920625050148439,71,1,0,3,1,1,5
2632.0,0.0,0.0,1.0,0.0,0.0,0.0,0.0,0.0,59,0,0,1,5,6,36
55137.0,0.0,0.0,0.012314779549123,0.0,0.0258991240002176,0.0,0.0,0.0239040934399767,65,0,0,2,1,1,2
59000.0,1.0,0.0,0.0,0.0,0.0,0.0,0.0,0.0,31,0,0,1,5,6,37
152022.0,0.0,0.0,0.1973398587046611,0.0,0.3288997645077686,0.2126534317401428,0.0297456947020825,0.0,77,0,0,1,5,5,39
105208.0,0.0,0.0,0.0057695232301726,0.0,0.085544825488556,0.1418713405824652,0.0,0.3904170785491597,85,0,0,2,1,1,6
48888.0,1.0,0.0,0.0,0.0,0.0,0.0,0.0,0.0,59,0,0,1,5,2,51
21661.0,0.0,0.0,4.616592031762153e-05,0.0,0.0,0.7922071926503855,0.0,0.0,75,0,0,1,5,4,41
38661.0,0.0,0.0,0.0002327927368666,0.0,0.0,0.5434934430045782,0.1241561263288585,0.0,77,1,0,3,5,4,24
100000.0,0.0,0.0,0.0,0.0,0.0,0.0,0.0,1.0,46,3,0,5,1,1,4
101239.0,0.7408212250219777,0.0,0.0496646549254733,0.0,0.0,0.0,0.0,0.2095141200525489,66,0,0,2,1,1,47
50001.0,0.999980000399992,0.0,1.999960000799984e-05,0.0,0.0,0.0,0.0,0.0,35,1,0,3,4,4,21
117265.0,0.4775508463735982,0.0,0.0025753634929433,8.527693685242826e-06,0.0,0.0,0.0,0.5198652624397732,58,0,0,2,1,1,47
68004.0,0.6323157461325805,0.0,2.941003470384095e-05,0.0,0.0,0.0,0.0,0.3676548438327157,60,1,0,3,1,1,6
28548.0,0.0,0.0,0.0199313437018355,0.0700574471066274,0.0,0.9100112091915372,0.0,0.0,72,0,0,1,5,5,9
76003.0,0.0,0.0,1.3157375366761838e-05,1.3157375366761838e-05,0.0,0.0,0.0,0.9999736852492664,31,1,1,5,1,1,48
53039.0,0.4713512698203209,0.0,0.0007353079809197,0.5279134221987594,0.0,0.0,0.0,0.0,62,0,0,1,5,4,45
198622.0,0.8055502411616035,0.0,0.0279979055693729,0.00251734450363,0.0,0.0,0.0,0.1639345087653935,47,0,0,2,1,1,36
130001.0,0.0,0.0,0.0,0.0,0.0,0.0,0.0,1.0,37,4,1,6,1,1,6
242852.0,0.5764827961062705,0.0,0.0224416517055655,0.0,0.0,0.0,0.0,0.401075552188164,62,0,0,2,1,1,56
85961.0,0.40716138714068,0.0,0.00174497737346,0.0,0.0,0.0,0.0,0.5910936354858599,44,0,0,2,1,1,28
215028.0,0.0,0.0,4.650557136744982e-05,0.0,0.0,0.0,0.0,0.9999534944286326,50,1,0,3,1,1,12
120008.0,0.0,0.1666555562962469,2.4998333444437037e-05,0.0,0.0,0.0,0.0,0.8333194453703087,37,5,2,7,1,1,49
444504.0,0.6749095621186761,0.0,0.0086028472184727,0.0,0.0,0.0,0.0,0.3135359861778521,38,2,2,4,1,1,2
66500.0,0.4812030075187969,0.0,0.0,0.0,0.0,0.0,0.0,0.518796992481203,53,1,0,3,1,1,54
50000.0,1.0,0.0,0.0,0.0,0.0,0.0,0.0,0.0,45,1,0,2,4,5,27
54501.0,0.9999816517128126,0.0,1.8348287187391057e-05,0.0,0.0,0.0,0.0,0.0,64,0,0,1,5,4,6
192730.0,0.8301769314585171,0.0,0.0443729569864577,0.0518860582161573,0.0,0.0,0.0,0.0735640533388678,37,2,2,4,1,1,15
96762.0,0.9921250077509768,0.0,0.0016742109505797,0.0062007812984436,0.0,0.0,0.0,0.0,26,0,0,1,5,6,48
309567.0,0.5116824467724272,0.0,0.001867124079763,0.0,0.0,0.0,0.0,0.4864504291478096,48,2,0,4,1,1,30
139011.0,0.8632410384789693,0.0,0.1367589615210307,0.0,0.0,0.0,0.0,0.0,62,0,0,1,5,4,17
46000.0,1.0,0.0,0.0,0.0,0.0,0.0,0.0,0.0,58,1,0,3,5,3,32
60000.0,0.0,1.0,0.0,0.0,0.0,0.0,0.0,0.0,67,0,0,1,5,4,48
28080.0,0.5014245014245015,0.0,0.0,0.0,0.0,0.0,0.0,0.4985754985754986,31,3,2,5,1,1,42
42001.0,0.9999761910430705,0.0,2.3808956929596913e-05,0.0,0.0,0.0,0.0,0.0,44,0,0,2,5,6,37
36992.0,0.0,0.0,0.0,0.0,0.0,0.0,0.0,0.5406574394463668,47,0,0,2,1,1,13
132178.0,0.0,0.0,0.029520797712176,0.05291349543797,0.0151311110774864,0.1503956785546762,0.0,0.1728048540604336,78,0,0,2,1,1,26
40010.0,0.9997500624843788,0.0,0.000249937515621,0.0,0.0,0.0,0.0,0.0,28,0,0,3,5,6,24
349602.0,0.5434751517439832,0.0,0.0045794932523269,0.0057207910709892,0.0,0.0,0.0,0.4462245639327006,31,0,0,2,1,1,41
56300.0,0.994671403197158,0.0,0.0053285968028419,0.0,0.0,0.0,0.0,0.0,24,0,0,4,5,6,26
152302.0,0.9848852936927944,0.0,0.0151015745032895,1.3131803915903927e-05,0.0,0.0,0.0,0.0,50,1,0,2,4,5,24
209705.0,0.020066283588851,0.0,0.0019217472163276,0.0,0.0,0.0826303616985765,0.0,0.7994754536134093,71,1,0,3,1,1,18
36401.0,0.9889838191258482,0.0,0.0110161808741518,0.0,0.0,0.0,0.0,0.0,31,1,0,3,5,6,48
62500.0,0.96,0.0,0.04,0.0,0.0,0.0,0.0,0.0,44,0,0,4,5,6,34
153311.0,0.3130890803660533,0.0,5.8704202568634995e-05,0.0,0.0,0.0,0.0,0.6627704469998891,37,2,0,4,1,1,34
34000.0,1.0,0.0,0.0,0.0,0.0,0.0,0.0,0.0,25,0,0,2,5,6,35
40000.0,1.0,0.0,0.0,0.0,0.0,0.0,0.0,0.0,34,0,0,1,5,6,38
444810.0,0.5035858006789415,0.0,0.0022571434994716,0.0022481508958881,0.0,0.0,0.0,0.4919089049256986,68,2,0,4,1,1,6
89056.0,0.7972511678045275,0.0,0.2021873877111031,0.0005614444843693,0.0,0.0,0.0,0.0,41,0,0,1,5,6,50
45080.0,0.9982253771073648,0.0,0.0017746228926353,0.0,0.0,0.0,0.0,0.0,61,1,0,2,5,4,12
107902.0,0.481918778150544,0.0,0.0002502270578858,0.0,0.0,0.0,0.0,0.5178309947915701,59,1,0,3,1,1,56
60000.0,1.0,0.0,0.0,0.0,0.0,0.0,0.0,0.0,48,0,0,1,5,6,51
110101.0,0.9990826604662992,0.0,0.0009173395337008,0.0,0.0,0.0,0.0,0.0,53,0,0,1,5,2,28
30000.0,0.0,0.0,0.0,0.0,0.0,0.0,0.0,0.0,85,0,0,1,5,5,1
103420.0,0.5124734093985689,0.0,0.4681879713788435,0.0193386192225875,0.0,0.0,0.0,0.0,60,0,0,1,5,4,50
160132.0,0.9991756800639472,0.0,0.0008243199360527,0.0,0.0,0.0,0.0,0.0,50,1,0,3,1,1,47
45240.0,0.0,0.0,0.3472590627763041,0.0,0.0,0.030946065428824,0.0,0.5952696728558797,36,0,0,2,1,1,35
41100.0,0.0364963503649635,0.0,0.0,0.0,0.0,0.9635036496350364,0.0,0.0,51,0,0,1,5,4,4
10005.0,0.8995502248875562,0.0,0.0004997501249375,0.0999500249875062,0.0,0.0,0.0,0.0,34,0,0,3,5,6,50
25500.0,0.1058823529411764,0.0,0.0,0.0,0.0,0.0,0.0,0.0,37,0,0,2,5,5,2
6331.0,0.0,0.0,0.2084978676354446,0.1421576370241668,0.0,0.0,0.0,0.6493444953403885,57,0,0,2,1,1,17
20801.0,0.4807461179750973,0.0,0.0,0.0,0.0,0.0,0.0,0.0,28,0,0,4,5,3,48
120302.0,0.9974896510448704,0.0,0.0016791075792588,0.0008312413758707,0.0,0.0,0.0,0.0,44,0,0,2,5,4,11
149738.0,0.0,0.0,4.0069988913969734e-05,0.0,0.0,0.12445738556679,0.0,0.0887950954333569,78,0,0,2,1,1,32
22880.0,1.0,0.0,0.0,0.0,0.0,0.0,0.0,0.0,46,0,0,1,5,5,36
25001.0,0.999960001599936,0.0,3.999840006399744e-05,0.0,0.0,0.0,0.0,0.0,40,0,0,4,5,2,34
152000.0,0.5263157894736842,0.0,0.0,0.0,0.0,0.0,0.0,0.4736842105263157,32,2,2,4,1,1,1
130650.0,0.7225411404515882,0.0,0.0004822043628013,0.0,0.0,0.0,0.0,0.2348794489092996,67,1,0,3,1,1,4
10000.0,1.0,0.0,0.0,0.0,0.0,0.0,0.0,0.0,30,0,0,3,5,6,1
204200.0,0.1665034280117532,0.0,0.0,0.0,0.0,0.0,0.0,0.8334965719882468,54,3,0,5,1,1,6
517051.0,0.0,0.0,1.9340451908999304e-06,0.0,0.0,0.0,0.0,0.9999980659548092,40,2,2,4,1,1,49
115000.0,0.8956521739130435,0.0,0.0869565217391304,0.0,0.0,0.0,0.0,0.0,47,0,0,2,1,1,34
61960.0,0.0,0.0,0.0,0.0,0.0,0.4316817301484829,0.0,0.2586991607488702,75,0,0,2,1,1,42
221571.0,0.4964548609700728,0.0,0.0018143168555451,0.000446809374873,0.0,0.0,0.0,0.5012163144093766,49,2,0,4,1,1,39
32300.0,1.0,0.0,0.0,0.0,0.0,0.0,0.0,0.0,38,0,0,1,5,6,28
172800.0,0.8564814814814815,0.0,0.0231481481481481,0.0578703703703703,0.0,0.0,0.0,0.0,52,3,0,4,4,4,29
26000.0,1.0,0.0,0.0,0.0,0.0,0.0,0.0,0.0,25,0,0,4,5,6,6
40800.0,0.7352941176470589,0.0,0.0,0.0,0.0,0.0,0.0,0.0,56,1,0,2,5,6,48
15003.0,0.9998000399920016,0.0,0.0001999600079984,0.0,0.0,0.0,0.0,0.0,28,0,0,4,5,6,13
42500.0,0.9411764705882352,0.0,0.0588235294117647,0.0,0.0,0.0,0.0,0.0,44,1,0,3,5,6,41
42000.0,1.0,0.0,0.0,0.0,0.0,0.0,0.0,0.0,31,0,0,2,5,4,48
165068.0,0.5452298446700754,0.0,0.0003453122349577,0.0,0.0,0.0,0.0,0.4544248430949669,44,0,0,2,1,1,48
37000.0,1.0,0.0,0.0,0.0,0.0,0.0,0.0,0.0,39,2,0,3,4,4,2
17000.0,1.0,0.0,0.0,0.0,0.0,0.0,0.0,0.0,19,0,0,6,5,6,19
205800.0,0.4859086491739553,0.3887269193391642,0.0272108843537414,0.0009718172983479,0.0,0.0,0.097181729834791,0.0,55,0,0,2,5,6,48
234300.0,0.4268032437046521,0.0,0.0,0.0,0.0,0.0,0.0,0.5731967562953478,41,0,0,2,1,1,48
45000.0,1.0,0.0,0.0,0.0,0.0,0.0,0.0,0.0,27,0,0,8,5,2,6
2569.0,0.9964966913195796,0.0,0.0035033086804203,0.0,0.0,0.0,0.0,0.0,21,0,0,4,5,6,55
40001.0,0.9999750006249843,0.0,2.499937501562461e-05,0.0,0.0,0.0,0.0,0.0,45,0,0,5,5,6,17
123000.0,0.0,0.8130081300813008,0.1626016260162601,0.0040650406504065,0.0,0.0,0.0203252032520325,0.0,52,1,0,3,1,1,25
130060.0,0.9995386744579424,0.0,0.0004613255420575,0.0,0.0,0.0,0.0,0.0,41,3,0,5,1,1,15
275003.0,0.999989091028098,0.0,7.272647934749803e-06,0.0,0.0,0.0,0.0,3.6363239673749015e-06,49,1,1,3,1,1,39
40000.0,1.0,0.0,0.0,0.0,0.0,0.0,0.0,0.0,24,0,0,6,5,6,6
65800.0,0.3161094224924012,0.0,0.0,0.0,0.0,0.0,0.0,0.6838905775075987,29,4,3,6,1,1,1
30051.0,0.998302885095338,0.0,0.001697114904662,0.0,0.0,0.0,0.0,0.0,46,0,0,1,5,6,56
21125.0,0.9940828402366864,0.0,0.0059171597633136,0.0,0.0,0.0,0.0,0.0,27,0,0,3,5,6,9
81010.0,0.7406493025552401,0.0,0.0061720775212936,0.0013578570546846,0.0,0.0,0.0,0.0,56,1,0,2,5,3,12
68727.0,0.0,0.0,0.0523666099204097,0.0,0.3492077349513292,0.3882025986875609,0.0,0.2102230564407001,73,0,0,2,1,1,30
84390.0,0.8294821661334282,0.0,0.009479796184382,0.0,0.0,0.1610380376821898,0.0,0.0,67,0,0,1,5,4,6
100001.0,0.999990000099999,0.0,9.99990000099999e-06,0.0,0.0,0.0,0.0,0.0,52,1,1,4,1,1,37
46865.0,0.6187986770511043,0.0,0.0042889149685266,0.0,0.0,0.3769124079803691,0.0,0.0,75,0,0,1,5,4,5
190335.0,0.357264822549715,0.0,0.0016287072792707,0.0,0.0,0.0,0.0,0.6411064701710143,52,1,0,3,1,1,24
75101.0,0.0,0.0,0.0126629472310621,0.0053261607701628,0.0,0.0,0.0,0.982010891998775,34,3,3,5,1,1,19
235200.0,0.0,0.0,0.0892857142857142,0.042517006802721,0.0,0.1530612244897959,0.0,0.6462585034013606,70,0,0,2,1,1,18
52087.0,1.0,0.0,0.0,0.0,0.0,0.0,0.0,0.0,52,0,0,1,5,4,40
35000.0,1.0,0.0,0.0,0.0,0.0,0.0,0.0,0.0,46,0,0,6,5,6,48
5210.0,0.0,0.0,0.0095969289827255,0.0,0.0,0.4145873320537428,0.0,0.0,76,0,0,1,5,5,1
75022.0,0.9997067526858788,0.0,0.0002932473141211,0.0,0.0,0.0,0.0,0.0,43,0,0,1,5,4,36
169000.0,0.6745562130177515,0.0,0.0,0.0,0.0,0.0,0.0,0.3254437869822485,33,5,1,8,1,1,28
55000.0,1.0,0.0,0.0,0.0,0.0,0.0,0.0,0.0,25,0,0,3,5,6,51
110011.0,0.454500004545,0.0,9.0900000909e-05,0.0,0.0,0.0,0.0,0.545409095454091,55,2,0,4,1,1,37
400501.0,0.3121090833730752,0.0,0.0506865151397874,0.0,0.0,0.0,0.0,0.6372044014871373,62,0,0,2,1,1,15
98001.0,0.9795818410016224,0.0,1.0203977510433568e-05,0.0,0.0,0.0,0.0204079550208671,0.0,33,0,0,2,5,6,12
76202.0,0.9842261357969608,0.0,0.0157738642030392,0.0,0.0,0.0,0.0,0.0,46,0,0,4,4,4,51
60980.0,0.0,0.0,0.0182354870449327,0.0,0.0,0.2792390947851754,0.0,0.0,75,0,0,1,5,5,21
261919.0,0.8590442083239475,0.0,0.0071854275558474,0.0114539227776526,0.0,0.0,0.0,0.1223164413425524,45,3,0,5,1,1,42
86515.0,0.9246951395711728,0.0,0.017511414205629,0.0115586892446396,0.0,0.0,0.0462347569785586,0.0,27,0,0,3,5,6,36
74011.0,0.999851373444488,0.0,0.000148626555512,0.0,0.0,0.0,0.0,0.0,48,0,0,1,5,2,32
44011.0,0.9997500624843788,0.0,0.000249937515621,0.0,0.0,0.0,0.0,0.0,60,0,0,2,5,4,6
15000.0,1.0,0.0,0.0,0.0,0.0,0.0,0.0,0.0,55,1,0,4,5,6,17
17000.0,0.0,1.0,0.0,0.0,0.0,0.0,0.0,0.0,61,0,0,2,5,5,6
28942.0,0.9951627392716468,0.0,0.0013820744938152,0.003455186234538,0.0,0.0,0.0,0.0,27,0,0,2,5,6,6
13000.0,0.7692307692307693,0.0,0.0,0.0,0.0,0.0,0.0,0.0,32,0,0,3,5,6,6
48840.0,0.9795249795249796,0.0,0.0204750204750204,0.0,0.0,0.0,0.0,0.0,43,3,0,5,5,4,26
200116.0,0.5996522017230007,0.0,0.0004597333546543,0.0,0.0,0.0,0.0,0.399888064922345,50,0,0,2,1,1,36
57228.0,0.961068008667086,0.0,0.0389319913329139,0.0,0.0,0.0,0.0,0.0,59,0,0,1,5,4,28
16000.0,1.0,0.0,0.0,0.0,0.0,0.0,0.0,0.0,26,0,0,3,5,6,48
40055.0,0.9986268880289602,0.0,0.0011234552490325,0.0002496567220072,0.0,0.0,0.0,0.0,33,0,0,4,5,6,15
70203.0,0.3760523054570318,0.0,2.8488811019472102e-05,0.0,0.0,0.0,0.0,0.6239192057319488,36,3,0,5,1,1,15
55640.0,0.7476635514018691,0.0,0.0046010064701653,0.0,0.0,0.0,0.0,0.0,26,0,0,1,5,6,56
25000.0,1.0,0.0,0.0,0.0,0.0,0.0,0.0,0.0,20,0,0,3,5,6,48
81079.0,0.5059139851256182,0.0,0.0006166824948507,0.0,0.0,0.0,0.0,0.493469332379531,59,0,0,4,1,1,10
20100.0,0.9950248756218906,0.0,0.0049751243781094,0.0,0.0,0.0,0.0,0.0,33,0,0,2,1,1,12
88500.0,0.9717514124293786,0.0,0.0282485875706214,0.0,0.0,0.0,0.0,0.0,43,0,0,1,5,3,49
47889.0,0.0,0.0,0.1693499551045125,0.0,0.1252897325064211,0.7053603123890664,0.0,0.0,68,0,0,1,5,6,36
21002.0,0.999904770974193,4.7614512903532995e-05,4.7614512903532995e-05,0.0,0.0,0.0,0.0,0.0,33,0,0,1,5,6,17
8950.0,0.8938547486033519,0.0,0.106145251396648,0.0,0.0,0.0,0.0,0.0,40,0,0,1,5,6,36
48895.0,0.9407914919725944,0.0,0.0002045198895592,0.0,0.0,0.0,0.0,0.0590039881378464,49,2,0,4,1,1,48
119553.0,0.6812041521333635,0.0,0.2509430963673015,0.0,0.0,0.0,0.0,0.0,51,1,0,2,4,4,18
138401.0,0.5419035989624352,0.0,0.0072253813194991,0.0,0.0,0.0,0.0,0.4508710197180656,35,2,0,4,1,1,55
425812.0,0.1174227123707176,0.0,0.0002348454247414,2.818145096897222e-05,0.0,0.0,0.0,0.882314260753572,43,2,0,4,1,1,25
116910.0,0.0,0.0,0.1201779146351894,0.0085535882302625,0.0,0.138568129330254,0.0,0.7176460525190317,59,0,0,2,1,1,2
49430.0,0.0,0.0,0.0022253692089823,0.0,0.0,0.0752579405219502,0.1942140400566457,0.0,80,0,0,1,5,5,12
19000.0,1.0,0.0,0.0,0.0,0.0,0.0,0.0,0.0,21,0,0,4,4,6,45
258776.0,0.0946764769530404,0.0,3.8643459980832845e-05,0.0,0.0,0.1932791294401335,0.0,0.7120057501468452,71,0,0,2,1,1,25
55000.0,0.5454545454545454,0.0,0.0,0.0,0.0,0.0,0.0,0.4545454545454545,74,0,0,3,1,1,12
157550.0,0.952078705172961,0.0,0.0072992700729927,0.0076166296413836,0.0,0.0,0.0,0.0330053951126626,38,3,0,5,1,1,20
15000.0,1.0,0.0,0.0,0.0,0.0,0.0,0.0,0.0,59,0,0,1,5,5,12
90249.0,0.9972409666589104,0.0,0.0016509878225797,0.0011080455185099,0.0,0.0,0.0,0.0,29,0,0,1,5,6,53
235506.0,0.7218499740983244,0.0,0.0318717994446001,0.2462782264570754,0.0,0.0,0.0,0.0,47,4,0,5,4,4,8
46000.0,0.8695652173913043,0.0,0.0,0.0,0.0,0.0,0.0,0.0,36,1,1,3,1,1,36
54250.0,0.0,0.0,0.000221198156682,0.000552995391705,0.0,0.2397788018433179,0.759447004608295,0.0,67,0,0,1,5,4,41
100000.0,0.5,0.0,0.0,0.0,0.0,0.0,0.0,0.5,52,2,0,4,1,1,48
260800.0,0.3911042944785276,0.0,0.0049846625766871,0.0,0.0,0.0,0.0383435582822085,0.5655674846625767,50,1,0,3,1,1,36
459012.0,0.0,0.3267888421217746,0.0005707911775726,0.0005446480702029,0.0,0.0,0.0,0.6720957186304497,52,0,0,2,1,1,6
101251.0,0.9876445664734176,0.0,0.0123554335265824,0.0,0.0,0.0,0.0,0.0,49,0,0,1,5,4,10
136589.0,0.7028384423343021,0.0,7.321233774315648e-06,0.0,0.0,0.0,0.0,0.2971542364319235,43,1,0,3,1,1,37
188403.0,0.95538818383996,0.0,2.123108443071501e-05,5.307771107678753e-06,0.0,0.0,0.0,0.0,37,0,0,1,5,6,11
100100.0,0.4795204795204795,0.0,0.0009990009990009,0.0,0.0,0.0,0.0,0.5194805194805194,42,2,0,4,1,1,6
68000.0,0.4411764705882353,0.0,0.0,0.0,0.0,0.0,0.0,0.5588235294117647,44,1,0,3,1,1,12
70000.0,1.0,0.0,0.0,0.0,0.0,0.0,0.0,0.0,47,1,0,3,1,1,48
80850.0,0.5565862708719852,0.0,0.0037105751391465,0.0,0.0,0.0,0.0,0.4397031539888683,25,0,0,2,1,1,21
31178.0,0.6414779652318943,0.0,0.0005773301687087,0.0,0.0,0.357944704599397,0.0,0.0,70,0,0,1,5,4,27
84400.0,0.995260663507109,0.0,0.0047393364928909,0.0,0.0,0.0,0.0,0.0,58,0,0,1,5,4,36
79270.0,0.0,0.0,0.0005046045162104,0.0,0.0,0.3179008452125647,0.0946133467894537,0.1631134098650183,70,0,0,2,1,1,40
50000.0,1.0,0.0,0.0,0.0,0.0,0.0,0.0,0.0,32,0,0,1,5,6,26
70781.0,0.0,0.0,0.009635354120456,0.0080812647461889,0.0611887370904621,0.1695370226473206,0.0,0.7515576213955723,85,0,0,2,1,1,25
55571.0,0.0,0.0,0.0,0.0,0.0,0.1284662863723884,0.0,0.0,73,0,0,1,5,5,6
41601.0,0.0,0.0,2.403788370471864e-05,0.0,0.0,0.4326819066849354,0.0,0.5672940554313598,67,1,0,3,1,1,42
111247.0,0.3775382706949401,0.0,0.0089890064451176,0.0,0.0,0.0,0.0,0.6134727228599423,60,0,0,2,1,1,16
145458.0,0.5843611214233662,0.0,0.0014918395688102,0.0,0.0,0.0,0.0,0.4141470390078235,66,0,0,2,1,1,13
11500.0,0.2608695652173913,0.0,0.0869565217391304,0.0,0.8695652173913043,0.0,-0.217391304347826,0.0,66,0,0,1,5,4,47
90001.0,0.9999888890123444,0.0,1.1110987655692714e-05,0.0,0.0,0.0,0.0,0.0,39,2,1,4,4,4,1
55002.0,0.0,0.9999636376859024,3.6362314097669174e-05,0.0,0.0,0.0,0.0,0.0,46,0,0,2,5,6,12
33286.0,0.0,0.0,0.0136994532235774,0.0,0.0750766087844739,0.4906266898996575,0.0600853211560415,0.0,85,0,0,1,5,6,2
48362.0,0.0,0.0,0.1551011124436541,0.0516934783507712,0.0,0.0,0.1033869567015425,0.6898184525040321,68,0,0,2,1,1,39
200364.0,0.0,0.0,9.98183306382384e-06,0.0,0.0,0.0,0.0,0.9999900181669362,43,2,0,4,1,1,50
12000.0,1.0,0.0,0.0,0.0,0.0,0.0,0.0,0.0,25,0,0,1,5,6,12
186752.0,0.4819225496915695,0.0,0.0018687885538039,0.0,0.0,0.0,5.3546949965729956e-06,0.3748393591501028,64,1,0,4,1,1,47
49779.0,0.0,0.0,0.1024528415596938,0.0,0.0140621547238795,0.4977801884328733,0.0,0.0,74,0,0,1,5,5,17
25000.0,1.0,0.0,0.0,0.0,0.0,0.0,0.0,0.0,21,0,0,1,5,6,42
65000.0,1.0,0.0,0.0,0.0,0.0,0.0,0.0,0.0,25,0,0,4,5,6,4
26000.0,1.0,0.0,0.0,0.0,0.0,0.0,0.0,0.0,23,0,0,4,5,6,12
72336.0,0.99535500995355,0.0,0.0044929219199292,0.0,0.0,0.0,0.0,0.0001520681265206,33,2,0,4,1,1,35
112074.0,0.8922676089012617,0.0,0.0044791833966843,0.0026768028267037,0.0,0.0,0.0,0.0548923032996056,42,3,0,5,1,1,8
69510.0,0.9351172493166452,0.0,0.0648827506833549,0.0,0.0,0.0,0.0,0.0,27,0,0,2,5,6,36
70001.0,0.999985714489793,0.0,1.4285510206997042e-05,0.0,0.0,0.0,0.0,0.0,57,0,0,1,5,2,6
15817.0,0.0,0.0,0.0068913194663969,0.0,0.0,0.7837137257381298,0.0,0.0,79,0,0,1,5,6,28
65015.0,0.999769284011382,0.0,0.000230715988618,0.0,0.0,0.0,0.0,0.0,66,0,0,2,5,6,36
60450.0,0.9925558312655088,0.0,0.0074441687344913,0.0,0.0,0.0,0.0,0.0,31,0,0,2,5,6,19
81001.0,0.9876421278749644,0.0,0.0123578721250354,0.0,0.0,0.0,0.0,0.0,71,0,0,2,5,4,41
22000.0,1.0,0.0,0.0,0.0,0.0,0.0,0.0,0.0,53,1,0,2,5,5,35
16449.0,0.0,0.0,0.0963584412426287,0.0,0.0,0.1459055261718037,0.0,0.155875737126877,72,0,0,2,1,1,31
124100.0,0.8460918614020951,0.0,0.1539081385979049,0.0,0.0,0.0,0.0,0.0,31,0,0,2,5,6,15
120166.0,0.9986185776342726,0.0,0.0013814223657274,0.0,0.0,0.0,0.0,0.0,47,1,1,3,4,6,33
87776.0,0.745260663507109,0.231042654028436,0.0,0.0,0.0,0.0,0.0,0.0,32,4,2,6,1,1,25
90002.0,0.8888691362414168,0.0,0.1111308637585831,0.0,0.0,0.0,0.0,0.0,64,0,0,1,5,6,6
456465.0,0.411203487671563,0.0438149693842901,0.2454799382208931,0.0,0.0,0.0,0.0065722454076435,0.2929293593156102,45,3,0,5,1,1,49
14100.0,0.6737588652482269,0.0,0.0,0.0,0.0,0.0,0.0,0.0,23,0,0,1,5,6,12
42828.0,0.0,0.0,0.0,0.0,0.0,0.8828803586438778,0.0,0.0,73,0,0,1,5,5,56
34202.0,0.994123150692942,0.0,0.005876849307058,0.0,0.0,0.0,0.0,0.0,51,0,0,1,5,6,12
11025.0,0.0,0.0,0.0022675736961451,0.0,0.0,0.0,0.0,0.9977324263038548,79,0,0,2,1,1,10
37002.0,0.9999459488676288,0.0,5.4051132371223176e-05,0.0,0.0,0.0,0.0,0.0,52,1,0,2,4,4,19
73017.0,0.9312899735677992,0.0,0.0687100264322007,0.0,0.0,0.0,0.0,0.0,49,0,0,1,5,6,30
22810.0,0.7014467338886453,0.0,0.0004384042086804,0.008768084173608,0.0,0.0,0.0,0.0,22,0,0,1,5,6,6
140053.0,0.9996358521416892,0.0,0.0003641478583107,0.0,0.0,0.0,0.0,0.0,48,0,0,1,5,6,12
111601.0,0.0985654250409942,0.0,0.0053852564045125,0.0,0.0,0.0,0.0,0.8960493185544932,27,2,2,4,1,1,41
26045.0,0.0681512766365905,0.0,0.48377807640622,0.1919754271453254,0.0,0.0,0.0,0.256095219811864,49,3,0,5,1,1,32
492772.0,0.3246937731851647,0.0,0.003084590845259,0.0202933608240727,0.0,0.0,0.2029336082407279,0.2460610586640474,60,1,0,3,1,1,50
20000.0,0.0,1.0,0.0,0.0,0.0,0.0,0.0,0.0,34,0,0,1,4,6,12
123410.0,0.0,0.0,0.0008508224617129,0.0,0.0972368527671987,0.1993355481727574,0.0,0.7025767765983307,85,0,0,2,1,1,35
29912.0,0.8550748863332441,0.0,0.0008357849692431,0.0585049478470179,0.0,0.0,0.0,0.0,23,0,0,1,5,6,25
149102.0,0.0,0.0,0.0020254590817024,0.603613633619938,0.0,0.1287709085055867,0.0,0.0,66,0,0,1,5,4,45
18000.0,0.0,1.0,0.0,0.0,0.0,0.0,0.0,0.0,20,0,0,4,5,6,6
28000.0,1.0,0.0,0.0,0.0,0.0,0.0,0.0,0.0,56,0,0,2,4,3,22
185300.0,0.4317323259579061,0.0,0.0232056125202374,0.0,0.0,0.0,0.0,0.5450620615218564,62,0,0,2,1,1,51
30000.0,1.0,0.0,0.0,0.0,0.0,0.0,0.0,0.0,32,0,0,3,5,6,51
67993.0,0.1616637006750695,0.0,0.0,0.0,0.0,0.0,0.0,0.8383362993249305,57,3,0,5,1,1,48
29725.0,0.0,0.0,0.0513036164844407,0.0,0.0,0.4440706476030278,0.0,0.0,72,0,0,1,5,5,30
284528.0,0.0,0.0,0.173142889276275,0.0105437777652814,0.0,0.0,0.0,0.8163133329584434,60,0,0,2,1,1,46
108000.0,0.9722222222222222,0.0,0.0277777777777777,0.0,0.0,0.0,0.0,0.0,60,0,0,2,5,6,15
162013.0,0.0,0.0,2.4689376778406672e-05,0.0,0.0,0.0,0.0,0.9999753106232216,65,1,0,3,1,1,4
161012.0,0.3105358606811915,0.0,1.8632151640871488e-05,0.0,0.0,0.0,0.0,0.6894455071671677,52,1,0,3,1,1,50
218743.0,0.0,0.0,0.0005485889834188,0.0,0.0629231563981475,0.1407085026720855,0.0,0.6874734277211156,65,0,0,4,1,1,48
75441.0,0.5789955064222373,0.0,0.0006627695815272,0.0,0.0,0.0,0.0,0.4203417239962355,45,2,0,4,1,1,23
35006.0,0.9998286008112895,0.0,0.0001713991887105,0.0,0.0,0.0,0.0,0.0,21,0,0,1,5,6,45
264401.0,0.3706491276508031,0.0,0.1928888317366424,0.0015128535822481,0.0,0.0,0.0,0.4349491870303062,29,0,0,2,1,1,39
90485.0,0.0,0.0,0.0618887108360501,0.0013261866607725,0.0,0.2871083605017406,0.0,0.4175940763662485,70,0,0,2,1,1,48
53629.0,0.0,0.0,0.0,0.0,0.0,0.0,0.0,0.95263756549628,54,0,0,3,1,1,12
14579.0,0.0,0.0,0.0,0.0,0.0,0.7530694835036696,0.0,0.0,75,0,0,7,5,6,6
53562.0,0.4667488144580112,0.0,0.0020536947836152,0.0,0.0,0.0,0.0,0.5311974907583735,65,0,0,2,1,1,34
102010.0,0.5881776296441525,0.0,4.901480247034604e-05,0.0,0.0,0.0,0.0,0.4117733555533771,36,2,1,4,1,1,33
56380.0,0.9932600212841434,0.0,0.0036360411493437,0.0031039375665129,0.0,0.0,0.0,0.0,51,0,0,2,5,6,32
47000.0,1.0,0.0,0.0,0.0,0.0,0.0,0.0,0.0,36,0,0,1,5,2,46
93656.0,0.9289314085589818,0.0,0.0035128555565046,0.0,0.0,0.0,0.0,0.0675557358845135,39,1,1,3,1,1,48
54000.0,0.8148148148148148,0.0,0.1851851851851851,0.0,0.0,0.0,0.0,0.0,38,0,0,6,4,6,41
51000.0,0.6862745098039216,0.0,0.0,0.0,0.0,0.0,0.0,0.3137254901960784,52,2,0,4,1,1,37
10044.0,0.0,0.0,0.005973715651135,0.0,0.8960573476702509,0.0979689366786141,0.0,0.0,71,1,0,3,5,3,6
120000.0,0.0,1.0,0.0,0.0,0.0,0.0,0.0,0.0,66,1,0,2,5,6,34
57000.0,0.9649122807017544,0.0,0.0350877192982456,0.0,0.0,0.0,0.0,0.0,46,0,0,2,5,6,53
24010.0,0.9995835068721366,0.0,0.0004164931278633,0.0,0.0,0.0,0.0,0.0,49,0,0,1,5,6,11
264989.0,0.5660612327304152,0.0,0.0320768031880568,0.0188687077576805,0.0,0.0,0.188687077576805,0.1943061787470423,35,2,1,4,1,1,31
31000.0,1.0,0.0,0.0,0.0,0.0,0.0,0.0,0.0,25,0,0,3,5,6,37
117980.0,0.6780810306831666,0.0,8.476012883539584e-06,0.0,0.0,0.0,0.0,0.3219104933039498,59,1,0,3,1,1,1
71000.0,0.6901408450704225,0.0,0.0,0.0,0.0,0.0,0.0,0.3098591549295774,25,0,0,2,1,1,1
55001.0,0.9999818185123908,0.0,1.8181487609316193e-05,0.0,0.0,0.0,0.0,0.0,55,3,0,5,5,3,17
61100.0,0.0,0.4909983633387889,0.0,0.0,0.0,0.0,0.0,0.5090016366612111,40,2,0,6,1,1,6
156261.0,0.5759594524545472,0.0,0.0041597071566161,0.0031997747358585,0.0319977473585859,0.0,0.0,0.384683318294392,61,0,0,2,1,1,12
104000.0,0.4230769230769231,0.0,0.0,0.0,0.0,0.0,0.0,0.5769230769230769,42,2,0,7,1,1,13
52243.0,0.0,0.0,0.0,0.0,0.0,0.2577187374385085,0.0,0.7422812625614915,77,0,0,2,1,1,22
52500.0,0.0,1.0,0.0,0.0,0.0,0.0,0.0,0.0,33,0,0,2,1,1,4
229532.0,0.0845110921353013,0.0,0.0,0.0,0.0,0.0,0.0,0.6384033598801039,41,4,0,6,1,1,41
90508.0,0.9943872364873824,0.0,0.0055906660184735,0.0,0.0,0.0,0.0,2.2097494144164052e-05,36,2,0,4,1,1,39
119621.0,0.0,0.0,8.359736166726578e-06,0.0,0.0,0.0,0.0,0.9999916402638332,54,0,0,2,1,1,49
53098.0,0.0,0.0,0.0001883310105842,1.883310105842028e-05,0.0,0.3450789106934347,0.0,0.0,77,1,0,2,5,5,51
23000.0,0.0,1.0,0.0,0.0,0.0,0.0,0.0,0.0,25,0,0,2,5,6,4
159242.0,0.9105637959834716,0.0,6.279750317127391e-06,0.0,0.0,0.0,0.0,0.069460318257746,41,1,1,3,1,1,20
13005.0,0.0768935024990388,0.0,0.000153787004998,0.0,0.0,0.0,0.0,0.9229527104959632,67,1,0,3,1,1,36
27000.0,0.0,1.0,0.0,0.0,0.0,0.0,0.0,0.0,30,0,0,2,5,3,5
57751.0,0.9321397032086024,0.0,0.0529860954788661,0.0148742013125313,0.0,0.0,0.0,0.0,27,0,0,1,5,6,53
111285.0,0.0,0.0,0.0016623983465875,0.0,0.0,0.2965359212831918,0.0,0.1806173338724895,80,0,0,2,1,1,12
160200.0,0.6242197253433208,0.0,0.0006242197253433,0.0,0.0,0.0,0.0,0.3751560549313358,49,2,0,4,1,1,17
51300.0,0.9746588693957114,0.0,0.0253411306042884,0.0,0.0,0.0,0.0,0.0,32,0,0,2,5,6,6
90002.0,1.0,0.0,0.0,0.0,0.0,0.0,0.0,0.0,48,0,0,1,5,6,16
25001.0,0.999960001599936,0.0,3.999840006399744e-05,0.0,0.0,0.0,0.0,0.0,29,0,0,2,5,6,6
144022.0,0.0,0.0,0.0001458110566441,0.0,0.0,0.0,0.0,0.999854188943356,58,0,0,2,1,1,45
38885.0,0.7972225794007972,0.0771505722000771,0.0,0.0,0.0,0.0,0.0,0.0021859328790021,50,1,0,3,1,1,6
345600.0,0.6365740740740741,0.0,0.0341435185185185,0.005787037037037,0.0,0.0,0.0,0.3234953703703703,63,0,0,2,1,1,42
128651.0,0.9267320114107158,0.0,0.0032879651149233,2.3318901524278863e-05,0.0,0.0,0.0,0.0,23,0,0,1,5,6,35
36300.0,1.0,0.0,0.0,0.0,0.0,0.0,0.0,0.0,53,1,0,2,5,4,40
125060.0,0.9595394210778826,0.0,0.0004797697105389,0.0,0.0,0.0,0.0,0.0,30,0,0,1,4,6,8
592998.0,0.2394611786211757,0.0,0.2782454578261646,0.0067453853132725,0.0,0.0,0.0,0.475547978239387,40,2,1,4,1,1,54
35000.0,1.0,0.0,0.0,0.0,0.0,0.0,0.0,0.0,27,0,0,2,5,6,12
271276.0,0.6450994559046874,0.0,0.011604417641074,7.372565210339285e-06,0.0,0.0,0.0,0.3432887538890281,60,1,0,3,1,1,35
35160.0,0.0,0.0,0.0017349260523321,0.0,0.0,0.363452787258248,0.0,0.0,85,0,0,1,5,5,36
70000.0,0.6428571428571429,0.0,0.0,0.0,0.0,0.0,0.0,0.3571428571428571,49,0,0,2,1,1,40
133058.0,0.6237881224729066,0.2254655864359903,4.5093117287198064e-05,0.0,0.0,0.1507011979738159,0.0,0.0,68,0,0,1,5,4,39
89719.0,0.0,0.0,0.0091953766760663,0.0055729555612523,0.0,0.0522966149867921,0.0,0.0660952529564529,75,0,0,2,1,1,30
36400.0,1.0,0.0,0.0,0.0,0.0,0.0,0.0,0.0,37,0,0,3,5,4,29
352083.0,0.0,0.2840239375374556,0.0001817753200239,0.0,0.0,0.0483976789563824,0.0,0.5412899799195077,70,0,0,3,1,1,33
1172398.0,0.0,0.0,0.0881944527370398,0.0025588579987342,0.0,0.0,0.0,0.909246689264226,70,0,0,2,1,1,6
141665.0,0.6353015917834327,0.0,0.0144495817597854,0.0,0.0,0.2342074612642501,0.0,0.1160413651925316,70,1,0,6,1,1,35
205331.0,0.0633124077708675,0.5844222255772387,0.0454388280386303,0.0,0.0,0.0,0.0048701852131436,0.3019563534001198,54,1,0,3,1,1,48
302627.0,0.3634837605368985,0.0,0.0004130497278828,0.0,0.0,0.0,0.0297395804075644,0.6063636093276542,42,2,0,4,1,1,50
162176.0,0.5054755327545383,0.0,0.0308307024467245,0.0,0.0,0.0,0.0,0.4636937647987372,57,0,0,2,1,1,37
32992.0,0.0,0.0,0.0,0.0587112027158098,0.0,0.2621847720659553,0.0,0.0,74,0,0,1,5,4,2
40396.0,0.9654421229824736,0.0,0.0147539360332706,0.0,0.0,0.0,0.0,0.0,33,2,1,3,4,3,31
15002.0,1.0,0.0,0.0,0.0,0.0,0.0,0.0,0.0,19,0,0,5,5,6,36
173453.0,0.0,0.0,0.0148455201120764,0.0,0.0,0.2767320253901633,0.0086478757934426,0.3348342202210397,77,1,0,6,1,1,6
276000.0,0.1992753623188405,0.4710144927536231,0.2228260869565217,0.0452898550724637,0.0,0.0,0.0,0.0,69,0,0,2,5,6,50
247197.0,0.6877106113747335,0.0,0.0001901317572624,0.0,0.0,0.0,0.0,0.312099256868004,35,3,3,5,1,1,29
116910.0,0.0,0.0,0.1462663587374904,0.0,0.1197502352236763,0.451629458557865,0.0,0.2823539474809682,69,0,0,2,1,1,23
4972.0,1.0,0.0,0.0,0.0,0.0,0.0,0.0,0.0,23,0,0,2,5,6,48
112363.0,0.0,0.0,0.0204693715902921,0.0,0.0,0.4768384610592455,0.0,0.0,63,0,0,2,4,5,10
47850.0,0.9822361546499476,0.0,0.0177638453500522,0.0,0.0,0.0,0.0,0.0,39,0,0,1,5,6,6
101852.0,0.0,0.0,0.0419726662215764,0.000981816753721,0.0244865098378038,0.2315025723598947,0.0,0.7010564348270039,65,0,0,2,1,1,1
120605.0,0.6698146842999876,0.0994983624227851,8.29153020189876e-06,0.0,0.0,0.0,0.0,0.2306786617470254,47,3,0,5,1,1,45
17250.0,0.2898550724637681,0.0,0.1884057971014492,0.5217391304347826,0.0,0.0,0.0,0.0,60,0,0,1,5,4,22
2064.0,0.0,0.0,0.0,0.0,0.0,0.0,0.0,0.0,58,0,0,2,1,1,45
42485.0,0.7061315758503001,0.0,0.000117688595975,0.0,0.0,0.0,0.0,0.0,26,0,0,1,5,6,32
50771.0,0.0,0.0,0.0,0.0,0.0,0.3214433436410549,0.0,0.678556656358945,73,1,0,3,1,1,49
81000.0,0.6419753086419753,0.0,0.0,0.0,0.0,0.0,0.0,0.3580246913580246,55,3,0,5,1,1,10
100025.0,0.5498625343664084,0.0,4.9987503124218944e-05,0.0,0.0,0.0,0.0,0.4500874781304674,69,0,0,2,1,1,12
99200.0,0.5040322580645161,0.0,0.001008064516129,0.0,0.0,0.0,0.0,0.4949596774193548,38,1,0,3,1,1,10
53862.0,0.0,0.0,0.0003156214028443,0.0,0.0,0.2760016338049088,0.0,0.7236827447922468,72,0,0,2,1,1,48
40002.0,0.0,0.999950002499875,4.999750012499375e-05,0.0,0.0,0.0,0.0,0.0,47,0,0,1,5,6,30
75000.0,1.0,0.0,0.0,0.0,0.0,0.0,0.0,0.0,45,1,0,3,5,4,38
137001.0,0.25547258779133,0.0,0.0,0.0,0.0,0.0,0.0,0.74452741220867,42,2,0,4,1,1,16
23000.0,1.0,0.0,0.0,0.0,0.0,0.0,0.0,0.0,27,2,1,5,4,6,12
165552.0,0.0,0.0,0.2023593795302986,0.038960568280661,0.1467816758480719,0.224702812409394,0.0,0.2712199188170484,69,0,0,2,1,1,17
50595.0,0.9777448364462892,0.0,0.0197845636920644,0.0,0.0,0.0,0.0,0.0,31,0,0,2,5,6,22
120375.0,0.9968847352024922,0.0,0.0020768431983385,0.0006230529595015,0.0,0.0,0.0,0.0004153686396677,39,2,1,4,1,1,22
119858.0,0.417160306362529,0.0,0.0083432061272505,0.0,0.0,0.0865941363947337,0.0,0.4879023511154866,72,1,0,3,1,1,28
2000.0,1.0,0.0,0.0,0.0,0.0,0.0,0.0,0.0,20,0,0,4,5,6,19
57845.0,0.0,0.0,5.186273662373584e-05,3.457515774915723e-05,0.0,0.3630391563661509,0.0,0.0,80,0,0,2,5,4,11
900863.0,0.6660280197987929,0.0,0.123770207012609,0.0055502334983232,0.0,0.0,0.0,0.2046515396902747,58,0,0,2,1,1,55
40865.0,0.0,0.0,0.0867490517557812,0.3670622782332069,0.0,0.5461886700110119,0.0,0.0,69,0,0,2,5,4,39
56065.0,0.9988406314099706,0.0,0.0011593685900294,0.0,0.0,0.0,0.0,0.0,26,0,0,1,5,6,20
93950.0,0.8728046833422033,0.0,0.0026609898882384,0.0,0.0,0.0,0.0,0.0,42,2,0,3,4,4,53
168860.0,0.8755181807414426,0.0,0.0829799834182162,0.0,0.0,0.0,0.0,0.0415018358403411,43,2,0,4,1,1,54
25900.0,0.0,0.0,0.0,0.0,0.0,0.9034749034749034,0.0,0.0,78,0,0,3,5,5,37
22190.0,0.0,0.0090130689499774,0.0004506534474988,0.0,0.0,0.5398828301036503,0.0,0.0,85,0,0,1,5,5,16
68000.0,0.7352941176470589,0.0,0.0,0.0,0.0,0.0,0.0,0.2647058823529412,67,1,0,3,1,1,42
30000.0,1.0,0.0,0.0,0.0,0.0,0.0,0.0,0.0,43,2,0,3,4,2,48
611701.0,0.8697059511101012,0.0,0.0322069115466543,0.0326957124477481,0.0,0.0,0.0490435686716222,0.0,54,0,0,1,5,6,46
96793.0,0.3348692570743752,0.0,0.0,0.0,0.0,0.2312047358796607,0.0,0.433926007045964,66,1,0,3,1,1,5
87021.0,0.9537927626664828,0.0,0.0462072373335172,0.0,0.0,0.0,0.0,0.0,60,2,0,3,4,5,11
205039.0,0.1775613419885973,0.0,0.005003926082355,0.0009803013085315,0.0,0.0,0.0,0.8164544306205161,50,3,0,5,1,1,16
153620.0,0.2799114698606952,0.0,0.0024410883999479,0.0,0.0,0.0,0.0,0.7176474417393569,42,2,0,4,1,1,22
198502.0,0.8060372187685766,0.0,0.00756667439119,0.0050377326173036,0.0,0.0,0.0,0.1813583742229297,55,2,0,4,1,1,20
50451.0,0.9910606330895324,0.0,0.0089393669104675,0.0,0.0,0.0,0.0,0.0,29,0,0,2,5,6,55
44102.0,0.9977325291370006,0.0,0.0022674708629994,0.0,0.0,0.0,0.0,0.0,59,1,0,2,4,4,37
65000.0,1.0,0.0,0.0,0.0,0.0,0.0,0.0,0.0,24,0,0,1,5,6,17
2301.0,0.9995654063450674,0.0,0.0004345936549326,0.0,0.0,0.0,0.0,0.0,22,0,0,2,5,6,8
128500.0,0.0622568093385214,0.0,0.001556420233463,0.0,0.0,0.0,0.0,0.9361867704280156,35,2,0,4,1,1,34
39520.0,1.0,0.0,0.0,0.0,0.0,0.0,0.0,0.0,33,0,0,7,5,6,30
34740.0,0.8635578583765112,0.0,0.0,0.0,0.0,0.0,0.0,0.0,25,0,0,5,5,4,35
145823.0,0.0,0.0,7.543391646036633e-05,0.0,0.0,0.0,0.0,0.7201333123032718,67,0,0,2,1,1,17
235500.0,0.0424628450106157,0.0,0.0010615711252653,0.0,0.0,0.0,0.0,0.9564755838641188,36,3,1,5,1,1,46
60350.0,0.7456503728251864,0.0,0.0057995028997514,0.0,0.0,0.0,0.0,0.0,41,1,0,2,4,3,5
67510.0,0.0,0.0,0.3933343208413568,0.1036883424677825,0.162938823877944,0.2488520219226781,0.0,0.0,80,0,0,1,5,5,39
194453.0,0.0,0.0,0.0224732968892225,0.0514263086709899,0.0,0.0925673556077818,0.0,0.1649910261091369,80,0,0,2,1,1,10
394548.0,0.304145503208735,0.0,0.2575402739337165,0.0001267272930036,0.0,0.0,0.0,0.4380607682715411,42,0,0,2,1,1,29
161600.0,0.7852722772277227,0.0,0.0,0.0,0.0,0.0,0.0,0.2147277227722772,57,1,0,3,1,1,32
67598.0,0.9911535844255748,0.0,0.0088464155744252,0.0,0.0,0.0,0.0,0.0,41,1,0,3,4,4,6
60030.0,0.0,0.0,0.0,0.0,0.0,0.0,0.0,1.0,31,0,0,2,1,1,25
24000.0,1.0,0.0,0.0,0.0,0.0,0.0,0.0,0.0,46,1,0,3,4,4,54
132077.0,0.4542804576118476,0.0,0.0037932418210589,0.0030285363840789,0.0,0.0,0.0,0.5388977641830145,36,3,0,5,1,1,21
154390.0,0.0,0.0,0.0027009521342055,0.0006477103439341,0.0,0.0,0.0084979597124166,0.9881533778094436,40,2,0,4,1,1,2
36100.0,0.969529085872576,0.0,0.002770083102493,0.0277008310249307,0.0,0.0,0.0,0.0,70,0,0,1,5,4,18
111003.0,0.990964208174554,0.0,0.0090267830599173,9.00876552885958e-06,0.0,0.0,0.0,0.0,51,0,0,2,5,4,18
43464.0,0.9999769924535248,0.0,2.300754647524388e-05,0.0,0.0,0.0,0.0,0.0,53,1,0,3,1,1,41
123010.0,0.6340947890415414,0.0,5.690594260629217e-05,2.438826111698236e-05,0.0,0.0,0.0,0.3658239167547354,28,0,0,2,1,1,56
50680.0,0.0,0.2175217048145225,0.0513417521704814,0.0009865824782951,0.0394632991318074,0.4555643251775848,0.0,0.0,80,0,0,1,5,4,12
167932.0,0.5597503751518472,0.0,0.0083486172974775,0.0029773956125098,0.0,0.0,0.0,0.4289236119381654,36,0,0,2,1,1,26
41200.0,0.0,0.0,0.0825242718446602,0.0,0.0,0.9174757281553398,0.0,0.0,77,0,0,1,5,6,6
87352.0,0.4006777177397198,0.2289586958512684,0.0017171902188845,0.0,0.0,0.0,0.0,0.3686463961901273,32,2,2,4,1,1,48
140106.0,0.9635561646182176,0.0,0.0221689292392902,0.0142749061424921,0.0,0.0,0.0,0.0,35,0,0,2,5,6,8
80910.0,0.0,0.0,0.0,0.0,0.0,0.1223581757508342,0.0,0.8776418242491657,65,0,0,2,1,1,20
5000.0,1.0,0.0,0.0,0.0,0.0,0.0,0.0,0.0,24,0,0,4,5,6,48
37488.0,0.0,0.0,0.0522833973538198,0.0,0.1333760136577038,0.8143405889884763,0.0,0.0,85,0,0,1,5,5,28
6161.0,0.9998376886869016,0.0,0.0001623113130985,0.0,0.0,0.0,0.0,0.0,34,0,0,1,5,6,6
26000.0,1.0,0.0,0.0,0.0,0.0,0.0,0.0,0.0,40,4,1,7,4,6,6
177114.0,0.5025012139074269,0.0,0.0056856036225256,0.0,0.0,0.0,0.0,0.0310929683706539,41,2,0,4,1,1,12
30898.0,0.0,0.0,0.0003236455434008,0.0,0.0,0.7550003236455434,0.0,0.0,71,0,0,1,5,4,47
40000.0,1.0,0.0,0.0,0.0,0.0,0.0,0.0,0.0,68,1,0,2,5,5,48
208001.0,0.9855721847491118,0.0,0.0144278152508882,0.0,0.0,0.0,0.0,0.0,49,1,0,3,4,4,6
48000.0,1.0,0.0,0.0,0.0,0.0,0.0,0.0,0.0,32,2,0,4,5,6,11
327067.0,0.0,0.0,0.0003057477519896,0.0190022227861569,0.3057477519896535,0.1374641892945482,0.0,0.4946631729890205,80,0,0,2,1,1,6
4000.0,1.0,0.0,0.0,0.0,0.0,0.0,0.0,0.0,23,2,2,4,4,3,1
326520.0,0.6278329045693986,0.0,0.0091877986034546,0.0,0.0,0.0,0.0,0.3629792968271468,33,1,1,3,1,1,50
88004.0,0.943138948229626,1.1363119858188264e-05,0.0568383255306577,0.0,0.0,0.0,0.0,0.0,25,0,0,1,5,6,16
111180.0,0.0,0.0,0.0,0.0,0.0,0.0933621154883972,0.0,0.9066378845116028,73,0,0,2,1,1,37
73501.0,0.5578155399246268,0.0,0.0340131426783309,0.0,0.0,0.0,0.0,0.4081713173970422,32,2,1,4,1,1,30
6011.0,0.9981700216270172,0.0,0.0018299783729828,0.0,0.0,0.0,0.0,0.0,20,0,0,6,5,6,6
38934.0,0.0,0.0,0.0,0.0,0.0,0.5775928494375097,0.1836954846663584,0.2387116658961319,74,0,0,2,1,1,46
50560.0,0.9159018987341772,0.0,3.9556962025316456e-05,0.0,0.0,0.0,0.0,0.0,47,2,0,4,4,4,38
70801.0,0.9886866004717448,0.0,0.0113133995282552,0.0,0.0,0.0,0.0,0.0,40,0,0,3,5,6,6
70320.0,0.9954493742889648,0.0,0.0045506257110352,0.0,0.0,0.0,0.0,0.0,24,0,0,3,5,6,36
208587.0,0.2660760258309482,0.0,0.0120189657073547,0.0,0.0,0.0,0.0,0.4821968770824644,64,0,0,2,1,1,33
79521.0,0.980872976949485,0.0,0.0191270230505149,0.0,0.0,0.0,0.0,0.0,30,0,0,2,5,6,42
7000.0,1.0,0.0,0.0,0.0,0.0,0.0,0.0,0.0,28,1,0,3,4,6,40
19140.0,0.0,0.0,0.0,0.0,0.0,0.8131661442006269,0.0,0.0,65,1,0,3,5,5,54
48862.0,0.992591379804347,0.0,0.007408620195653,0.0,0.0,0.0,0.0,0.0,38,0,0,1,5,6,44
816073.0,0.9925582637827745,0.0,0.0074392854560805,2.4507611451426525e-06,0.0,0.0,0.0,0.0,48,0,0,1,5,6,11
49500.0,1.0,0.0,0.0,0.0,0.0,0.0,0.0,0.0,57,0,0,1,5,6,47
30000.0,1.0,0.0,0.0,0.0,0.0,0.0,0.0,0.0,39,2,1,4,5,6,6
12005.0,0.9995835068721366,0.0,0.0004164931278633,0.0,0.0,0.0,0.0,0.0,21,0,0,1,5,6,13
47010.0,0.9146990002127208,0.0,0.0853009997872793,0.0,0.0,0.0,0.0,0.0,52,0,0,1,5,6,9
61511.0,0.6502901919981792,0.0,0.0001625725479995,0.0,0.0,0.0,0.0,0.3495472354538212,24,0,0,2,1,1,48
40000.0,1.0,0.0,0.0,0.0,0.0,0.0,0.0,0.0,25,0,0,2,5,6,32
16000.0,1.0,0.0,0.0,0.0,0.0,0.0,0.0,0.0,45,0,0,2,5,4,17
68281.0,0.0,0.0,1.4645362545949824e-05,0.0,0.0,0.4692374159722324,0.0,0.3725780231689635,76,1,0,3,1,1,15
358154.0,0.3490118775722175,0.0,0.0026524902695488,0.0,0.0,0.0,0.0,0.6483356321582336,59,1,0,3,1,1,34
67740.0,0.0,0.0,0.4177738411573664,0.0,0.0,0.2125775022143489,0.0,0.3696486566282846,78,0,0,2,1,1,36
54044.0,0.1850344164014506,0.0,0.0,0.0,0.0,0.0,0.0,0.0,37,1,0,2,4,6,6
25000.0,1.0,0.0,0.0,0.0,0.0,0.0,0.0,0.0,21,0,0,4,5,6,13
22370.0,1.0,0.0,0.0,0.0,0.0,0.0,0.0,0.0,34,1,0,3,4,6,42
50462.0,0.0,0.0,0.0504736237168562,0.0,0.0,0.5231659466529269,0.0,0.2646545915738575,78,0,0,2,1,1,55
94500.0,0.9523809523809524,0.0,0.0476190476190476,0.0,0.0,0.0,0.0,0.0,42,0,0,1,5,6,12
142445.0,0.982835480360841,0.0,0.0036856330513531,0.0,0.0,0.0,0.0,0.0,53,0,0,1,5,4,12
38805.0,0.0,0.0,0.012627238757892,0.0,0.0,0.6199974230124984,0.0,0.0,80,0,0,1,5,5,42
44200.0,0.0,0.0,0.0,0.0,0.0,0.0,0.0,0.0,44,1,0,8,4,4,29
57055.0,0.9464551748313031,0.0,0.0535448251686968,0.0,0.0,0.0,0.0,0.0,26,0,0,1,5,6,26
1063034.0,0.0,0.0197547773636591,0.0002210653657361,0.0,0.0018814073679675,0.0179533298088301,0.0,0.9601894200938068,64,0,0,2,1,1,6
170120.0,0.4702562896778744,0.0,0.0,0.0,0.0,0.084505055255114,0.0,0.0,71,0,0,2,5,5,13
31000.0,0.7419354838709677,0.0,0.0,0.0,0.0,0.0,0.0,0.0,25,0,0,3,5,6,6
5000.0,1.0,0.0,0.0,0.0,0.0,0.0,0.0,0.0,39,0,0,4,5,6,41
25000.0,1.0,0.0,0.0,0.0,0.0,0.0,0.0,0.0,30,3,1,5,5,6,48
239714.0,0.4004772353721518,0.0,0.0083683055641305,0.0,0.0,0.0,0.0,0.5911544590637176,41,2,2,4,1,1,42
49000.0,1.0,0.0,0.0,0.0,0.0,0.0,0.0,0.0,43,1,0,2,4,6,34
62676.0,0.0,0.0,0.0,0.0,0.0,0.0,0.0,0.9840449294785883,59,2,0,4,1,1,54
52800.0,0.7575757575757576,0.0,0.0151515151515151,0.0,0.0,0.0,0.0,0.2272727272727272,33,1,0,3,1,1,6
33145.0,0.0,0.0,0.000301704631166,0.0,0.0,0.68870116156283,0.0,0.0,73,0,0,1,5,6,29
32000.0,1.0,0.0,0.0,0.0,0.0,0.0,0.0,0.0,51,0,0,1,5,4,6
233425.0,0.0342722501874263,0.2142015636714148,0.0,0.0,0.0,0.0,0.0,0.7515261861411588,47,3,0,5,1,1,36
66004.0,0.257560147869826,0.0,3.0301193867038363e-05,0.0,0.0,0.0,0.0,0.7424095509363069,49,2,0,4,1,1,30
3702.0,0.6753106428957321,0.0,0.0005402485143165,0.0540248514316585,0.0,0.0,0.0,0.0,22,0,0,1,5,6,6
101900.0,0.9813542688910696,0.0,0.0186457311089303,0.0,0.0,0.0,0.0,0.0,56,0,0,2,5,4,41
443008.0,0.2031566021381103,0.0,0.225738587113551,0.0,0.0,0.0,0.0,0.5711048107483386,46,0,0,2,1,1,44
32000.0,1.0,0.0,0.0,0.0,0.0,0.0,0.0,0.0,48,0,0,2,5,4,31
141375.0,0.7214854111405835,0.0,0.030946065428824,0.0,0.0,0.0,0.0,0.0,54,0,0,1,5,4,4
32800.0,0.975609756097561,0.0,0.0,0.0,0.0,0.0,0.0,0.0,44,2,1,4,5,6,55
65046.0,0.9992928081665284,0.0,0.0007071918334716,0.0,0.0,0.0,0.0,0.0,39,2,0,3,4,6,36
110751.0,0.0,0.0,0.0,0.0,0.0,0.1762783180287311,0.0,0.8237216819712689,54,1,0,3,1,1,47
45000.0,1.0,0.0,0.0,0.0,0.0,0.0,0.0,0.0,22,0,0,2,5,6,30
339034.0,0.9438581381218404,0.0,0.0177061887598294,0.0368694585203843,0.0,0.0,0.0,0.0015662145979459,52,1,0,3,1,1,16
20872.0,0.5749329244921426,0.0,0.3819471061709467,0.0,0.0,0.0,0.0,0.0,53,1,0,3,4,4,55
45511.0,0.9887719452440068,0.0,0.011228054755993,0.0,0.0,0.0,0.0,0.0,31,0,0,1,5,6,30
39476.0,0.6332961799574425,0.0,0.0025331847198297,0.0,0.0,0.3641706353227277,0.0,0.0,73,1,0,2,5,3,22
44570.0,0.9759928202827014,0.0,0.0013461969934933,0.0002243661655822,0.0,0.0,0.0,0.0,21,0,0,4,5,6,6
194902.0,0.7696175513847985,0.0,0.0066700187786682,0.0051307836758986,0.0,0.0,0.0,0.2185816461606345,59,0,0,2,1,1,4
60022.0,0.9996334677284996,0.0,0.0003665322715004,0.0,0.0,0.0,0.0,0.0,32,0,0,1,5,6,22
185900.0,0.5701990317374933,0.0,0.1083916083916083,0.0806885422270037,0.0,0.0,0.0,0.2407208176438945,47,1,0,4,1,1,29
20001.0,0.999950002499875,0.0,4.999750012499375e-05,0.0,0.0,0.0,0.0,0.0,31,1,0,3,4,4,48
142531.0,0.0,0.9120822838540388,0.0001052402635216,0.0,0.0,0.0,0.0,0.0878124758824396,34,0,0,2,1,1,54
50672.0,0.0,0.0,0.0001381433533312,0.0,0.0,0.0710451531417745,0.0,0.407345279444269,74,0,0,2,1,1,30
71884.0,0.0,0.0,0.007998998386289,0.0,0.069556507706861,0.4901229759056257,0.0,0.2169745701407823,66,0,0,2,1,1,32
75000.0,1.0,0.0,0.0,0.0,0.0,0.0,0.0,0.0,58,0,0,1,5,4,40
188390.0,0.520197462710335,0.0,0.0020701735760921,0.0,0.0,0.0,0.4777323637135729,0.0,43,0,0,1,5,6,48
164153.0,0.6335552807441838,0.0,0.0004629827051592,0.0,0.0,0.0,0.0,0.365981736550657,32,1,1,3,1,1,49
36144.0,0.99601593625498,0.0,0.0039840637450199,0.0,0.0,0.0,0.0,0.0,27,0,0,1,5,6,29
47072.0,0.0,0.0,0.1699524133242692,0.0,0.0,0.2602821210061183,0.0,0.0,73,0,0,1,5,4,29
401620.0,0.4631243463970917,0.0024899158408445,0.1991932672675663,0.0,0.0,0.0,0.0,0.2216523081519844,64,0,0,2,1,1,6
205022.0,0.760893952844085,0.0,0.019519856405654,0.0,0.0,0.0,0.0,0.2195861907502609,48,3,0,5,1,1,13
24128.0,1.0,0.0,0.0,0.0,0.0,0.0,0.0,0.0,30,0,0,5,5,6,35
35010.0,0.9997143673236218,0.0,0.0002856326763781,0.0,0.0,0.0,0.0,0.0,23,0,0,4,5,6,34
152850.0,0.2355250245338567,0.0,0.0,0.0,0.0,0.1570166830225711,0.0,0.4713771671573438,71,0,0,2,1,1,17
37140.0,0.0,0.0,0.1217016693591814,0.0,0.0,0.0,0.0,0.8782983306408185,60,0,0,2,1,1,28
125888.0,0.9929461108286732,0.0,0.0070538891713268,0.0,0.0,0.0,0.0,0.0,39,0,0,1,5,6,17
71334.0,0.0,0.0,0.490972046990215,0.1401856057420024,0.1542041663162026,0.2146381809515798,0.0,0.0,77,0,0,1,5,5,9
53040.0,1.0,0.0,0.0,0.0,0.0,0.0,0.0,0.0,23,0,0,1,5,6,49
120223.0,0.5839148914933082,0.0,0.0001663575189439,0.0,0.0,0.0,0.0,0.4159187509877478,40,2,0,4,1,1,42
181484.0,0.4959114853099998,0.0,0.0048709528112671,0.0,0.0,0.0,0.0,0.4992175618787331,33,0,0,2,1,1,39
143928.0,0.3335000833750208,0.0,0.0187593796898449,0.0607942860319048,0.104218776054694,0.1709187927296981,0.0,0.3118086821188372,85,0,0,2,1,1,13
169320.0,0.4606661941885188,0.0,0.0001181195369714,0.0,0.0,0.0,0.0,0.5392156862745098,37,2,1,4,1,1,18
50202.0,0.8963786303334529,0.0,0.101629417154695,0.0019919525118521,0.0,0.0,0.0,0.0,33,0,0,1,5,3,15
136079.0,0.1469734492463936,0.0,0.0734867246231968,0.0,0.0,0.0,0.0,0.7795398261304095,63,0,0,2,1,1,12
129450.0,0.5793742757821553,0.0,0.0096562379297025,0.0,0.0,0.0,0.0,0.4109694862881421,43,3,0,5,1,1,48
105700.0,0.6622516556291391,0.0,0.0009460737937559,0.0009460737937559,0.0,0.0,0.0,0.2980132450331126,30,1,1,3,1,1,15
40538.0,0.9867285016527704,0.0,0.0132714983472297,0.0,0.0,0.0,0.0,0.0,38,0,0,1,5,6,30
8196.0,0.8784773060029283,0.0,0.0,0.0,0.0,0.0,0.0,0.0,23,1,1,7,4,6,47
65000.0,1.0,0.0,0.0,0.0,0.0,0.0,0.0,0.0,37,1,0,5,4,3,42
7000.0,0.0,1.0,0.0,0.0,0.0,0.0,0.0,0.0,47,0,0,2,5,3,5
56201.0,0.0,0.5337983309905517,0.0035764488176366,0.0355865553993701,0.0,0.0,0.0,0.4270386647924414,43,3,0,5,1,1,41
86947.0,0.0,0.0,0.0,0.0,0.0,0.0,0.0,1.0,61,0,0,4,1,1,32
274720.0,0.9682585905649388,0.0,0.0208211997670355,0.0109202096680256,0.0,0.0,0.0,0.0,50,2,0,3,4,4,24
190016.0,0.4736443246884473,0.0,0.1052806079488043,0.0,0.0,0.0,0.0,0.4210750673627484,42,2,1,4,1,1,26
205520.0,0.6568703775788245,0.0,0.0487543791358505,0.0,0.0,0.0,0.0,0.294375243285325,50,2,0,4,1,1,55
62000.0,0.5161290322580645,0.0,0.4838709677419355,0.0,0.0,0.0,0.0,0.0,24,3,2,5,5,6,32
98160.0,0.4788101059494702,0.0,0.0,0.0,0.0,0.0,0.0,0.5211898940505297,39,0,0,2,1,1,38
51201.0,0.6249877932071639,0.0,0.0439639850784164,0.3310482217144196,0.0,0.0,0.0,0.0,64,0,0,1,5,4,20
34326.0,0.0072831090135757,0.0,0.0002621919244887,0.0136048476373594,0.3495892326516343,0.6292606187729418,0.0,0.0,65,0,0,1,5,4,16
180071.0,0.9996057110806292,0.0,0.0003942889193706,0.0,0.0,0.0,0.0,0.0,39,0,0,2,5,6,6
25272.0,0.0,0.0,0.0,0.0,0.0,0.3167141500474834,0.0,0.0,85,1,0,2,5,5,42
97578.0,1.0350693803931217,0.0,0.0031769456229887,0.0181188382627231,0.0,0.0,-0.0563651642788333,0.0,29,0,0,1,5,6,53
63122.0,0.9980672348784893,0.0,0.0019327651215107,0.0,0.0,0.0,0.0,0.0,31,0,0,1,5,6,36
80000.0,1.0,0.0,0.0,0.0,0.0,0.0,0.0,0.0,35,0,0,1,5,6,11
15121.0,0.0,0.0,0.0,0.0,0.0,6.613319224918987e-05,0.0,0.0,65,0,0,1,5,3,26
4400.0,0.4545454545454545,0.0,0.0,0.0,0.0,0.0,0.0,0.0,21,1,1,3,5,6,2
133281.0,0.0,0.0,0.1941837171089652,0.0,0.27010601661152,0.216084813289216,0.0225088347176266,0.0,72,0,0,1,5,6,50
188604.0,0.2651057241627961,0.0,0.0011134440414837,0.0,0.0,0.0,0.0,0.7337808317957202,30,3,0,5,1,1,51
163185.0,0.0,0.0,0.0184146827220639,0.0,0.0073536170603915,0.1136133835830499,0.0,0.8606183166344946,68,0,0,2,1,1,5
341401.0,0.3192726441926063,0.0,0.5858242945978482,0.0131809807235479,0.0395429421706439,0.0,0.0421791383153535,0.0,68,0,0,1,5,4,6
152282.0,0.0,0.0,0.4120644593582958,0.1050682286809997,0.0420272914723998,0.1489342141553171,0.0,0.2525052205776126,73,0,0,2,1,1,36
25920.0,0.0,0.0,0.0354938271604938,0.0,0.0,0.0,0.1929012345679012,0.0,53,0,0,1,5,6,20
154500.0,0.517799352750809,0.0,0.0161812297734627,0.0,0.0,0.0,0.0,0.4660194174757281,51,0,0,2,1,1,37
468685.0,0.8534516786327704,0.0,0.0027310453716248,0.0001600221897436,0.0,0.0,0.0,0.143657253805861,46,2,0,4,1,1,35
160010.0,0.0,0.9374414099118804,6.249609399412537e-05,0.0,0.0,0.0,0.0,0.0624960939941253,57,0,0,2,1,1,6
82400.0,0.4368932038834951,0.0,0.0,0.0,0.0,0.0,0.0,0.5631067961165048,32,3,0,5,1,1,6
25000.0,1.0,0.0,0.0,0.0,0.0,0.0,0.0,0.0,22,0,0,3,5,6,12
78640.0,0.0,0.0,0.0,0.0,0.0,0.3006103763987792,0.0,0.6993896236012207,70,0,0,2,1,1,12
23281.0,0.0,0.0,4.2953481379665825e-05,0.0,0.0,0.5360594476182294,0.0,0.0,66,0,0,1,5,6,11
67002.0,0.9999701501447718,0.0,2.9849855228202145e-05,0.0,0.0,0.0,0.0,0.0,65,0,0,1,5,5,34
226000.0,0.0,0.0,0.0254424778761061,0.0442477876106194,0.0,0.0442477876106194,0.0,0.8860619469026548,62,0,0,2,1,1,6
86164.0,0.6035351190752518,0.3017501508750754,1.1605775033656747e-05,0.0,0.0,0.0301169862123392,0.0,0.0,44,3,0,5,4,3,55
39250.0,0.9936305732484076,0.0,0.0063694267515923,0.0,0.0,0.0,0.0,0.0,29,2,1,4,1,1,16
92200.0,0.9761388286334056,0.0,0.0216919739696312,0.0021691973969631,0.0,0.0,0.0,0.0,31,2,1,4,4,6,45
160012.0,0.937429692773042,0.0,0.0625703072269579,0.0,0.0,0.0,0.0,0.0,41,0,0,1,5,4,8
245750.0,0.4476093591047813,0.0,0.0030518819938962,0.0,0.0,0.0,0.0,0.5493387589013224,38,2,2,4,1,1,12
187400.0,0.96051227321238,0.0,0.0245464247598719,0.0149413020277481,0.0,0.0,0.0,0.0,65,0,0,1,5,4,15
38001.0,0.9999736849030288,0.0,2.6315096971132334e-05,0.0,0.0,0.0,0.0,0.0,22,0,0,4,5,6,46
33000.0,1.0,0.0,0.0,0.0,0.0,0.0,0.0,0.0,44,0,0,1,5,6,18
148020.0,0.4053506282934738,0.0,0.0406026212673963,0.0,0.0,0.0,0.0,0.5540467504391299,48,0,0,2,1,1,56
290799.0,0.522697808451886,0.0,0.2303996918833971,0.0085970034284849,0.0,0.0,0.0,0.2383054962362319,53,2,0,4,1,1,45
130000.0,0.6153846153846154,0.0,0.0,0.0,0.0,0.0,0.0,0.3846153846153846,53,0,0,2,1,1,25
246001.0,0.975605790220365,0.0,0.0243901447555091,4.065024125918187e-06,0.0,0.0,0.0,0.0,28,0,0,2,5,6,6
271300.0,0.412827128639882,0.0,0.0110578695171396,0.0,0.0,0.0,0.0,0.5761150018429783,30,0,0,2,1,1,6
35000.0,1.0,0.0,0.0,0.0,0.0,0.0,0.0,0.0,34,2,1,4,4,6,34
160003.0,0.8749835940576114,0.0,1.8749648444091672e-05,0.0,0.0,0.0,0.0,0.1249976562939444,45,3,0,5,1,1,38
89685.0,0.3345040976751965,0.0,0.0,0.0,0.0,0.0,0.0,0.6654959023248035,30,2,1,4,1,1,37
176974.0,0.6642501158362245,0.0,0.0116966334037768,0.0238848644433645,0.0,0.0,0.0,0.1447500762823917,35,2,2,4,1,1,31
65000.0,1.0,0.0,0.0,0.0,0.0,0.0,0.0,0.0,20,0,0,2,5,6,19
96260.0,0.8331601911489716,0.0,0.0525659671722418,0.0,0.0,0.0747974236442967,0.0,0.0,41,1,0,2,4,4,1
21000.0,1.0,0.0,0.0,0.0,0.0,0.0,0.0,0.0,38,0,0,1,5,4,6
45851.0,0.0,0.0,0.0054742535604457,0.0,0.0850581230507513,0.4318335477961222,0.0,0.0,65,1,0,3,5,5,6
62001.0,0.5161207077305204,0.0,1.6128772116578765e-05,0.0,0.0,0.0,0.0,0.0,21,0,0,1,5,6,6
45533.0,0.9992752509169174,0.0,0.0007247490830825,0.0,0.0,0.0,0.0,0.0,31,0,0,1,5,6,39
66050.0,0.9841029523088568,0.0,0.015897047691143,0.0,0.0,0.0,0.0,0.0,28,0,0,3,5,6,6
123001.0,0.0894301672344127,0.0,8.130015203128429e-06,0.0,0.4878009121877057,0.0,0.0,0.0,73,0,0,1,5,6,17
65212.0,0.9967490645893394,0.0,0.0024842053609765,0.0007667300496841,0.0,0.0,0.0,0.0,44,0,0,1,5,6,6
62001.0,0.9999838712278836,0.0,1.6128772116578765e-05,0.0,0.0,0.0,0.0,0.0,30,3,1,5,4,4,12
105090.0,0.9515653249595584,0.0,0.0484346750404415,0.0,0.0,0.0,0.0,0.0,64,0,0,2,5,4,12
77036.0,0.3764473752531284,0.0,1.2980943974245807e-05,0.0,0.0,0.0,0.0,0.6235396438028974,35,0,0,2,1,1,36
60000.0,0.9166666666666666,0.0,0.0833333333333333,0.0,0.0,0.0,0.0,0.0,44,1,0,3,5,6,50
54001.0,0.9999814818244108,0.0,1.8518175589340937e-05,0.0,0.0,0.0,0.0,0.0,40,1,0,3,5,6,36
25775.0,0.0,0.0,0.9699321047526672,0.0,0.0,0.0,0.0,0.0300678952473326,85,0,0,2,1,1,1
58396.0,0.8219741078156038,0.0,0.0015583259127337,0.0,0.0,0.0,0.0,0.1764675662716624,27,0,0,2,1,1,27
36005.0,0.972087210109707,0.0,0.027912789890293,0.0,0.0,0.0,0.0,0.0,25,0,0,3,5,6,54
36000.0,1.0,0.0,0.0,0.0,0.0,0.0,0.0,0.0,30,0,0,2,5,6,41
134670.0,0.3861290562114799,0.0,0.0008168114650627,0.0,0.0,0.0,0.0,0.6130541323234573,55,1,0,3,1,1,6
128000.0,0.859375,0.0,0.0,0.0,0.0,0.0,0.0,0.0,24,0,0,2,5,6,22
168600.0,0.0,0.1779359430604982,0.0,0.0,0.0,0.0,0.0,0.8220640569395018,43,1,0,4,1,1,8
770.0,0.0,0.0,0.0,0.0,0.0,0.0,0.0,0.0,37,1,0,3,4,4,56
50050.0,0.999000999000999,0.0,0.0009990009990009,0.0,0.0,0.0,0.0,0.0,26,0,0,1,5,6,11
46000.0,0.5652173913043478,0.0,0.0,0.0,0.0,0.0,0.0,0.4347826086956521,65,0,0,2,1,1,6
10900.0,0.0,0.0,0.0091743119266055,0.0,0.9908256880733946,0.0,0.0,0.0,65,0,0,2,5,6,35
43002.0,0.999953490535324,0.0,4.650946467606158e-05,0.0,0.0,0.0,0.0,0.0,64,0,0,3,5,6,6
80600.0,0.43424317617866,0.0,0.0,0.0,0.0,0.0,0.0,0.56575682382134,46,2,1,4,1,1,23
79004.0,0.0,0.0,1.26575869576224e-05,0.0,0.0,0.0,0.0,0.9999873424130424,35,2,0,4,1,1,15
25400.0,1.0,0.0,0.0,0.0,0.0,0.0,0.0,0.0,27,0,0,3,5,6,6
13000.0,0.0,0.0,0.0,0.0,0.0,0.0,0.0,0.0,55,0,0,1,5,4,15
108100.0,0.9990749306197964,0.0,0.0009250693802035,0.0,0.0,0.0,0.0,0.0,48,0,0,1,5,4,12
80000.0,0.625,0.0,0.0,0.0,0.0,0.0,0.0,0.375,58,0,0,2,1,1,30
8000.0,1.0,0.0,0.0,0.0,0.0,0.0,0.0,0.0,20,0,0,7,5,6,37
186711.0,0.2677935418909437,0.0,0.0027047147730985,0.0,0.0,0.0,0.0,0.7177188274927562,31,1,1,3,1,1,15
18000.0,1.0,0.0,0.0,0.0,0.0,0.0,0.0,0.0,22,0,0,1,5,6,37
167475.0,0.0,0.0037916106881624,0.0,0.0,0.0,0.0,0.0,0.9962083893118376,65,0,0,2,1,1,12
40000.0,1.0,0.0,0.0,0.0,0.0,0.0,0.0,0.0,31,0,0,2,5,6,39
247010.0,0.5141492247277438,0.1012104773086109,0.0,0.0,0.0,0.0,0.0,0.3846402979636452,49,3,1,5,1,1,31
113368.0,0.0,0.0,0.3529391009808764,0.0,0.2910874320795992,0.2321289958365676,0.0,0.0001058499753016,63,0,0,2,1,1,41
278117.0,0.6472096276027715,0.0,0.0010678958855445,0.0359560904223761,0.0,0.0,0.0,0.3157663860893077,55,0,0,2,1,1,17
113443.0,0.969649956365752,0.0,0.0255899438484525,0.0044074998016625,0.0,0.0,0.0,0.000352599984133,40,2,1,4,1,1,17
47131.0,0.9972205130381278,0.0,0.0027794869618722,0.0,0.0,0.0,0.0,0.0,35,0,0,1,5,4,32
47679.0,0.0,0.0,0.0020973594244845,0.0,0.0,0.1170116822919943,0.0,0.0,85,0,0,1,5,5,17
92900.0,0.9687836383207752,0.0,0.0312163616792249,0.0,0.0,0.0,0.0,0.0,46,1,0,2,4,2,42
135000.0,0.6666666666666666,0.0,0.0,0.0,0.0,0.0,0.0,0.3333333333333333,41,2,0,4,1,1,1
127400.0,0.9419152276295132,0.0,0.0023547880690737,0.0,0.0,0.0,0.0,0.0557299843014128,45,2,0,5,1,1,36
30006.0,0.9998000399920016,0.0,0.0001999600079984,0.0,0.0,0.0,0.0,0.0,20,0,0,4,5,6,51
256012.0,0.4882583628892395,0.0,0.195311157289502,0.0,0.0,0.0,0.0,0.3164304798212584,50,0,0,2,1,1,12
201500.0,0.0,0.0,0.0,0.0,0.0,0.0,0.0,1.0,48,2,0,4,1,1,6
144905.0,0.8971395051930575,0.0,0.0338497636382457,0.0690107311686967,0.0,0.0,0.0,0.0,58,0,0,1,5,6,32
87161.0,0.9752068012069618,0.0,0.0190566881977031,0.005736510595335,0.0,0.0,0.0,0.0,47,0,0,1,5,5,4
45620.0,0.6707584392810171,0.0,0.0004384042086804,0.0,0.0,0.0,0.0,0.0,24,0,0,1,5,6,11
138160.0,0.1664736537348002,0.0,0.0007237984944991,0.0,0.0,0.0,0.0,0.8328025477707006,36,2,0,4,1,1,45
4000.0,1.0,0.0,0.0,0.0,0.0,0.0,0.0,0.0,23,0,0,1,5,6,26
61693.0,0.0,0.0,0.0,0.0,0.0,0.0324672167020569,0.0,0.9441913993483864,76,0,0,2,1,1,6
42672.0,0.0,0.0,0.2500937382827146,0.004686914135733,0.0,0.5389951256092989,0.0,0.0,35,0,0,3,5,5,17
80000.0,1.0,0.0,0.0,0.0,0.0,0.0,0.0,0.0,41,2,0,4,5,6,39
51002.0,0.9999607858515352,0.0,3.921414846476609e-05,0.0,0.0,0.0,0.0,0.0,45,4,0,6,4,4,12
56000.0,1.0,0.0,0.0,0.0,0.0,0.0,0.0,0.0,21,0,0,5,5,6,39
21700.0,1.0,0.0,0.0,0.0,0.0,0.0,0.0,0.0,28,3,2,6,5,6,34
38000.0,1.0,0.0,0.0,0.0,0.0,0.0,0.0,0.0,61,0,0,2,5,4,15
115005.0,0.9999565236294076,0.0,4.347637059258293e-05,0.0,0.0,0.0,0.0,0.0,34,1,0,3,4,4,6
345400.0,0.3155761436016213,0.0,0.006658946149392,0.0,0.0,0.0,0.0,0.6777649102489867,42,1,1,3,1,1,34
68335.0,0.8194922075071339,0.0,0.0005121826296919,0.0,0.0,0.0,0.0,0.0,46,2,0,3,4,4,50
91300.0,0.2190580503833515,0.2190580503833515,0.0010952902519167,0.0,0.0,0.0,0.0,0.0,42,4,0,5,4,4,49
20000.0,1.0,0.0,0.0,0.0,0.0,0.0,0.0,0.0,21,0,0,7,5,6,44
20000.0,1.0,0.0,0.0,0.0,0.0,0.0,0.0,0.0,24,0,0,3,5,6,32
53678.0,0.0975259883006073,0.0,0.0149036849361004,0.0,0.0,0.0,0.0,0.6267558403815343,57,1,0,3,1,1,36
74000.0,0.4729729729729729,0.0,0.0,0.0,0.0,0.0,0.0,0.527027027027027,43,1,0,3,1,1,1
27000.0,1.0,0.0,0.0,0.0,0.0,0.0,0.0,0.0,51,0,0,1,5,4,39
45000.0,1.0,0.0,0.0,0.0,0.0,0.0,0.0,0.0,20,0,0,4,5,6,49
44019.0,0.0,0.0,0.0009086985165496,0.0,0.0,0.9990913014834504,0.0,0.0,85,0,0,1,5,5,1
15758.0,0.1586495748191395,0.0,0.003680670135804,0.0,0.0,0.0,0.0,0.0,49,0,0,1,5,3,6
117400.0,0.4258943781942078,0.0,0.0204429301533219,0.0,0.0,0.0,0.0,0.5536626916524702,63,1,0,3,1,1,48
61520.0,0.812743823146944,0.0,0.1872561768530559,0.0,0.0,0.0,0.0,0.0,25,0,0,5,5,2,10
75730.0,0.0,0.0,0.0680179585369074,0.6998547471279546,0.0,0.2321272943351379,0.0,0.0,74,0,0,1,5,4,6
360040.0,0.3194089545606043,0.0,0.0167203644039551,0.0,0.0,0.0,0.0166648150205532,0.6472058660148873,57,0,0,2,1,1,6
40001.0,0.9999750006249843,0.0,2.499937501562461e-05,0.0,0.0,0.0,0.0,0.0,32,0,0,1,5,4,26
109270.0,0.0,0.0,0.1642719868216345,0.631463347670907,0.0,0.2042646655074586,0.0,0.0,23,0,0,7,5,6,53
145750.0,0.7890222984562607,0.0,0.0051457975986277,0.0,0.0,0.0,0.0,0.0,58,0,0,1,5,5,45
47457.0,0.1137872179025222,0.0,0.0,0.0,0.0,0.0,0.0,0.8862127820974777,39,2,0,4,1,1,56
30000.0,1.0,0.0,0.0,0.0,0.0,0.0,0.0,0.0,30,4,3,6,4,6,1
90138.0,0.99846901417826,0.0,0.0012536333178015,0.0,0.0,0.0,0.0,0.0002773525039384,35,1,1,3,1,1,22
14600.0,0.6575342465753424,0.0,0.0,0.0,0.0,0.0,0.0,0.0,43,1,0,2,4,6,26
215200.0,0.3020446096654275,0.0,0.0009293680297397,0.0,0.0,0.0,0.0,0.6970260223048327,52,1,0,3,1,1,28
43680.0,1.0,0.0,0.0,0.0,0.0,0.0,0.0,0.0,30,0,0,2,5,6,10
12000.0,1.0,0.0,0.0,0.0,0.0,0.0,0.0,0.0,36,0,0,5,5,3,32
20101.0,0.9949753743594846,0.0,0.0050246256405153,0.0,0.0,0.0,0.0,0.0,33,0,0,3,5,6,6
143005.0,0.52445718681165,0.0,3.4963812454109994e-05,0.0,0.0,0.0,0.0,0.4755078493758959,59,0,0,2,1,1,12
311000.0,0.5787781350482315,0.0,0.22508038585209,0.1704180064308681,0.0,0.0,0.0,0.0257234726688102,55,1,0,3,1,1,20
58676.0,0.2385984047992365,0.0,3.408548639989093e-05,0.0,0.0,0.1879644147521985,0.0,0.5734030949621651,72,0,0,2,1,1,56
24000.0,1.0,0.0,0.0,0.0,0.0,0.0,0.0,0.0,52,0,0,1,5,6,40
26640.0,0.0,0.0,0.0,0.0,0.0,0.5495495495495496,0.4504504504504504,0.0,66,1,0,3,5,5,38
216268.0,0.3856326409824847,0.0,0.232003810087484,0.0,0.0,0.0,0.0,0.3823635489300312,31,1,1,3,1,1,31
11000.0,1.0,0.0,0.0,0.0,0.0,0.0,0.0,0.0,42,0,0,2,5,6,48
251700.0,0.7151370679380215,0.0,0.0516487882399682,0.0,0.0,0.0,0.0695272149384187,0.1636869288835915,41,3,0,7,1,1,42
138683.0,0.0,0.0,0.0075207487579587,0.0,0.0,0.196419171780247,0.0,0.0,80,0,0,1,5,6,34
121300.0,0.989282769991756,0.0,0.0,0.010717230008244,0.0,0.0,0.0,0.0,26,1,1,3,5,6,48
42000.0,0.9523809523809524,0.0,0.0476190476190476,0.0,0.0,0.0,0.0,0.0,26,0,0,2,5,6,8
24665.0,0.0,0.0,0.0032434623961078,0.0,0.0,0.5432799513480641,4.054327995134806e-05,0.0,75,0,0,2,5,4,36
174090.0,0.0103394795795278,0.0,0.0172382101212016,0.0,0.0,0.0,0.0,0.9724223102992704,61,0,0,2,1,1,17
33020.0,0.9993943064809206,0.0,0.0006056935190793,0.0,0.0,0.0,0.0,0.0,27,1,0,5,5,6,24
7200.0,1.0,0.0,0.0,0.0,0.0,0.0,0.0,0.0,43,1,1,5,4,4,18
26000.0,1.0,0.0,0.0,0.0,0.0,0.0,0.0,0.0,61,1,0,6,1,1,6
38005.0,0.9998684383633732,0.0,0.0001315616366267,0.0,0.0,0.0,0.0,0.0,33,0,0,2,5,6,36
54009.0,0.0,0.0,0.0001666388935177,0.0,0.0,0.3554963061711937,0.0,0.0,65,0,0,1,5,6,55
18000.0,0.0,1.0,0.0,0.0,0.0,0.0,0.0,0.0,54,0,0,2,5,4,18
152025.0,0.986679822397632,0.0,0.013320177602368,0.0,0.0,0.0,0.0,0.0,49,0,0,1,5,6,48
99961.0,0.2496973819789718,0.0,1.000390152159342e-05,0.0,0.0,0.0,0.0,0.7502926141195067,61,0,0,2,1,1,13
28000.0,1.0,0.0,0.0,0.0,0.0,0.0,0.0,0.0,36,0,0,7,5,6,36
67000.0,0.0,0.0,0.0,0.0,0.0,0.0,0.0,0.0,52,0,0,1,4,3,37
22000.0,1.0,0.0,0.0,0.0,0.0,0.0,0.0,0.0,31,0,0,1,5,6,44
380000.0,1.0,0.0,0.0,0.0,0.0,0.0,0.0,0.0,29,0,0,1,5,6,41
23400.0,1.0,0.0,0.0,0.0,0.0,0.0,0.0,0.0,24,0,0,2,5,6,45
112955.0,0.0,0.0,0.0,0.0,0.0,0.0,0.0,1.0,34,4,0,8,1,1,6
47001.0,0.9999787238569392,0.0,2.127614306078594e-05,0.0,0.0,0.0,0.0,0.0,35,0,0,1,5,6,12
101251.0,0.0,0.0,0.0049480992780318,9.876445664734176e-05,0.0,0.2151089865779103,0.0,0.0,78,0,0,1,5,5,39
151240.0,0.3076567045755091,0.0198360222163448,0.0011703253107643,0.0,0.0,0.0,0.0,0.6680309441946575,46,2,0,4,1,1,41
351571.0,0.8419351994334003,0.0,0.071146368727796,0.0,0.0,0.0,0.0,0.0869184318388035,40,2,1,4,1,1,42
117003.0,0.3076844183482475,0.0,0.0,0.0,0.0,0.0,0.0,0.6923155816517526,45,5,0,7,1,1,16
35000.0,1.0,0.0,0.0,0.0,0.0,0.0,0.0,0.0,22,0,0,1,5,6,13
90200.0,0.2328159645232816,0.0,0.1374722838137472,0.0,0.2660753880266075,0.0,0.0,0.1108647450110864,64,0,0,2,1,1,12
35000.0,1.0,0.0,0.0,0.0,0.0,0.0,0.0,0.0,48,0,0,1,5,5,25
10000.0,1.0,0.0,0.0,0.0,0.0,0.0,0.0,0.0,21,0,0,2,5,6,48
3000.0,1.0,0.0,0.0,0.0,0.0,0.0,0.0,0.0,18,0,0,2,5,6,2
108000.0,0.3333333333333333,0.0,0.0,0.0,0.0,0.0,0.0,0.6666666666666666,33,1,1,3,1,1,6
23628.0,0.0,0.0,0.0,0.0,0.0,0.8501777552056882,0.0,0.0,68,0,0,2,5,4,12
147593.0,0.0,0.0,9.485544707404825e-05,0.0,0.0,0.3223662368811529,0.0,0.0,68,0,0,1,5,4,5
125525.0,0.4779924317864967,0.0,0.0010754829715196,0.0,0.0,0.0,0.0,0.5209320852419836,27,1,1,3,1,1,26
10630.0,0.940733772342427,0.0,0.0587958607714016,0.0004703668861712,0.0,0.0,0.0,0.0,58,0,0,1,5,6,5
152710.0,0.0,0.0,0.0,0.0,0.0,0.1178704734464016,0.0,0.0963263702442538,69,0,0,2,1,1,12
31200.0,0.0,0.0,0.0,0.0,0.0,0.0,0.0,0.0,47,1,0,2,4,6,36
352124.0,0.6815780804489328,0.0,0.0003521486748986,0.0,0.283990866853722,0.0,0.0340789040224466,0.0,60,0,0,2,1,1,6
84000.0,0.4047619047619047,0.0,0.0,0.0,0.0,0.0,0.0,0.5952380952380952,40,2,0,4,1,1,6
201885.0,0.9906630012135622,0.0,0.0026500235282462,0.0002476657503033,0.0,0.0,0.0,0.0,45,2,0,4,5,4,6
29000.0,0.3064827586206896,0.0,0.0,0.0,0.0,0.6935172413793104,0.0,0.0,66,0,0,1,5,4,40
70000.0,1.0,0.0,0.0,0.0,0.0,0.0,0.0,0.0,38,1,1,3,5,6,22
418625.0,0.0658417438041206,0.0,0.0046987160346372,0.0,0.0,0.0,0.0,0.9294595401612422,47,4,0,6,1,1,56
73052.0,0.0,0.0,0.0575206702075234,0.0034222197886437,0.5913595794776324,0.2792531347533264,0.0684443957728741,0.0,85,0,0,1,5,5,6
60494.0,0.0,0.0,0.002810196052501,0.0,0.0,0.4760802724237114,0.1983667801765464,0.0,80,0,0,1,5,5,4
24001.0,0.0,0.0,0.0,0.0,0.0,0.0,0.0,1.0,57,0,0,2,1,1,6
150349.0,0.0,0.0,0.003325595780484,0.0,0.498839367072611,0.2490206120426474,0.0,0.2488144251042574,80,0,0,2,1,1,24
44213.0,0.9725646303123516,0.0,0.0048175875873611,0.0226177821002872,0.0,0.0,0.0,0.0,56,0,0,1,5,4,24
182154.0,0.4776178398497974,0.0,0.0004391888182526,0.0,0.0,0.0,0.065878322737903,0.4560646485940468,61,0,0,2,1,1,6
23434.0,0.0,0.0,4.267303917384997e-05,0.0485619185798412,0.0,0.4731159853204745,0.2048305880344798,0.0,71,0,0,1,5,6,42
100025.0,0.7998000499875031,0.0,0.2001999500124968,0.0,0.0,0.0,0.0,0.0,30,0,0,2,5,4,49
327000.0,0.0,0.0,0.1162079510703364,0.091743119266055,0.3975535168195718,0.0856269113149847,0.0642201834862385,0.0,77,0,0,1,5,5,15
16401.0,0.0,0.0,0.0013413816230717,0.0,0.0,0.6328272666300835,0.0,0.0,72,0,0,1,5,6,11
50000.0,1.0,0.0,0.0,0.0,0.0,0.0,0.0,0.0,40,2,0,4,4,6,6
80227.0,0.3116157901953207,0.0,0.0,0.0003116157901953,0.0,0.0,-0.1246338514465205,0.8127064454610043,27,1,1,3,1,1,33
93476.0,0.0,0.0,0.0130621763875219,0.0,0.0393897898925927,0.2780499807437203,0.0,0.3436818006761094,79,0,0,2,1,1,16
33424.0,0.0,0.0,0.0581917185256103,0.0,0.0,0.4182324078506462,0.5235758736237435,0.0,80,0,0,1,5,5,19
38398.0,0.0,0.0,0.052554820563571,0.3125162768894213,0.0,0.660971925621126,-0.0260430230741184,0.0,69,0,0,1,5,5,45
60000.0,0.4166666666666667,0.0,0.0,0.0,0.0,0.0,0.0,0.5833333333333334,58,0,0,2,1,1,37
50000.0,1.0,0.0,0.0,0.0,0.0,0.0,0.0,0.0,49,0,0,2,5,6,26
48000.0,1.0,0.0,0.0,0.0,0.0,0.0,0.0,0.0,43,0,0,3,5,6,9
152000.0,0.986842105263158,0.0,0.0131578947368421,0.0,0.0,0.0,0.0,0.0,28,1,1,3,1,1,48
66301.0,0.9351291835718918,0.0,0.0301805402633444,0.0150827287672885,0.0,0.0,0.0,0.0196075473974751,55,1,0,3,1,1,55
43005.0,0.9068712940355772,0.0,0.0931287059644227,0.0,0.0,0.0,0.0,0.0,30,0,0,3,5,6,46
70000.0,1.0,0.0,0.0,0.0,0.0,0.0,0.0,0.0,54,6,2,8,1,1,21
6000.0,1.0,0.0,0.0,0.0,0.0,0.0,0.0,0.0,22,0,0,8,5,2,51
37000.0,1.0,0.0,0.0,0.0,0.0,0.0,0.0,0.0,25,0,0,3,5,6,17
55001.0,0.9999818185123908,0.0,1.8181487609316193e-05,0.0,0.0,0.0,0.0,0.0,44,3,0,5,5,6,36
65552.0,0.0305101293629484,0.0,0.0763058335367342,0.1067854527703197,0.0,0.0,0.0228825970222113,0.7635159873077861,54,0,0,2,1,1,39
81000.0,0.4938271604938271,0.0,0.0,0.0,0.0,0.0,0.0,0.5061728395061729,54,0,0,6,1,1,42
63152.0,0.9975931086901444,0.0,0.0024068913098555,0.0,0.0,0.0,0.0,0.0,48,2,0,3,4,4,39
12002.0,0.9998333611064822,0.0,0.0001666388935177,0.0,0.0,0.0,0.0,0.0,39,0,0,1,5,6,55
160002.0,0.7499906251171861,0.0,0.2500093748828139,0.0,0.0,0.0,0.0,0.0,31,0,0,1,5,6,44
198021.0,0.2676483807272966,0.0,2.5249847238424208e-05,6.564960281990294e-05,0.0,0.0,0.0,0.7322607198226451,48,2,0,4,1,1,42
46001.0,0.9999782613421448,0.0,2.1738657855264015e-05,0.0,0.0,0.0,0.0,0.0,27,0,0,3,5,6,34
152600.0,0.8191349934469201,0.0,0.0,0.0,0.0,0.0,0.0,0.1579292267365661,41,4,0,6,1,1,6
210000.0,0.8571428571428571,0.0,0.0,0.0,0.0,0.0,0.0,0.1428571428571428,59,2,0,4,1,1,6
43470.0,0.9546813894639982,0.0,0.0426040947780078,0.002714515757994,0.0,0.0,0.0,0.0,63,0,0,1,5,6,17
362407.0,0.0331119432019801,0.0,0.0005546250486331,0.0,0.0,0.0,0.0,0.9663334317493868,52,1,0,4,1,1,37
20000.0,1.0,0.0,0.0,0.0,0.0,0.0,0.0,0.0,21,0,0,5,5,6,6
50000.0,0.0,1.0,0.0,0.0,0.0,0.0,0.0,0.0,61,0,0,1,5,4,56
55000.0,1.0,0.0,0.0,0.0,0.0,0.0,0.0,0.0,50,0,0,1,5,6,27
20001.0,0.999950002499875,0.0,4.999750012499375e-05,0.0,0.0,0.0,0.0,0.0,24,0,0,1,5,6,48
91940.0,0.7069828148792691,0.0,0.0,0.0,0.0,0.2930171851207309,0.0,0.0,80,0,0,1,5,4,5
72231.0,0.9691129847295482,0.0,0.0308870152704517,0.0,0.0,0.0,0.0,0.0,34,0,0,1,5,6,30
210232.0,0.6421477225160774,5.232314776056928e-05,0.0005707979755698,0.0,0.0,0.0,0.0,0.3572243997107956,33,1,1,3,1,1,36
1751.0,0.8566533409480297,0.0,0.1433466590519703,0.0,0.0,0.0,0.0,0.0,27,0,0,3,5,6,26
40696.0,0.0,0.491448791035974,0.0048161981521525,0.0122862197758993,0.0,0.0,0.0,0.491448791035974,48,2,0,4,1,1,6
21264.0,0.0,0.0,0.0,0.0,0.0,0.5643340857787811,0.0,0.2409706546275395,80,0,0,2,1,1,32
492160.0,0.0,0.203185955786736,0.0824122236671001,0.0010159297789336,0.002235045513654,0.0,0.7111508452535761,0.0,64,0,0,2,5,6,32
22321.0,0.0,0.0,4.480086017651539e-05,0.1075220644236369,0.0,0.8924331347161866,0.0,0.0,80,2,0,3,4,5,35
67000.0,0.373134328358209,0.0,0.0,0.0,0.0,0.0,0.0,0.6268656716417911,31,3,2,5,1,1,6
160887.0,0.7614039667592782,0.0,0.0086209575664907,0.0,0.0,0.0,0.0,0.0,47,0,0,1,5,6,11
37000.0,1.0,0.0,0.0,0.0,0.0,0.0,0.0,0.0,39,0,0,6,5,6,6
92500.0,0.972972972972973,0.0,0.001081081081081,0.0,0.0,0.0,0.0,0.0,36,1,0,2,4,6,22
77960.0,0.0,0.0,0.0705489994869163,0.0,0.0,0.4217547460236018,0.0,0.5076962544894817,68,0,0,2,1,1,6
139840.0,0.693649885583524,0.0,0.0013586956521739,0.0178775743707093,0.0,0.0,0.0,0.2871138443935926,58,2,0,4,1,1,18
99200.0,0.4032258064516129,0.0,0.0,0.0,0.0,0.0,0.0,0.5967741935483871,30,2,1,4,1,1,8
32002.0,1.0,0.0,0.0,0.0,0.0,0.0,0.0,0.0,48,1,0,3,5,6,40
160542.0,0.0,0.0,0.0003114449801298,0.0,0.0,0.0878212554970039,0.0,0.902523950118972,85,1,0,3,1,1,15
72363.0,0.996807760872269,0.0,0.003192239127731,0.0,0.0,0.0,0.0,0.0,29,0,0,1,5,6,11
42120.0,0.9971509971509972,0.0,0.0,0.0,0.0,0.0,0.0,0.0,36,3,0,5,5,4,27
87900.0,0.7963594994311718,0.0,0.0,0.0,0.0,0.0,0.0,0.2036405005688282,28,2,1,4,1,1,27
87255.0,0.9168529024124692,0.0,0.0,0.0,0.0,0.0,0.0,0.0831470975875308,30,1,1,3,1,1,15
80000.0,1.0,0.0,0.0,0.0,0.0,0.0,0.0,0.0,47,0,0,1,5,3,1
238115.0,0.5627532914768074,0.0,0.0021208239716103,0.0020998257144656,0.0,0.0,0.0,0.4330260588371165,47,4,0,6,1,1,26
464060.0,0.0,0.0,0.0155475585053656,0.0150842563461621,0.0280136189285868,0.108322199715554,0.0,0.8330323665043313,75,0,0,2,1,1,11
50000.0,0.0,1.0,0.0,0.0,0.0,0.0,0.0,0.0,70,1,0,3,1,1,12
243762.0,0.6153543210180422,0.0,0.0082088266423806,0.0020511810700601,0.0,0.0,0.0,0.374385671269517,42,2,2,4,1,1,35
100475.0,0.9952724558347849,0.0,0.0047275441652152,0.0,0.0,0.0,0.0,0.0,46,1,0,2,4,4,6
40000.0,1.0,0.0,0.0,0.0,0.0,0.0,0.0,0.0,26,0,0,3,5,6,12
51536.0,0.9119838559453586,0.0,0.0006985408258304,0.0,0.0,0.0,0.0,0.0,19,0,0,1,5,6,16
81124.0,0.3081702085695971,0.0,0.0,0.0,0.0,0.0,0.0,0.0,25,0,0,3,5,6,32
74353.0,0.0,0.0,0.3402821674982852,0.2033004720724113,0.0,0.3550630102349602,0.0,0.0,72,0,0,1,5,5,41
58835.0,0.0,0.0,0.0007648508540834,0.016146851363984,0.0,0.43035608056429,0.0,0.5527322172176425,71,0,0,2,1,1,35
36000.0,1.0,0.0,0.0,0.0,0.0,0.0,0.0,0.0,23,0,0,1,5,6,5
48000.0,1.0,0.0,0.0,0.0,0.0,0.0,0.0,0.0,28,0,0,1,5,6,25
25000.0,0.0,0.0,0.0,0.0,0.0,0.0,0.0,1.0,25,1,1,3,1,1,48
75250.0,0.0,0.9966777408637874,0.0033222591362126,0.0,0.0,0.0,0.0,0.0,39,3,0,6,1,1,6
35001.0,0.9999714293877318,0.0,2.8570612268220908e-05,0.0,0.0,0.0,0.0,0.0,23,0,0,2,5,6,8
70710.0,0.7071135624381276,0.0,0.0043133927308725,0.0,0.0,0.0,0.0,0.2885730448309999,52,0,0,2,1,1,12
225262.0,0.39953476396374,0.0,0.4661771625928918,0.0011098187887881,0.0,0.0,0.0,0.13317825465458,57,2,2,4,1,1,12
158808.0,0.9256460631706211,0.0,0.013897284771548,6.296911994357967e-06,0.0,0.0,0.0604503551458364,0.0,49,0,0,1,5,3,56
38001.0,0.9999736849030288,0.0,2.6315096971132334e-05,0.0,0.0,0.0,0.0,0.0,22,0,0,5,5,6,6
92575.0,0.0,0.594112881447475,0.0005401026194977,0.0216041047799081,0.0,0.0,0.0,0.3837429111531191,56,0,0,2,1,1,12
123471.0,0.0,0.0,8.099067797296531e-06,0.0,0.0,0.0,0.0,0.9999919009322028,63,0,0,3,1,1,34
66000.0,0.4242424242424242,0.0,0.0,0.0,0.0,0.0,0.0,0.5757575757575758,51,3,0,5,1,1,6
107869.0,0.1006869443491642,0.0,0.0,0.0,0.0,0.0,0.1112460484476541,0.7880670072031817,33,3,2,5,1,1,12
85004.0,0.0,0.0,0.0,0.0,0.0,0.3779116276881088,0.0,0.2388122911862971,71,0,0,2,1,1,54
65050.0,0.9992313604919292,0.0,0.0007686395080707,0.0,0.0,0.0,0.0,0.0,27,0,0,3,5,6,34
299370.0,0.4496108494505127,0.0,0.0004509469886762,0.0083508701606707,0.0,0.0,0.0,0.5415873334001403,62,2,0,4,1,1,17
41000.0,0.073170731707317,0.0,0.0,0.0,0.0,0.0,0.0,0.926829268292683,61,1,0,3,1,1,17
44000.0,1.0,0.0,0.0,0.0,0.0,0.0,0.0,0.0,30,0,0,5,5,6,41
20010.0,0.9995002498750624,0.0,0.0004997501249375,0.0,0.0,0.0,0.0,0.0,25,0,0,1,5,6,6
24000.0,1.0,0.0,0.0,0.0,0.0,0.0,0.0,0.0,23,0,0,5,5,6,6
462601.0,0.3242535143676732,0.0,0.0259402811494138,0.0002161690095784,0.0,0.0,0.0,0.6495900354733345,37,4,0,6,1,1,26
18500.0,1.0,0.0,0.0,0.0,0.0,0.0,0.0,0.0,50,1,0,3,5,4,12
232000.0,0.3103448275862069,0.0,0.0,0.0,0.0,0.0,0.0,0.6896551724137931,47,1,0,3,1,1,48
203713.0,0.0,0.2945320131753987,0.0,0.0,0.0,0.0,0.0,0.7054679868246013,39,2,0,8,1,1,15
50712.0,0.0,0.0,0.0056199716043539,0.0351198927275595,0.0,0.0459851711626439,0.0,0.4877740968607035,69,0,0,2,1,1,55
101067.0,0.5639823087654724,0.0,0.0005936655881741,0.0,0.0,0.0,0.0098944264695696,0.4255295991767837,35,1,1,3,1,1,41
166955.0,0.5390674133748615,0.0,0.0045042077206432,0.0023958551705549,0.0,0.0,0.0,0.4540325237339402,39,3,0,5,1,1,42
20000.0,1.0,0.0,0.0,0.0,0.0,0.0,0.0,0.0,44,0,0,1,5,6,35
27802.0,0.0,0.0,3.596863534997482e-05,0.0,0.0,0.4316236241996978,0.0,0.5683404071649522,85,0,0,2,1,1,12
57056.0,0.9113853056646102,0.0,0.0175266404935501,0.0,0.0,0.0710880538418396,0.0,0.0,70,0,0,1,5,5,11
101387.0,0.0,0.0,0.0023375777959698,0.0,0.0,0.0,0.0,0.99766242220403,30,1,1,3,1,1,6
105051.0,0.8567267327298169,0.0,0.1432637480842638,9.519185919220188e-06,0.0,0.0,0.0,0.0,61,0,0,1,5,4,37
20000.0,1.0,0.0,0.0,0.0,0.0,0.0,0.0,0.0,27,0,0,7,5,6,12
98040.0,0.999592003263974,0.0,0.0004079967360261,0.0,0.0,0.0,0.0,0.0,55,0,0,3,5,4,48
22200.0,0.8423423423423423,0.1576576576576576,0.0,0.0,0.0,0.0,0.0,0.0,41,3,0,5,4,6,28
17400.0,0.0,0.0,0.0,0.0,0.0,0.0,0.0,0.0,72,0,0,1,5,5,6
69036.0,0.0,0.0,0.0026942464800973,0.5794078451822238,0.0,0.0,0.4178979083376788,0.0,56,0,0,1,5,6,9
101102.0,0.0,0.0,9.891001167138135e-06,0.0108801012838519,0.0,0.0,0.0,0.9891100077149808,24,0,0,2,1,1,26
209251.0,0.7769425235721693,0.0,0.0001290316414258,0.0,0.0,0.0,0.0,0.2229284447864048,52,2,0,4,1,1,13
50500.0,0.9504950495049505,0.0,0.0495049504950495,0.0,0.0,0.0,0.0,0.0,60,0,0,1,5,4,5
104000.0,1.0,0.0,0.0,0.0,0.0,0.0,0.0,0.0,47,2,0,4,1,1,6
53135.0,0.0,0.0,0.0,0.0,0.0,0.5262068316552179,0.0,0.2179166274583607,78,0,0,2,1,1,28
70437.0,0.0,0.0,0.0,0.0,0.0,0.2325340375086957,0.0,0.7674659624913043,68,0,0,3,1,1,6
89068.0,0.101046391521085,0.0,1.1227376835676112e-05,0.0,0.0,0.0,1.1227376835676112e-05,0.8989311537252437,66,2,2,4,1,1,6
23000.0,1.0,0.0,0.0,0.0,0.0,0.0,0.0,0.0,76,1,0,2,4,6,12
408402.0,0.6121419581686671,0.0,2.4485678326746685e-06,0.0,0.0,0.0,0.0,0.3878555932635001,43,2,1,5,1,1,6
62400.0,1.0,0.0,0.0,0.0,0.0,0.0,0.0,0.0,19,0,0,6,5,6,27
45200.0,0.6194690265486725,0.0,0.0,0.0,0.0,0.2654867256637168,0.1150442477876106,0.0,37,2,1,5,4,5,44
18854.0,0.0,0.0,0.0,0.0265195714437254,0.0,0.8910576005091758,0.0,0.0,85,0,0,1,5,5,36
40390.0,0.9903441445902452,0.0,0.0096558554097548,0.0,0.0,0.0,0.0,0.0,36,1,1,2,4,4,26
130502.0,0.9578397265942284,0.0,0.0306661966866408,0.0114940767191307,0.0,0.0,0.0,0.0,34,0,0,2,5,6,19
80508.0,0.9936900680677696,0.0,0.0063099319322303,0.0,0.0,0.0,0.0,0.0,33,0,0,1,5,6,18
131669.0,0.0,0.0,3.797401058715415e-05,0.0,0.0,0.1412633193842134,0.0296197282579802,0.0,71,0,0,2,1,1,10
79348.0,0.8317789988405505,0.0,0.0,0.0006049301809749,0.0,0.0,0.0,0.1676160709784745,39,4,1,7,1,1,6
33801.0,0.999970415076477,0.0,2.9584923522972692e-05,0.0,0.0,0.0,0.0,0.0,46,2,0,4,4,6,12
45500.0,1.0,0.0,0.0,0.0,0.0,0.0,0.0,0.0,43,0,0,1,5,6,45
30000.0,1.0,0.0,0.0,0.0,0.0,0.0,0.0,0.0,39,0,0,1,5,6,6
45930.0,0.0,0.0,4.3544524276072285e-05,0.0,0.0,0.2873938602220771,0.0,0.6707598519486174,70,0,0,2,1,1,23
53001.0,0.9999811324314636,0.0,1.8867568536442707e-05,0.0,0.0,0.0,0.0,0.0,26,0,0,2,5,6,41
120003.0,0.9999750006249843,0.0,1.6666250010416408e-05,8.333125005208204e-06,0.0,0.0,0.0,0.0,64,0,0,2,1,1,8
27000.0,0.7407407407407407,0.0,0.0,0.0,0.0,0.0,0.0,0.0,41,0,0,1,5,6,30
38001.0,0.9999736849030288,0.0,2.6315096971132334e-05,0.0,0.0,0.0,0.0,0.0,37,0,0,3,5,6,30
88001.0,0.9772616220270224,0.0,0.0227383779729775,0.0,0.0,0.0,0.0,0.0,52,0,0,1,5,6,20
39000.0,0.9230769230769232,0.0,0.0,0.0,0.0,0.0,0.0,0.0,31,2,2,6,4,4,6
51026.0,0.0,0.0,0.0003919570415082,0.0,0.0,0.0,0.0,0.9996080429584916,29,2,2,4,1,1,49
167012.0,0.3353052475271238,0.0,3.5925562235048976e-05,0.0,0.0,0.0,0.0,0.6646588269106412,61,0,0,2,1,1,55
97000.0,0.5257731958762887,0.0,0.0,0.0,0.0,0.0,0.0,0.4742268041237113,33,2,0,4,1,1,12
52440.0,0.6864988558352403,0.0,0.0,0.0,0.0,0.0,0.0,0.3135011441647597,40,6,0,8,1,1,6
32900.0,0.513677811550152,0.0,0.0,0.0,0.0,0.0,0.0,0.0,24,0,0,4,5,6,45
40000.0,1.0,0.0,0.0,0.0,0.0,0.0,0.0,0.0,23,0,0,5,5,6,6
301792.0,0.0,0.0,0.0778682006149931,0.5964372813063302,0.0,0.0903801293606192,0.0,0.2353143887180574,76,0,0,2,1,1,17
209999.0,0.952380725622503,0.0,0.0,0.0,0.0,0.0,0.0,0.047619274377497,53,1,0,3,1,1,46
9011.0,0.9987792697813784,0.0,0.0012207302186216,0.0,0.0,0.0,0.0,0.0,21,0,0,2,5,6,26
55182.0,0.3080714725816389,0.0,0.0010873110796999,0.0,0.0,0.0,0.0,0.6908412163386611,28,1,1,3,1,1,6
59466.0,0.0,0.1189082837251538,0.0,0.0,0.0,0.0,0.0,0.8810917162748462,58,0,0,2,1,1,16
32100.0,0.9968847352024922,0.0,0.0031152647975077,0.0,0.0,0.0,0.0,0.0,56,1,0,3,4,4,13
132936.0,0.0,0.0,0.0,0.0,0.0,0.3229824878136847,0.0,0.6770175121863152,66,0,0,2,1,1,40
185212.0,0.9718592747770124,0.0,0.0270554823661533,0.0010798436386411,0.0,0.0,5.399218193205624e-06,0.0,27,0,0,1,5,6,36
60370.0,0.8447904588371707,0.0,0.0425708133178731,0.0,0.0,0.0,0.0,0.0,40,0,0,1,5,2,4
33428.0,0.957281321048223,0.0,0.0,0.0,0.0,0.0,0.0,0.0,63,0,0,1,5,4,42
10000.0,1.0,0.0,0.0,0.0,0.0,0.0,0.0,0.0,21,0,0,5,5,6,6
314100.0,0.0,0.0795924864692773,0.172238140719516,0.003183699458771,0.0,0.0,0.0,0.7449856733524355,45,0,0,2,1,1,11
37884.0,0.5939182768451061,0.0,0.0,0.0,0.0,0.4060817231548939,0.0,0.0,63,1,0,2,4,5,22
236823.0,0.658719803397474,0.0,0.0211888203426187,0.0010556407105728,0.0,0.0,0.0,0.3190357355493343,36,1,1,3,1,1,27
102400.0,0.21875,0.0,0.0,0.0,0.0,0.0,0.0,0.78125,45,2,0,4,1,1,6
298031.0,0.0,6.710711301844439e-06,0.0167767782546111,0.0,0.0603964017165999,0.0884907945817717,0.0,0.8262361969056911,78,0,0,2,1,1,41
20000.0,1.0,0.0,0.0,0.0,0.0,0.0,0.0,0.0,45,1,0,2,5,3,24
30000.0,1.0,0.0,0.0,0.0,0.0,0.0,0.0,0.0,25,0,0,2,5,6,13
39012.0,0.0,0.0,5.126627704296114e-05,0.0,0.0,0.5413718855736697,0.0,0.2878601455962268,78,0,0,2,1,1,16
5011.0,0.9978048293753742,0.0,0.0021951706246258,0.0,0.0,0.0,0.0,0.0,21,0,0,1,5,6,1
50001.0,0.999980000399992,0.0,1.999960000799984e-05,0.0,0.0,0.0,0.0,0.0,61,0,0,1,5,4,37
80066.0,0.9991756800639472,0.0,0.0008243199360527,0.0,0.0,0.0,0.0,0.0,36,0,0,1,5,6,17
124137.0,0.5236150382238978,0.0,0.0083536737636643,0.0064444927781402,0.0,0.0,0.0,0.4615867952342976,56,0,0,2,1,1,15
81305.0,0.7379619949572597,0.2336879650697989,0.0283500399729413,0.0,0.0,0.0,0.0,0.0,57,0,0,1,5,6,17
137200.0,0.9475218658892128,0.0,0.0,0.0,0.0,0.0,0.0,0.0524781341107871,42,1,0,4,1,1,25
96000.0,1.0,0.0,0.0,0.0,0.0,0.0,0.0,0.0,25,0,0,3,5,6,42
64236.0,0.0,0.0,0.008032878759574,0.0,0.0,0.5921912946011583,0.0,0.0,70,0,0,1,5,5,15
39005.0,0.1538264325086527,0.0,0.0001281886937572,0.0,0.0,0.0,0.0,0.0,19,0,0,1,5,6,6
20000.0,1.0,0.0,0.0,0.0,0.0,0.0,0.0,0.0,41,2,2,3,4,3,42
111701.0,0.2596216685616064,0.0,0.0223901307956061,0.0,0.0,0.0,0.0,0.7179882006427875,38,1,1,3,1,1,18
53202.0,0.9962031502575092,0.0,0.0037968497424908,0.0,0.0,0.0,0.0,0.0,62,1,0,2,5,4,12
29579.0,0.0,0.0,0.0,0.0,0.0,0.7971533858480679,0.0,0.0,85,0,0,1,5,5,18
128383.0,0.0,0.0,0.2531098354143461,0.0054524352912768,0.0289757989765,0.1596395161353138,0.0,0.5528224141825631,78,0,0,2,1,1,44
35102.0,0.9970941826676544,0.0,0.0029058173323457,0.0,0.0,0.0,0.0,0.0,46,1,0,3,5,2,42
40000.0,1.0,0.0,0.0,0.0,0.0,0.0,0.0,0.0,31,0,0,2,5,4,17
20000.0,1.0,0.0,0.0,0.0,0.0,0.0,0.0,0.0,40,2,1,4,5,6,27
57600.0,0.9722222222222222,0.0,0.0277777777777777,0.0,0.0,0.0,0.0,0.0,26,0,0,2,5,6,5
3501.0,0.9997143673236218,0.0,0.0002856326763781,0.0,0.0,0.0,0.0,0.0,22,0,0,1,5,6,4
38861.0,0.8440338642855305,0.0,0.0002830601374128,0.0,0.0,0.0,0.0,0.0,39,0,0,2,5,4,38
55000.0,1.0,0.0,0.0,0.0,0.0,0.0,0.0,0.0,36,0,0,1,5,6,11
82060.0,0.9992688276870584,0.0,0.0007311723129417,0.0,0.0,0.0,0.0,0.0,59,1,0,2,4,4,21
88140.0,0.8509189925119128,0.0,0.0001701837985023,0.0,0.0,0.0,0.0,0.0,45,3,0,4,4,5,42
52628.0,0.9880671885688228,0.0,0.0119328114311773,0.0,0.0,0.0,0.0,0.0,41,1,0,2,4,4,23
122163.0,0.0982294147982613,0.0,0.0,8.185784566521778e-06,0.0,0.2077552122983227,0.0,0.3796730597644131,70,0,0,2,1,1,4
170340.0,0.0,0.4402958788305741,0.0,0.0,0.0,0.1194082423388517,0.0,0.4402958788305741,69,0,0,2,1,1,41
115562.0,0.4413215416832522,0.0,0.000977830082553,0.0,0.0,0.0,0.0,0.5577006282341946,25,0,0,2,1,1,29
35000.0,1.0,0.0,0.0,0.0,0.0,0.0,0.0,0.0,43,0,0,1,5,6,28
100556.0,0.3480647599347627,0.0,0.0011038625243645,0.0,0.0,0.0,0.0,0.6508313775408727,36,0,0,2,1,1,48
12000.0,1.0,0.0,0.0,0.0,0.0,0.0,0.0,0.0,39,0,0,1,5,6,6
116067.0,0.0,0.0,0.0140953070209448,0.0,0.0,0.0,0.0,0.9859046929790553,60,0,0,2,1,1,4
200000.0,1.0,0.0,0.0,0.0,0.0,0.0,0.0,0.0,35,2,1,4,1,1,32
55002.0,0.9999636376859024,0.0,1.8181157048834587e-05,0.0,0.0,0.0,0.0,1.8181157048834587e-05,58,0,0,2,1,1,4
110013.0,0.4544917418850499,0.0,0.0001090780180524,0.0,0.0,0.0,0.0,0.5453991800968976,55,0,0,2,1,1,6
28000.0,1.0,0.0,0.0,0.0,0.0,0.0,0.0,0.0,33,0,0,4,5,6,6
52033.0,0.9993657870966502,0.0,0.0006342129033497,0.0,0.0,0.0,0.0,0.0,40,1,0,3,1,1,48
30000.0,1.0,0.0,0.0,0.0,0.0,0.0,0.0,0.0,42,0,0,1,5,6,17
23000.0,1.0,0.0,0.0,0.0,0.0,0.0,0.0,0.0,33,1,1,3,4,6,37
178041.0,0.4718014389943889,0.0,0.0001741171977241,0.0,0.0,0.0,0.0,0.5280244438078869,34,0,0,2,1,1,33
114801.0,0.8972047281818103,0.0,0.0156880166549071,0.0,0.0,0.0,0.0871072551632825,0.0,40,0,0,1,5,6,9
22005.0,0.9088843444671666,0.0,0.0002272210861167,0.0,0.0,0.0,0.0,0.0,26,0,0,5,5,6,6
53760.0,0.8370535714285714,0.0,0.0,0.0,0.0,0.0,0.0,0.0915178571428571,51,0,0,2,1,1,37
120651.0,0.9946042718253476,0.0,0.0012515437087135,0.0041441844659389,0.0,0.0,0.0,0.0,47,2,0,3,4,4,4
347156.0,0.6538847088916798,0.0,0.0635305165401145,0.0,0.0,0.0,0.0,0.2825847745682056,40,5,1,7,1,1,4
18000.0,1.0,0.0,0.0,0.0,0.0,0.0,0.0,0.0,35,0,0,2,5,4,25
80332.0,0.0,0.0,0.000759348702883,0.002987601453966,0.0,0.1740153363541303,0.0,0.6877956480605487,76,0,0,2,1,1,50
236701.0,0.5914634919159615,0.0,0.0008449478455942,0.0021123696139855,0.0,0.0,4.224739227971153e-06,0.4055749658852307,52,0,0,2,1,1,11
80000.0,0.975,0.0,0.025,0.0,0.0,0.0,0.0,0.0,48,1,0,3,5,4,22
76849.0,0.9759398300563442,0.0,0.0,0.0,0.0,0.0,0.0,0.0,60,1,0,2,4,3,33
115020.0,0.9998261171970092,0.0,0.0001738828029907,0.0,0.0,0.0,0.0,0.0,50,0,0,1,5,4,26
24000.0,0.0,0.0,0.0,0.0,0.0,0.5,0.0,0.0,77,0,0,4,5,5,1
110829.0,0.9093197628779472,0.0,0.0906802371220528,0.0,0.0,0.0,0.0,0.0,64,1,0,2,5,5,4
54265.0,0.0,0.0,1.8428084400626554e-05,0.0,0.0,0.2534230166774164,0.0,0.6457200773979545,74,0,0,2,1,1,13
39479.0,0.0,0.0,0.0018744142455482,0.0,0.0,0.0,0.0,0.0028369512905595,75,0,0,3,1,1,23
20000.0,1.0,0.0,0.0,0.0,0.0,0.0,0.0,0.0,52,2,0,3,4,6,21
79041.0,0.9488746346832656,0.0,0.0005187181336268,0.0126516617957768,0.0,0.0,0.0,0.0,43,0,0,1,5,6,42
139012.0,0.5898771329093891,0.0,0.0072367853134981,0.0,0.0,0.0,0.0,0.4028860817771127,26,1,1,3,1,1,13
104835.0,0.648638336433443,0.0,0.00796489721944,0.0,0.0,0.0,0.0,0.0,48,2,0,3,4,4,48
237007.0,0.0,0.0,0.0483403443780141,0.0379735619623049,0.0,0.0,0.0,0.6181252030530744,69,0,0,2,1,1,11
38550.0,0.8819714656290532,0.0,0.1115434500648508,0.0,0.0,0.0,0.0,0.0,40,0,0,1,5,6,31
35000.0,1.0,0.0,0.0,0.0,0.0,0.0,0.0,0.0,37,3,0,4,4,3,36
35500.0,0.9577464788732394,0.0,0.0,0.0,0.0,0.0,0.0422535211267605,0.0,52,1,0,2,4,5,45
91000.0,0.989010989010989,0.0,0.0109890109890109,0.0,0.0,0.0,0.0,0.0,27,0,0,1,5,6,48
250840.0,0.4736086748524956,0.0,7.973210014351778e-06,0.0,0.0,0.0,0.0,0.5263833519374901,52,1,0,3,1,1,26
24000.0,1.0,0.0,0.0,0.0,0.0,0.0,0.0,0.0,22,0,0,5,5,6,6
35075.0,0.9978617248752673,0.0,0.0021382751247327,0.0,0.0,0.0,0.0,0.0,25,0,0,2,5,6,31
124700.0,0.5998396150761829,0.0,0.0,0.0,0.0,0.0,0.0,0.3857257417802726,47,4,0,6,1,1,5
141067.0,0.6379947117327227,0.0,0.0265831129888634,0.0070888301303635,0.0,0.0,0.0,0.3283333451480502,52,3,0,5,1,1,17
30001.0,0.9999666677777408,0.0,3.333222225925803e-05,0.0,0.0,0.0,0.0,0.0,52,0,0,1,5,4,26
121814.0,0.4076953387952123,0.0,0.0164266833040537,0.0,0.0,0.0,0.0,0.5758779779007339,52,0,0,2,1,1,1
109229.0,0.6179677558157632,0.0,0.0011077644215364,0.0,0.0,0.0,0.0,0.3809244797627004,38,5,1,7,1,1,55
75000.0,1.0,0.0,0.0,0.0,0.0,0.0,0.0,0.0,33,0,0,1,5,6,35
115501.0,0.3463173479017498,0.0,0.0277140457658375,0.0017315867395087,0.0,0.0,0.0,0.624237019592904,40,2,1,4,1,1,38
41319.0,1.0,0.0,0.0,0.0,0.0,0.0,0.0,0.0,22,0,0,6,5,6,54
177330.0,0.6090340043985789,0.0,0.0085151976540912,0.0,0.0,0.0,0.0,0.3824507979473298,36,0,0,2,1,1,42
65507.0,0.0,0.0,0.0,0.0,0.0,0.1245668401850184,0.0,0.7746805684888638,80,0,0,2,1,1,55
35004.0,0.9998857273454462,0.0,0.0001142726545537,0.0,0.0,0.0,0.0,0.0,49,0,0,1,5,2,26
148700.0,0.5110961667787491,0.0,0.0040349697377269,0.0,0.0,0.0,0.0,0.4848688634835238,34,0,0,2,1,1,39
196040.0,0.4131809834727606,0.0,0.040813099367476,9.181799632728016e-05,0.0,0.0,0.0,0.545914099163436,37,2,0,4,1,1,10
550430.0,0.1998437585160692,0.0,5.631960467271043e-05,0.0001798593826644,0.0,0.0,0.0,0.7999200624965935,37,3,1,5,1,1,39
160000.0,1.0,0.0,0.0,0.0,0.0,0.0,0.0,0.0,25,0,0,2,5,6,6
50000.0,1.0,0.0,0.0,0.0,0.0,0.0,0.0,0.0,47,2,0,5,5,4,39
90300.0,0.9966777408637874,0.0,0.0033222591362126,0.0,0.0,0.0,0.0,0.0,41,0,0,1,5,6,17
4005.0,0.9987515605493134,0.0,0.0012484394506866,0.0,0.0,0.0,0.0,0.0,24,0,0,4,5,6,24
35000.0,1.0,0.0,0.0,0.0,0.0,0.0,0.0,0.0,46,0,0,1,5,4,48
73402.0,0.7220511702678402,0.0,2.7247213972371324e-05,0.0,0.0,0.2779215825181875,0.0,0.0,43,2,0,3,4,4,49
26002.0,0.0,1.0,0.0,0.0,0.0,0.0,0.0,0.0,42,1,0,3,1,1,22
135084.0,0.9993781646975216,0.0,0.0004071540670989,0.0,0.0,0.0,0.0,0.0002146812353794,53,1,1,3,1,1,15
368051.0,0.1358507380770599,0.3396268451926499,0.3124539805624764,0.0190191033307883,0.0,0.0,0.1222656642693539,0.0707836685676713,62,0,0,2,1,1,18
59763.0,0.3346552214580928,0.0,3.346552214580928e-05,0.0,0.0,0.0,0.0,0.6653113130197614,48,1,0,5,1,1,4
14670.0,0.0,0.9202453987730062,0.0003408316291751,0.0,0.0,0.0794137695978186,0.0,0.0,80,0,0,1,5,4,6
70835.0,0.8470388932025129,0.0,0.0004941060210347,0.0,0.0,0.0,0.0,0.0,47,0,0,1,5,4,46
41000.0,0.926829268292683,0.0,0.073170731707317,0.0,0.0,0.0,0.0,0.0,58,0,0,2,5,6,54
58000.0,1.0,0.0,0.0,0.0,0.0,0.0,0.0,0.0,49,0,0,3,5,6,32
145110.0,0.8269588587967749,0.0,0.0,0.0,0.0,0.0,0.0,0.1730411412032251,52,1,0,3,1,1,6
45403.0,0.0,0.0,0.0909411272382882,0.0,0.0,0.5809087505230932,0.0,0.0,78,0,0,1,5,6,25
40001.0,0.9999750006249843,0.0,0.0,0.0,0.0,0.0,2.499937501562461e-05,0.0,39,0,0,1,5,6,18
26924.0,0.0,0.0,0.0152280493240231,0.0,0.2050215421185559,0.0666320011885306,0.0,0.0,74,0,0,1,5,5,45
16000.0,1.0,0.0,0.0,0.0,0.0,0.0,0.0,0.0,17,1,1,3,5,6,48
6101.0,0.983445336830028,0.0,0.0165546631699721,0.0,0.0,0.0,0.0,0.0,61,0,0,2,5,6,54
31761.0,0.0,0.0,0.0047227732124303,0.0,0.0,0.995182771323321,3.1485154749535595e-05,0.0,72,0,0,1,5,4,30
336016.0,0.4464073139374315,0.0,0.0922575115470691,0.0148802437979143,0.0,0.0,0.0,0.4464549307175848,57,0,0,2,1,1,28
94123.0,0.6799613271995155,0.0,0.0013068006757115,0.0,0.0,0.0,0.0,0.0,46,0,0,1,5,6,13
26624.0,1.0,0.0,0.0,0.0,0.0,0.0,0.0,0.0,31,0,0,3,5,6,19
129850.0,0.6160954948016942,0.0,0.215633423180593,0.0,0.0,0.0,0.0,0.1682710820177127,71,0,0,2,1,1,22
208351.0,0.3455706956050127,0.0,0.0268777207692787,0.0,0.0,0.0,0.0,0.6275515836257085,53,2,0,4,1,1,48
6500.0,1.0,0.0,0.0,0.0,0.0,0.0,0.0,0.0,53,0,0,2,5,6,30
67006.0,0.9700623824732112,0.0,0.029848073306868,0.0,0.0,0.0,0.0,8.954421992060413e-05,56,2,0,4,1,1,6
701.0,0.0,0.0,0.0,0.0,0.0,0.0,0.0,0.0,27,0,0,2,1,1,36
218500.0,0.5491990846681922,0.0,0.0068649885583524,0.0,0.0,0.0,0.022883295194508,0.4210526315789473,46,2,0,4,1,1,4
43089.0,0.0,0.0,0.0744273480470653,0.0348116688714056,0.0,0.7856065353106362,0.0,0.1051544477708928,69,0,0,2,1,1,48
133840.0,0.0022414823670053,0.2615062761506276,0.0010460251046025,0.0,0.0,0.0,0.0,0.0,54,0,0,1,5,5,40
46789.0,0.8549017931565112,0.0,4.2745089657825555e-05,0.0,0.0,0.0,0.0,0.145055461753831,65,0,0,2,1,1,53
239856.0,0.1500900540324194,0.0,0.0008755253151891,0.0,0.0,0.0883029817890734,0.0,0.760731438863318,69,0,0,2,1,1,8
54421.0,0.5310450010106392,0.0,0.0095735102258319,0.0,0.0,0.0,0.0,0.0,52,1,0,8,5,4,10
28000.0,1.0,0.0,0.0,0.0,0.0,0.0,0.0,0.0,31,2,0,7,5,2,35
136300.0,0.9977989728539984,0.0,0.0022010271460014,0.0,0.0,0.0,0.0,0.0,31,0,0,1,5,6,20
63010.0,0.9998412950325344,0.0,0.0001587049674654,0.0,0.0,0.0,0.0,0.0,20,0,0,3,5,6,9
40000.0,1.0,0.0,0.0,0.0,0.0,0.0,0.0,0.0,30,2,0,4,4,4,13
22134.0,0.1655823619770489,0.0,0.0011746634137525,0.0,0.0,0.8332429746091985,0.0,0.0,67,3,0,4,4,5,26
65020.0,0.9996924023377424,0.0,0.0003075976622577,0.0,0.0,0.0,0.0,0.0,36,1,0,2,5,4,6
24000.0,1.0,0.0,0.0,0.0,0.0,0.0,0.0,0.0,50,0,0,1,5,3,6
40000.0,1.0,0.0,0.0,0.0,0.0,0.0,0.0,0.0,36,0,0,2,4,6,29
70000.0,1.0,0.0,0.0,0.0,0.0,0.0,0.0,0.0,42,0,0,2,5,6,9
354618.0,0.9869775363912716,0.0,0.0073825919722067,0.0056398716365215,0.0,0.0,0.0,0.0,31,0,0,2,5,2,6
27860.0,0.0,0.0017946877243359,0.0071787508973438,0.0003589375448671,0.0,0.0,0.0,0.0,69,0,0,2,5,2,36
312001.0,0.7532027140938651,0.0,0.2259640193460918,0.020833266560043,0.0,0.0,0.0,0.0,36,0,0,1,5,6,36
47458.0,0.0,0.0,0.0,0.0,0.0,0.4267773610350204,0.0,0.0,70,0,0,1,5,6,1
20000.0,1.0,0.0,0.0,0.0,0.0,0.0,0.0,0.0,54,0,0,1,5,6,33
21000.0,1.0,0.0,0.0,0.0,0.0,0.0,0.0,0.0,23,0,0,6,5,6,1
216160.0,0.3145817912657291,0.0,0.09280162842339,0.0,0.0,0.0,0.0,0.5926165803108808,43,1,0,4,1,1,1
4992.0,1.0,0.0,0.0,0.0,0.0,0.0,0.0,0.0,19,0,0,1,5,6,19
5282.0,1.0,0.0,0.0,0.0,0.0,0.0,0.0,0.0,20,1,1,6,4,6,53
262975.0,0.0,0.0,0.0005932122825363,0.0,0.0,0.0896625154482365,0.7605285673543113,0.0,85,1,0,11,5,5,15
74379.0,0.4947633068473628,0.0,0.0,0.0,0.0,0.2420037913927318,0.0,0.2632329017599053,75,1,0,8,1,1,15
48000.0,1.0,0.0,0.0,0.0,0.0,0.0,0.0,0.0,48,0,0,1,5,6,15
283548.0,0.0,0.2010241652207033,0.3740918645167661,0.0033080818767898,0.0,0.1410554826696009,0.0,0.2805204057161398,67,0,0,2,1,1,45
29661.0,0.0,0.0,0.0431880246788712,0.1011429149388085,0.0,0.9021948012541722,-0.202285829877617,0.0,66,1,0,2,5,5,25
111755.0,0.3758221108675227,0.0,0.0,0.0,0.0,0.0,0.0,0.6241778891324773,65,0,0,2,1,1,15
111760.0,0.984251968503937,0.0,0.0157480314960629,0.0,0.0,0.0,0.0,0.0,48,2,0,5,5,6,31
47952.0,0.0,0.0,0.0,0.0,0.0,0.4744744744744745,0.0,0.0,80,0,0,1,5,5,4
84355.0,0.9957915950447512,0.0,0.0042084049552486,0.0,0.0,0.0,0.0,0.0,62,0,0,1,5,6,24
69092.0,0.0,0.0,0.0002894691136455,0.0,0.0,0.3369420482834481,0.0,0.6627684826029062,30,2,1,4,1,1,48
93704.0,0.0,0.0,3.201570904123623e-05,0.0,0.0,0.2529241014257662,0.0,0.7470438828651925,69,0,0,2,1,1,6
16000.0,1.0,0.0,0.0,0.0,0.0,0.0,0.0,0.0,25,0,0,2,5,6,6
45000.0,0.0,0.0,0.0,0.0,0.0,0.0,0.0,1.0,46,0,0,2,1,1,40
30000.0,1.0,0.0,0.0,0.0,0.0,0.0,0.0,0.0,23,0,0,1,5,6,49
205787.0,0.0,0.0,0.0037903268913974,0.0,0.4898122816310068,0.1807694363589536,0.0,0.0049079873850146,65,0,0,2,1,1,5
99500.0,0.8190954773869347,0.0,0.0,0.0,0.0,0.0,0.0,0.1809045226130653,56,2,0,4,1,1,6
56650.0,0.9885260370697264,0.0,0.0114739629302736,0.0,0.0,0.0,0.0,0.0,26,0,0,1,5,6,17
815366.0,0.7432245151257226,0.0,3.679329282800607e-05,0.00036793292828,0.0,0.0,0.0,0.2563707586531693,54,4,0,6,1,1,42
655356.0,0.2255262788469167,0.2288832329298885,0.0008010913152546,0.0022888323292988,0.0,0.0,3.05177643906518e-05,0.0847051068426931,49,2,0,4,1,1,38
23092.0,0.0,0.0,0.4060280616663779,0.0,0.0,0.1353715572492638,0.0,0.0,67,0,0,1,5,5,2
30000.0,1.0,0.0,0.0,0.0,0.0,0.0,0.0,0.0,26,0,0,1,5,6,18
31009.0,0.0,0.0,0.0,0.0,0.0,0.6985068850978748,3.224870198974491e-05,0.0,69,0,0,1,5,4,10
53002.0,0.999962265574884,0.0,3.773442511603336e-05,0.0,0.0,0.0,0.0,0.0,49,0,0,1,5,4,39
184002.0,0.8369582939315877,0.0,0.0271736176780687,0.1358680883903436,0.0,0.0,0.0,0.0,80,2,0,4,1,1,51
39001.0,0.9999743596318044,0.0,2.564036819568729e-05,0.0,0.0,0.0,0.0,0.0,20,0,0,4,5,6,22
85050.0,0.9994121105232217,0.0,0.0005878894767783,0.0,0.0,0.0,0.0,0.0,35,1,0,5,4,5,24
102000.0,1.0,0.0,0.0,0.0,0.0,0.0,0.0,0.0,48,0,0,1,5,3,56
81010.0,0.9875324034069868,0.0,0.0086409085298111,0.0037032465127762,0.0,0.0,0.0,0.0,51,0,0,1,5,4,34
231514.0,0.2159696605820814,4.319393211641629e-06,3.02357524814914e-05,0.0,0.0,0.0,0.0,0.7775123750615514,29,2,2,4,1,1,8
50000.0,1.0,0.0,0.0,0.0,0.0,0.0,0.0,0.0,55,2,0,4,5,6,13
58382.0,0.0,0.0,0.0059949984584289,0.6371826932958788,0.0,0.3113973484978247,0.0,0.0,65,0,0,1,5,6,6
49402.0,0.7084733411602769,0.0,4.048419092344439e-05,0.0,0.0,0.2914861746487996,0.0,0.0,38,3,0,4,4,6,32
88579.0,0.0,0.0,0.0,0.0,0.0,0.0225787150453267,0.0,0.4423057383804287,76,0,0,2,1,1,35
30000.0,1.0,0.0,0.0,0.0,0.0,0.0,0.0,0.0,34,1,0,3,4,6,36
20000.0,1.0,0.0,0.0,0.0,0.0,0.0,0.0,0.0,40,2,0,4,4,4,48
19445.0,0.9256878374903574,0.0,0.0,0.0,0.0,0.0743121625096425,0.0,0.0,64,0,0,1,5,4,39
205600.0,0.0,0.4863813229571984,0.1264591439688716,0.0,0.0,0.0,0.0,0.38715953307393,57,0,0,2,1,1,6
227528.0,0.0,0.0,0.0031644456945958,0.0,0.0,0.1424000562568123,0.0,0.8544354980485919,70,1,0,6,1,1,15
64243.0,0.3891474557539343,0.0,0.0019146054823093,0.0,0.0,0.0,0.0,0.5972635150911383,60,1,0,7,1,1,12
85502.0,0.2573039227152581,0.0,0.076021613529508,0.0,0.0,0.0,0.0,0.6666744637552338,65,0,0,2,1,1,19
49423.0,0.0,0.0,0.0,0.0,0.0,0.2913623211864921,0.0,0.7086376788135079,75,0,0,3,1,1,40
115000.0,0.5217391304347826,0.0,0.0,0.0,0.0,0.0,0.0,0.4782608695652174,45,1,0,3,1,1,18
197505.0,0.0,0.0,0.0,0.0,0.0,0.0,0.0,0.721526037315511,43,1,0,4,1,1,10
49897.0,0.0,0.0,0.0005210734112271,0.0,0.0,0.28859450467964,0.0,0.4925145800348718,68,0,0,2,1,1,23
40343.0,0.9914979054606748,0.0,0.0010658602483702,0.0,0.0,0.0,0.0,0.0,47,0,0,1,5,4,22
44540.0,0.0,0.0,0.0,0.0,0.0,0.550965424337674,0.0,0.449034575662326,65,0,0,2,1,1,12
855968.0,0.4760691988485551,0.0,0.0070867135220008,0.0035515346368088,0.0,0.0,0.0,0.3298744812890201,47,3,0,5,1,1,39
60052.0,0.9991340837940452,0.0,0.0008659162059548,0.0,0.0,0.0,0.0,0.0,25,0,0,2,5,6,6
56001.0,0.9821253191907288,0.0,0.0178746808092712,0.0,0.0,0.0,0.0,0.0,38,0,0,3,5,4,24
65005.0,0.9999230828397816,0.0,7.691716021844474e-05,0.0,0.0,0.0,0.0,0.0,50,2,0,4,1,1,4
34100.0,0.0,0.997067448680352,0.002932551319648,0.0,0.0,0.0,0.0,0.0,36,5,0,7,1,1,1
211037.0,0.4928045792917829,0.0,0.0217971256225211,0.0006491752631055,0.0,0.0,0.1108810303406511,0.3738680894819391,48,2,0,4,1,1,48
97102.0,0.5973100451072069,0.0,0.0072295112356079,0.0,0.0,0.0,0.0,0.0,32,0,0,1,5,6,47
41795.0,0.0,0.0,0.0,0.0,0.0,0.0812298121784902,0.0,0.0,79,1,0,3,5,5,39
505025.0,0.0,0.0,0.0062571159843572,0.39601999900995,0.1089054997277362,0.0668085738329785,0.0,0.2720439582198901,75,0,0,2,1,1,36
19200.0,0.0,0.0,0.0,0.0,0.0,0.73125,0.0,0.0,79,0,0,1,5,6,45
26002.0,1.0,0.0,0.0,0.0,0.0,0.0,0.0,0.0,38,0,0,2,5,6,54
178568.0,0.3080059137135433,0.0,5.600107522064424e-06,0.0,0.0,0.0,0.0,0.6919884861789346,32,2,0,4,1,1,20
47000.0,1.0,0.0,0.0,0.0,0.0,0.0,0.0,0.0,29,3,1,5,4,6,6
76000.0,0.5263157894736842,0.0,0.0,0.0,0.0,0.0,0.0,0.4736842105263157,52,1,0,3,1,1,48
180605.0,0.5979900888679716,0.0,0.0088757232634755,0.0,0.0,0.0,0.0,0.3931341878685529,41,3,0,5,1,1,16
32000.0,1.0,0.0,0.0,0.0,0.0,0.0,0.0,0.0,31,3,1,7,5,6,24
109101.0,0.6966022309603028,0.0,9.165818828425037e-06,0.0,0.0,0.0,0.0,0.3033886032208687,41,0,0,2,1,1,37
47820.0,0.0,0.0,0.0,0.0,0.0,0.4165621079046424,0.0313676286072772,0.5520702634880803,74,0,0,2,1,1,10
22000.0,0.3181818181818182,0.0,0.0,0.0,0.0,0.6818181818181818,0.0,0.0,75,0,0,2,5,6,35
41532.0,0.0,0.0,0.0,0.0,0.0,0.4045073678127708,0.0,0.4565154579601271,80,0,0,2,1,1,17
243021.0,0.4526357804469572,0.0,0.0370379514527551,0.0,0.0,0.0,0.0,0.5103262681002876,39,2,0,4,1,1,19
39358.0,0.0,0.0,0.0,0.0,0.0,0.2637075054626759,0.0,0.736292494537324,78,0,0,2,1,1,4
31650.0,0.9478672985781992,0.0,0.0521327014218009,0.0,0.0,0.0,0.0,0.0,63,0,0,2,5,6,53
100100.0,0.999000999000999,0.0,0.0009990009990009,0.0,0.0,0.0,0.0,0.0,44,0,0,1,5,4,49
69401.0,0.8501318424806559,0.0,0.1498681575193441,0.0,0.0,0.0,0.0,0.0,28,0,0,1,5,6,31
100141.0,0.998591985300726,0.0,0.001408014699274,0.0,0.0,0.0,0.0,0.0,26,0,0,1,5,6,9
27011.0,0.999592758505794,0.0,0.0003702195401873,0.0,0.0,0.0,3.702195401873311e-05,0.0,40,0,0,5,5,4,42
81109.0,0.0,0.0,0.045839549248542,4.9316352069437426e-05,0.0,0.4022611547423837,0.0,0.0,75,0,0,1,5,6,4
141665.0,0.0,0.0,0.000684713937811,0.0,0.0,0.1153566512547206,0.0,0.8839586348074683,70,0,0,2,1,1,28
86001.0,0.9883606004581342,0.0,0.0116393995418657,0.0,0.0,0.0,0.0,0.0,45,0,0,1,5,6,34
65001.0,0.999984615621298,0.0,1.5384378701866124e-05,0.0,0.0,0.0,0.0,0.0,58,0,0,1,5,3,38
45000.0,1.0,0.0,0.0,0.0,0.0,0.0,0.0,0.0,22,0,0,5,5,6,22
155028.0,0.4837835745800758,0.0,6.450447661067678e-05,0.0,0.0,0.0,0.0,0.5161519209433134,43,1,0,3,1,1,10
420350.0,0.2854763887236826,0.0,0.0008326394671107,0.7136909718092066,0.0,0.0,0.0,0.0,53,0,0,2,5,6,17
62766.0,0.2549150814135041,0.0,0.0001752541184717,0.0,0.047796577765032,0.3106777554727081,0.0,0.0,79,0,0,1,5,5,20
47201.0,0.0,0.3389758691553145,0.0,2.1185991822207156e-05,0.0,0.6610029448528633,0.0,0.0,67,1,0,3,5,5,32
53600.0,1.0,0.0,0.0,0.0,0.0,0.0,0.0,0.0,22,0,0,7,5,6,36
77566.0,0.0,0.0,0.0154835881700745,0.0098625686512131,0.2939432225459608,0.3094139184694325,0.0,0.0,85,0,0,1,5,6,23
16000.0,1.0,0.0,0.0,0.0,0.0,0.0,0.0,0.0,23,0,0,2,5,6,37
75500.0,0.1390728476821192,0.0,0.0,0.0,0.0,0.0,0.0,0.8211920529801324,31,0,0,2,1,1,55
77820.0,0.0,0.0,0.0,0.0,0.0,0.2313030069390902,0.0,0.6939090208172706,85,1,0,4,1,1,56
77750.0,0.5401929260450161,0.0,0.0,0.0,0.0,0.0,0.0,0.4598070739549839,49,3,0,5,1,1,48
129087.0,0.3253619651862697,0.0,0.0037958895938398,0.0774671345681594,0.0,0.0,0.0,0.593375010651731,60,0,0,2,1,1,5
20000.0,1.0,0.0,0.0,0.0,0.0,0.0,0.0,0.0,69,1,0,5,4,4,36
194035.0,0.3395006055608524,0.0,0.0004380652974978,0.0,0.0,0.0,0.0,0.6600613291416497,49,1,0,3,1,1,17
58000.0,1.0,0.0,0.0,0.0,0.0,0.0,0.0,0.0,22,0,0,4,5,6,25
90000.0,1.0,0.0,0.0,0.0,0.0,0.0,0.0,0.0,43,2,0,3,4,6,26
35155.0,0.9955909543450434,0.0,0.0044090456549566,0.0,0.0,0.0,0.0,0.0,19,0,0,5,5,6,35
35029.0,0.7136943675240515,0.0,0.0008278854663278,0.0,0.0,0.0,0.0,0.0,30,0,0,1,5,6,4
72482.0,0.9972131011837422,0.0,0.0027868988162578,0.0,0.0,0.0,0.0,0.0,23,0,0,2,5,6,17
7500.0,1.0,0.0,0.0,0.0,0.0,0.0,0.0,0.0,47,0,0,2,5,2,27
23755.0,0.0,0.0,0.0073668701326036,0.0,0.0378867606819616,0.9294885287307936,0.0,0.0,70,0,0,1,5,4,49
1083339.0,0.0,0.0,0.027693085913089,0.9230711716277176,0.00974764132003,0.030626609030045,0.0,0.0,80,0,0,1,5,5,6
22801.0,0.0,0.0,4.385772553835358e-05,0.0,0.0,0.4736634358142186,0.0,0.0,73,0,0,1,5,6,12
40000.0,1.0,0.0,0.0,0.0,0.0,0.0,0.0,0.0,28,0,0,1,5,6,54
32402.0,0.0185173754706499,0.0,3.0862292451083265e-05,0.0,0.0,0.0833281896179248,0.1851737547064996,0.7129498179124746,64,1,0,4,1,1,30
63356.0,0.0,0.0,0.0234547635583054,0.0007891912368205,0.0157838247364101,0.0,0.0,0.4233221794305196,80,0,0,2,1,1,18
19989.0,0.5002751513332333,0.0,0.0,0.0,0.0,0.3496423032667967,0.0,0.0,23,0,0,3,5,6,49
16116.0,0.0,0.0,0.0,0.0,0.0,0.0,0.0,0.0,65,0,0,2,4,6,1
343100.0,0.4080443019527834,0.0,0.2419119790148644,0.0,0.0,0.0,0.0,0.3500437190323521,48,4,0,6,1,1,36
65130.0,0.998003992015968,0.0,0.0019960079840319,0.0,0.0,0.0,0.0,0.0,31,0,0,1,5,6,34
68007.0,0.0,0.0,0.0,0.0,0.0,0.323790198067846,0.0,0.3233049539018042,67,1,0,3,1,1,34
100046.0,0.9995402115027088,0.0,0.0004597884972912,0.0,0.0,0.0,0.0,0.0,23,0,0,4,5,6,25
15272.0,0.0,0.0,0.7204033525405972,0.000654793085385,0.0,0.2789418543740178,0.0,0.0,69,0,0,2,5,6,26
73501.0,0.9931837662072625,0.0,0.0068162337927375,0.0,0.0,0.0,0.0,0.0,37,1,0,3,5,6,1
50051.0,0.9989810393398734,0.0,0.0010189606601266,0.0,0.0,0.0,0.0,0.0,35,0,0,1,5,6,47
72472.0,0.8968981123744343,0.0,0.0107075836185009,0.0,0.0,0.0,0.0,0.0,61,0,0,1,5,2,15
50900.0,0.9823182711198428,0.0,0.0176817288801571,0.0,0.0,0.0,0.0,0.0,46,0,0,1,5,6,48
70900.0,0.846262341325811,0.0141043723554301,0.1086036671368124,0.0,0.0,0.0,0.0,0.0,38,2,1,4,4,4,22
136918.0,0.2483238142537869,0.2337165310623877,0.0001168582655311,0.0,0.0,0.0,7.303641595699616e-06,0.5178354927766985,49,1,0,3,1,1,49
59440.0,0.0,0.0,0.0030282637954239,0.0,0.0168236877523553,0.4168741588156124,0.0,0.1956426648721399,76,0,0,2,1,1,55
170701.0,0.9958934042565656,0.0,0.0041007375469387,0.0,0.0,0.0,5.858196495626857e-06,0.0,49,4,0,6,1,1,6
3600.0,1.0,0.0,0.0,0.0,0.0,0.0,0.0,0.0,31,0,0,1,5,6,6
47051.0,0.4250706679985547,0.0,0.0010626766699963,0.0,0.0,0.0,0.0,0.5738666553314489,24,0,0,2,1,1,34
77000.0,0.922077922077922,0.0,0.0129870129870129,0.0,0.0,0.0,0.0,0.0,35,3,2,5,1,1,21
35000.0,1.0,0.0,0.0,0.0,0.0,0.0,0.0,0.0,50,1,0,3,4,6,36
215995.0,0.3240815759624065,0.0,0.0081020393990601,0.0046297367994629,0.0,0.0,0.0288895576286488,0.6342970902104216,46,2,0,4,1,1,31
52000.0,1.0,0.0,0.0,0.0,0.0,0.0,0.0,0.0,35,0,0,1,5,6,6
45000.0,1.0,0.0,0.0,0.0,0.0,0.0,0.0,0.0,64,1,0,2,4,6,12
300002.0,0.9999933333777776,3.3333111112592582e-06,0.0,0.0,0.0,0.0,0.0,0.0,30,0,0,3,5,6,51
74000.0,0.0,0.0,0.0,0.0,0.0,0.2594594594594595,0.0,0.7405405405405405,45,1,0,3,1,1,29
18188.0,0.0,0.0,5.4981306355839013e-05,0.0,0.0659775676270068,0.2309214866945238,0.0,0.7030459643721135,66,0,0,2,1,1,6
165547.0,0.4832464496487402,0.0,0.0425075658272273,0.0,0.0,0.0,0.0,0.4561242426622047,57,1,0,3,1,1,6
60000.0,1.0,0.0,0.0,0.0,0.0,0.0,0.0,0.0,37,1,0,3,5,6,4
30399.0,0.05263331030626,0.0,0.0,0.0,0.0,0.0,0.0,0.94736668969374,63,0,0,2,1,1,6
86944.0,0.430622009569378,0.0,2.3003312476996687e-05,0.0172524843577475,0.0,0.0,0.0,0.5521025027603975,37,0,0,2,1,1,48
32000.0,0.9375,0.0,0.0625,0.0,0.0,0.0,0.0,0.0,32,0,0,1,5,2,6
120025.0,0.8331597583836701,0.0,0.1668402416163299,0.0,0.0,0.0,0.0,0.0,58,1,0,3,1,1,10
147883.0,0.3042946112805393,0.0,0.0025357884273378,0.0169052561822521,0.0,0.0,0.0,0.6762643441098707,50,1,0,3,1,1,12
110000.0,1.0,0.0,0.0,0.0,0.0,0.0,0.0,0.0,54,0,0,2,1,1,12
13200.0,0.3636363636363636,0.0,0.0,0.0,0.0,0.0,0.0,0.0,35,0,0,2,5,6,51
93539.0,0.0,0.0,0.1660270047787554,0.1069072793166486,0.3527940217449406,0.2520766739007259,0.0,0.1221950202589294,64,0,0,2,1,1,36
41645.0,1.0,0.0,0.0,0.0,0.0,0.0,0.0,0.0,39,0,0,1,5,2,13
37908.0,0.8969083043157117,0.0,0.0792972459639126,0.0,0.0,0.0,0.0,0.0,43,0,0,2,5,6,37
175125.0,0.0,0.0,0.0090449678800856,0.0009992862241256,0.0171306209850107,0.2078515346181299,0.5139186295503212,0.2510549607423269,77,0,0,2,1,1,20
36500.0,0.821917808219178,0.0,0.0,0.0,0.0,0.0,0.0,0.0,34,0,0,1,5,6,48
50000.0,1.0,0.0,0.0,0.0,0.0,0.0,0.0,0.0,49,0,0,1,5,4,40
204390.0,0.0,0.4892607270414403,0.0089339008757767,0.002514800136993,0.0,0.0,0.0,0.4992905719457899,52,2,0,4,1,1,22
85025.0,0.8232872684504557,0.0,0.1767127315495442,0.0,0.0,0.0,0.0,0.0,55,1,0,3,4,4,6
57661.0,0.9885364457779088,0.0,0.0105964169889526,0.0008671372331385,0.0,0.0,0.0,0.0,46,0,0,2,5,6,32
272842.0,0.3775078616928479,0.0,9.529324664091304e-05,0.0,0.0,0.0,0.0,0.3401822300085764,56,0,0,2,1,1,44
18000.0,1.0,0.0,0.0,0.0,0.0,0.0,0.0,0.0,40,0,0,3,5,6,36
104175.0,0.787137029037677,0.0,0.0055195584353251,0.0,0.0,0.0,0.0,0.0,41,2,1,3,5,6,55
158502.0,0.6971647045463149,0.0,0.0757088238634212,0.0,0.0,0.0,0.0,0.2271264715902638,43,3,0,5,1,1,48
35800.0,0.1955307262569832,0.0,0.0,0.0,0.0,0.8044692737430168,0.0,0.0,51,1,0,2,4,5,39
50000.0,0.0,0.0,0.0,0.0,0.0,0.0,0.0,1.0,31,2,2,4,1,1,45
168554.0,0.4508940754891607,0.0,0.0020942843243114,0.0,0.0,0.0,0.0,0.3215646024419474,42,3,0,5,1,1,16
822200.0,0.0851374361469228,0.8513743614692288,0.0001216249087813,0.0,0.0,0.0,0.0,0.0633665774750669,31,1,1,3,1,1,21
147839.0,0.2570363706464464,0.0,0.0002570363706464,0.0,0.0,0.0,0.0,0.7427065929829071,59,1,0,5,1,1,6
2000.0,1.0,0.0,0.0,0.0,0.0,0.0,0.0,0.0,54,0,0,1,5,6,5
300027.0,0.9999100080992712,0.0,8.999190072893439e-05,0.0,0.0,0.0,0.0,0.0,30,0,0,2,5,6,25
642910.0,0.4277426078300229,0.0,0.0431786719758597,0.0777713832418223,0.0,0.0,0.0,0.451307336952295,48,3,0,5,1,1,34
6240.0,0.9935897435897436,0.0,0.0064102564102564,0.0,0.0,0.0,0.0,0.0,25,0,0,4,5,6,12
46560.0,0.6443298969072165,0.0,0.0,0.0,0.0,0.0,0.0,0.0,29,2,1,3,4,6,32
115700.0,0.9507346585998272,0.0,0.0492653414001728,0.0,0.0,0.0,0.0,0.0,55,0,0,2,1,1,27
121001.0,0.7024735332765845,0.0,0.0,0.0,0.0,0.0,0.0,0.2975264667234155,39,1,0,3,1,1,2
40023.0,0.7495689978262499,0.0,0.0005746695650001,0.0,0.0,0.0,0.0,0.0,24,0,0,1,5,6,25
37552.0,0.0,0.0,0.0191201533873029,0.0020238602471239,0.0,0.463996591393268,0.0,0.0,65,0,0,1,5,4,30
170597.0,0.5861767791930691,0.0,0.0017937009443307,0.0,0.0,0.0,0.0,0.4120295198626001,39,0,0,8,1,1,10
110538.0,0.0,0.0,0.0003618665074454,0.0004523331343067,0.0,0.202455264253017,0.0361866507445403,0.5325679856700863,80,0,0,2,1,1,20
55201.0,0.9999818843861524,0.0,1.8115613847575227e-05,0.0,0.0,0.0,0.0,0.0,48,2,0,3,4,4,12
41600.0,1.0,0.0,0.0,0.0,0.0,0.0,0.0,0.0,41,3,0,6,1,1,48
10002.0,0.9998000399920016,0.0,0.0001999600079984,0.0,0.0,0.0,0.0,0.0,20,0,0,3,5,6,6
40000.0,1.0,0.0,0.0,0.0,0.0,0.0,0.0,0.0,45,0,0,1,5,6,28
101120.0,0.5043512658227848,0.0,0.0,0.0,0.0,0.0,0.0,0.4956487341772151,44,1,0,3,1,1,45
45001.0,0.0,0.999977778271594,2.2221728406035426e-05,0.0,0.0,0.0,0.0,0.0,45,2,0,3,4,4,36
160022.0,0.6249140743147817,0.0,1.2498281486295637e-05,0.0,0.0,0.0,0.0,0.375073427403732,49,4,0,6,1,1,6
73769.0,0.0,0.0,0.0189917173880627,0.0474454038959454,0.0406674890536675,0.6678550610690127,0.0,0.2047065840664778,71,0,0,2,1,1,35
30000.0,0.0,0.0,0.0,0.0,0.0,0.0,0.0,1.0,55,0,0,2,1,1,48
81484.0,0.5522802022482941,0.0,0.0552378381031859,0.0,0.0,0.0,0.0,0.3924819596485199,64,0,0,2,1,1,35
50246.0,0.0,0.0,0.0009951040878875,0.0,0.0,0.0,0.0,0.0,29,0,0,1,5,6,22
15000.0,1.0,0.0,0.0,0.0,0.0,0.0,0.0,0.0,40,2,0,4,5,4,22
125248.0,0.2395247828308635,0.0,0.0009900357690342,0.0,0.0,0.2265824603985692,0.3125399207971385,0.0,69,0,0,1,5,4,35
70000.0,1.0,0.0,0.0,0.0,0.0,0.0,0.0,0.0,22,0,0,3,5,6,12
82540.0,0.0,0.0,0.0,0.0,0.0,0.0508844196753089,0.0,0.8037315241095226,85,0,0,2,1,1,6
184932.0,0.5623688707200485,0.0,0.0,0.0,0.0,0.0,0.0,0.2974066143231025,60,1,0,4,1,1,37
72800.0,1.0,0.0,0.0,0.0,0.0,0.0,0.0,0.0,34,0,0,2,4,6,28
50725.0,0.0,0.0,1.9714144898965007e-05,0.0,0.0,0.5630359783144406,0.0,0.0,65,0,0,1,5,6,34
30000.0,1.0,0.0,0.0,0.0,0.0,0.0,0.0,0.0,54,0,0,9,5,6,2
750111.0,0.9998520219007588,0.0,8.13212977812617e-05,6.665680146005058e-05,0.0,0.0,0.0,0.0,44,0,0,1,5,6,49
194041.0,0.4638195020639968,0.0,0.0001082245504815,0.0721497003210661,0.0,0.0,0.0,0.4639225730644554,37,2,1,4,1,1,48
54000.0,0.4444444444444444,0.0,0.0,0.0,0.0,0.0,0.0,0.5555555555555556,36,1,0,4,1,1,22
84005.0,0.9999404797333492,0.0,5.95202666507946e-05,0.0,0.0,0.0,0.0,0.0,33,3,1,5,1,1,49
95350.0,0.9753539590980598,0.0,0.0246460409019402,0.0,0.0,0.0,0.0,0.0,61,0,0,1,5,6,36
44595.0,0.0,0.0,0.0,0.0,0.0,0.2129162462159435,0.0,0.4507231752438614,69,0,0,2,1,1,48
19394.0,0.0,0.0,0.0213983706300917,0.0,0.2578116943384552,0.720789935031453,0.0,0.0,65,0,0,2,5,6,5
58511.0,0.0,0.0,0.0,0.0,0.0,0.5240040334296115,0.0,0.3898583172394934,67,0,0,2,1,1,55
36501.0,0.9862743486479822,0.0,0.0137256513520177,0.0,0.0,0.0,0.0,0.0,29,0,0,3,5,6,39
60000.0,1.0,0.0,0.0,0.0,0.0,0.0,0.0,0.0,35,0,0,1,5,6,22
16479.0,0.0,0.0,0.1517082347229807,0.0,0.0,0.8482917652770192,0.0,0.0,75,0,0,2,5,4,53
79002.0,0.430368851421483,0.0,1.26579073947495e-05,0.0,0.0,0.0,0.0,0.5696184906711222,53,2,0,4,1,1,6
22000.0,1.0,0.0,0.0,0.0,0.0,0.0,0.0,0.0,26,0,0,2,5,6,6
172300.0,0.7254788160185722,0.0,0.2745211839814277,0.0,0.0,0.0,0.0,0.0,53,0,0,1,5,6,44
25000.0,1.0,0.0,0.0,0.0,0.0,0.0,0.0,0.0,48,0,0,3,5,4,6
358350.0,0.2930096274591879,0.0,0.0050927863820287,0.0,0.0,0.0,0.0,0.7018975861587833,52,0,0,2,1,1,6
129204.0,0.0,0.0,0.0180644562087861,0.0002321909538404,0.0928763815361753,0.2010696263273582,0.0,0.6614423702052568,80,0,0,2,1,1,13
80000.0,1.0,0.0,0.0,0.0,0.0,0.0,0.0,0.0,30,0,0,4,5,6,25
93086.0,0.9629374986571556,0.0,0.0370625013428442,0.0,0.0,0.0,0.0,0.0,50,2,0,4,5,4,41
348119.0,0.2010806649450331,2.872580927786188e-06,0.0072015603859599,0.0,0.0,0.0,0.0,0.6951933103335354,50,1,0,3,1,1,53
20000.0,1.0,0.0,0.0,0.0,0.0,0.0,0.0,0.0,23,0,0,3,5,6,36
30000.0,1.0,0.0,0.0,0.0,0.0,0.0,0.0,0.0,27,0,0,3,5,6,5
145000.0,0.6206896551724138,0.0,0.0,0.0,0.0,0.0,0.0,0.3793103448275862,50,2,0,4,1,1,48
89525.0,0.3127617983803407,0.0,0.0,0.0,0.0,0.0,0.0,0.6872382016196593,25,0,0,2,1,1,2
109262.0,0.933535904523073,0.0,0.066464095476927,0.0,0.0,0.0,0.0,0.0,28,0,0,2,5,6,11
79024.0,0.0,0.0,0.0,0.0,0.0,0.6959910913140311,0.0,0.0,72,0,0,1,5,4,10
45000.0,1.0,0.0,0.0,0.0,0.0,0.0,0.0,0.0,38,0,0,2,5,6,6
141036.0,0.0212711648089849,0.3190674721347741,7.090388269661647e-06,0.0,0.0,0.0,0.0,0.6596542726679713,43,1,0,3,1,1,22
98777.0,0.0,0.0,0.0,0.0,0.0,0.0,1.0123814248256173e-05,0.9999898761857516,33,2,1,4,1,1,48
27232.0,0.0,0.0,0.0,0.0,0.0,0.3672150411280846,0.0,0.0,80,0,0,1,5,5,5
89260.0,0.8290387631637912,0.0,0.000235267757114,0.0,0.0,0.0,0.0,0.1438382254089177,65,0,0,2,1,1,42
151013.0,0.4635362518458675,0.0,0.0133299782137961,0.0,0.0,0.0,0.0,0.0,24,0,0,1,5,6,11
153097.0,0.9144529285355036,0.0,0.0855470714644963,0.0,0.0,0.0,0.0,0.0,60,0,0,1,5,6,29
20088.0,0.5967741935483871,0.0,0.0,0.0,0.0,0.0,0.0,0.0,53,0,0,2,5,6,6
215669.0,0.4822204396552124,0.0,0.0108963272422091,0.0,0.0,0.0,0.0,0.5068832331025784,41,2,0,4,1,1,19
116484.0,0.858487002506782,0.0,0.0009014113526321,0.0,0.0,0.1406115861405858,0.0,0.0,68,0,0,4,5,5,48
34000.0,0.3823529411764705,0.6176470588235294,0.0,0.0,0.0,0.0,0.0,0.0,40,0,0,1,5,6,2
33000.0,1.0,0.0,0.0,0.0,0.0,0.0,0.0,0.0,23,0,0,2,5,6,6
38556.0,0.9959539371304076,0.0,0.0040460628695922,0.0,0.0,0.0,0.0,0.0,63,0,0,2,1,1,35
117002.0,0.8803268320199654,0.0,0.0171108186184851,0.0,0.0,0.0,0.0,0.0,48,2,0,3,4,4,31
40020.0,0.9995002498750624,0.0,0.0004997501249375,0.0,0.0,0.0,0.0,0.0,39,0,0,2,5,6,50
275101.0,0.7270057178999713,0.0,3.635028589499856e-06,0.0,0.0,0.0,0.0,0.2729906470714392,43,3,1,5,1,1,48
130060.0,0.9995386744579424,0.0,0.0004613255420575,0.0,0.0,0.0,0.0,0.0,43,0,0,1,5,4,6
90879.0,0.1210400642612704,0.0,0.018706191749469,0.0,0.0,0.3518854740919244,0.0,0.0,73,0,0,2,5,4,2
60502.0,0.9917027536279792,0.0,0.0082972463720207,0.0,0.0,0.0,0.0,0.0,25,0,0,3,5,6,42
232820.0,0.0,0.0,0.0666523494545142,0.0085903272914698,0.0,0.0,0.4295163645734902,0.4952409586805257,60,1,0,3,1,1,6
34400.0,0.0,0.0,0.0,0.0,0.0,0.4186046511627907,0.0,0.5813953488372093,70,0,0,2,1,1,1
135002.0,0.9999851854046606,0.0,7.407297669664153e-06,0.0,0.0,0.0,0.0,7.407297669664153e-06,29,0,0,2,1,1,5
100742.0,0.3852613607035794,0.0,0.0019852693017807,0.0,0.0,0.0,0.0,0.6127533699946398,54,0,0,2,1,1,18
69002.0,0.6521550099997101,0.0,2.898466711109823e-05,0.0,0.0,0.0,0.0,0.3478160053331787,47,4,0,6,1,1,47
52110.0,0.9978890807906352,0.0,0.0019190174630589,0.0001919017463058,0.0,0.0,0.0,0.0,27,0,0,1,5,6,38
73102.0,0.998604689338185,0.0,0.0013816311455226,0.0,0.0,0.0,0.0,1.3679516292303905e-05,54,1,0,3,1,1,30
28000.0,1.0,0.0,0.0,0.0,0.0,0.0,0.0,0.0,24,0,0,6,5,6,32
55772.0,0.9682277845513878,0.0,0.0136269095603528,0.0,0.0,0.0,0.0,0.0,50,1,0,2,4,4,24
180020.0,0.9998889012331964,0.0,0.0001110987668036,0.0,0.0,0.0,0.0,0.0,44,3,0,4,4,3,45
163150.0,0.7171314741035857,0.0,0.0122586576769843,0.0,0.0,0.0,0.0,0.2706098682194299,49,4,1,6,1,1,2
185000.0,0.2162162162162162,0.0,0.0,0.0,0.0,0.0,0.0,0.7837837837837838,40,0,0,2,1,1,32
70000.0,1.0,0.0,0.0,0.0,0.0,0.0,0.0,0.0,53,1,0,3,5,4,48
262635.0,0.236069069240581,0.0,0.0019075903820892,0.0,0.0,0.0,0.0,0.7620233403773298,61,1,0,3,1,1,48
38953.0,0.0,0.0,0.0398172156188226,0.0,0.0,0.4620953456729905,2.5671963648499473e-05,0.4980617667445383,74,0,0,2,1,1,34
100126.0,0.0,0.9987415856021412,0.0012084773185785,4.993707928010706e-05,0.0,0.0,0.0,0.0,59,0,0,1,5,6,42
14000.0,1.0,0.0,0.0,0.0,0.0,0.0,0.0,0.0,37,0,0,4,5,6,28
185036.0,0.5404353747378888,0.0,0.0043288873516504,0.0043234829979031,0.0,0.1621306124213666,0.0,0.2887816424911909,73,0,0,2,1,1,36
97891.0,0.3166787549417209,0.0,0.0001532316556169,0.0,0.0,0.1752970140258042,0.0,0.0,74,0,0,1,5,4,12
582241.0,0.9274510039657118,0.0,0.0104767613410941,0.0,0.0,0.0,0.0,0.062072234693194,35,1,1,3,1,1,6
67896.0,0.0,0.0,0.0012224578767526,0.0,0.0294568163072935,0.3860021208907741,0.0,0.2367297042535642,78,0,0,2,1,1,41
37725.0,0.9940357852882704,0.0,0.0059642147117296,0.0,0.0,0.0,0.0,0.0,61,0,0,1,5,6,27
86093.0,0.9989197728038284,0.0,0.0010686118499761,1.1615346195393351e-05,0.0,0.0,0.0,0.0,38,0,0,1,5,6,55
245200.0,0.4486133768352365,0.0,0.0203915171288743,0.0,0.0,0.0,0.0,0.5309951060358891,34,1,0,3,1,1,42
75685.0,0.0,0.0,0.058267820572108,0.0,0.0,0.2536830283411508,0.0,0.6880491510867411,73,0,0,2,1,1,47
130000.0,0.5384615384615384,0.0,0.0,0.0,0.0,0.0,0.0,0.4615384615384615,40,0,0,6,1,1,6
245000.0,0.5102040816326531,0.0,0.0,0.0,0.0,0.0,0.0,0.4897959183673469,41,3,0,5,1,1,27
165541.0,0.9363239318356178,0.0,6.040799560229792e-06,0.0,0.0,0.0,0.0,0.063670027364822,45,2,0,4,1,1,51
78185.0,0.575557971477905,0.0,0.034610219351538,0.0,0.0767410628637206,0.3130907463068363,0.0,0.0,71,1,0,5,5,5,34
30006.0,0.9998000399920016,0.0,0.0001999600079984,0.0,0.0,0.0,0.0,0.0,26,0,0,3,5,6,41
75408.0,0.0,0.0,2.6522384892849564e-05,0.0106885211118183,0.0,0.1458731169106726,0.0,0.8434118395926161,65,0,0,2,1,1,20
56502.0,0.5132561679232593,0.0,0.0442639198612438,0.0,0.0,0.0,0.0,0.4424799122154968,41,1,0,3,1,1,29
139000.0,0.5251798561151079,0.0,0.0359712230215827,0.0,0.0,0.0,0.0,0.4388489208633093,57,2,0,4,1,1,22
81001.0,0.7407315959062234,0.0,1.2345526598437056e-05,0.0,0.0,0.0,0.0,0.2592560585671782,64,1,0,3,1,1,37
73355.0,0.0,0.0,0.0013632335900756,0.0,0.0,0.2290232431327108,0.0,0.5405902801445027,72,1,0,3,1,1,45
60001.0,0.9999833336111064,0.0,1.666638889351844e-05,0.0,0.0,0.0,0.0,0.0,44,1,0,5,5,4,37
62304.0,0.7222650231124808,0.0,0.0,0.0,0.0,0.2777349768875192,0.0,0.0,73,0,0,1,5,4,22
145000.0,0.6551724137931034,0.0,0.0,0.0,0.0,0.0,0.0,0.3448275862068966,39,2,1,4,1,1,41
76000.0,0.5263157894736842,0.0,0.0,0.0,0.0,0.0,0.0,0.4736842105263157,47,4,0,7,1,1,26
10000.0,0.0,1.0,0.0,0.0,0.0,0.0,0.0,0.0,26,0,0,6,5,6,42
80078.0,0.9990259496990436,0.0,0.0003496590823946,0.0006243912185619,0.0,0.0,0.0,0.0,35,0,0,1,5,6,48
224111.0,0.1963312822663769,0.0,0.0,0.0,0.0,0.0,0.0,0.803668717733623,50,2,0,4,1,1,24
350951.0,0.2991870660006667,0.0,0.00068100675023,0.0149308592937475,0.0,0.0,0.0145319432057466,0.6706691247496089,46,1,0,3,1,1,37
55940.0,0.9831962817304256,0.0,0.0168037182695745,0.0,0.0,0.0,0.0,0.0,52,0,0,1,5,5,6
28693.0,0.0,0.0,0.0121980970968528,0.0,0.5227755898651238,0.4650263130380232,0.0,0.0,76,0,0,1,5,4,26
298293.0,0.4597660689322244,0.0293168126640584,0.0046598478677005,0.028592692419869,0.0,0.0,0.0,0.4776645781161475,39,0,0,2,1,1,11
37244.0,0.9934486091719472,0.0,0.0065513908280528,0.0,0.0,0.0,0.0,0.0,42,1,1,3,5,6,33
70800.0,0.847457627118644,0.0,0.0,0.0,0.0,0.0,0.0,0.0,22,0,0,5,5,6,17
76908.0,0.6501274249752952,0.0,0.0262651479690019,0.0,0.0195038227492588,0.304103604306444,0.0,0.0,73,0,0,1,5,4,19
44587.0,0.0,0.0,0.0251418574920941,0.0250745733061206,0.094197860362886,0.0,0.0,0.0,73,0,0,1,5,5,53
200501.0,0.99750125934534,0.0,0.00249874065466,0.0,0.0,0.0,0.0,0.0,30,3,0,5,5,6,56
11000.0,1.0,0.0,0.0,0.0,0.0,0.0,0.0,0.0,19,0,0,2,5,6,31
20000.0,1.0,0.0,0.0,0.0,0.0,0.0,0.0,0.0,36,0,0,4,5,6,50
1211.0,0.0,0.990916597853014,0.0090834021469859,0.0,0.0,0.0,0.0,0.0,75,0,0,1,5,4,55
36500.0,0.821917808219178,0.0,0.0,0.0,0.0,0.0,0.0,0.0,33,0,0,1,5,6,12
196677.0,0.3508290242377095,0.0,0.0010423181154888,0.0,0.0,0.0,0.0,0.6481286576468016,27,0,0,2,1,1,6
30000.0,1.0,0.0,0.0,0.0,0.0,0.0,0.0,0.0,53,0,0,3,5,2,45
33540.0,0.8944543828264758,0.0,0.0011926058437686,0.0,0.0,0.0,0.0,0.1043530113297555,53,2,0,4,1,1,9
178239.0,0.5329922183136127,0.0,0.0161075858818777,0.0005610444403301,0.0,0.0,0.0,0.4503391513641795,47,2,0,4,1,1,26
26002.0,0.9999230828397816,0.0,7.691716021844474e-05,0.0,0.0,0.0,0.0,0.0,36,3,0,5,5,6,39
86500.0,0.9710982658959536,0.0,0.0289017341040462,0.0,0.0,0.0,0.0,0.0,54,2,0,3,5,4,6
30001.0,0.9999666677777408,0.0,3.333222225925803e-05,0.0,0.0,0.0,0.0,0.0,51,0,0,3,5,6,42
60000.0,1.0,0.0,0.0,0.0,0.0,0.0,0.0,0.0,43,0,0,2,5,6,6
185176.0,0.0,0.9788849526936536,0.0184149133797036,0.0027001339266427,0.0,0.0,0.0,0.0,43,3,0,4,4,4,16
50001.0,0.0,0.5999880002399952,0.0300193996120077,0.0,0.0,0.3623927521449571,0.0,0.0,73,0,0,1,5,5,13
49000.0,0.5102040816326531,0.0,0.0,0.0,0.0,0.0,0.0,0.4897959183673469,45,0,0,2,1,1,37
57085.0,0.0,0.0,0.0008758868354208,0.0,0.0,0.0680914425856179,0.0,0.0,85,0,0,1,5,5,51
48140.0,0.997091815538014,0.0,0.0029081844619858,0.0,0.0,0.0,0.0,0.0,22,0,0,1,5,6,42
35010.0,0.9997143673236218,0.0,0.0002856326763781,0.0,0.0,0.0,0.0,0.0,35,2,0,4,5,6,20
47536.0,0.0,0.0,0.0424941097273645,0.0,0.0462807135644564,0.4059239313362504,0.1262201279030629,0.0004207337596768,67,1,0,3,1,1,15
95002.0,0.5263047093745394,0.0,0.0105366202816782,0.0,0.0,0.0,0.0,0.4631586703437822,29,2,1,4,1,1,38
384760.0,0.6237654641854663,0.0,0.0039894999480195,0.0001429462522091,0.0,0.0,0.0,0.372102089614305,45,2,0,4,1,1,9
90004.0,0.9999555575307764,0.0,4.444246922359006e-05,0.0,0.0,0.0,0.0,0.0,56,0,0,2,5,4,5
78358.0,0.1914290819061231,0.0,0.0002552387758748,0.0,0.0,0.0,0.0,0.7274560351208555,56,0,0,2,1,1,50
40000.0,1.0,0.0,0.0,0.0,0.0,0.0,0.0,0.0,44,0,0,2,5,6,48
208700.0,0.4791566842357451,0.0,0.0014374700527072,0.0,0.0,0.0,0.0,0.5194058457115477,58,1,0,3,1,1,30
61882.0,0.3913900649623477,0.0035551533563879,0.0287321030348081,0.0,0.0678711095310429,0.3234381564913868,1.6159787983581657e-05,0.0,78,0,0,1,5,5,56
131930.0,0.9095732585461987,0.0,0.0303949063897521,0.0,0.0,0.0,0.0,0.0,50,1,0,3,5,6,41
32000.0,1.0,0.0,0.0,0.0,0.0,0.0,0.0,0.0,55,0,0,1,5,2,42
75214.0,0.9040870050788417,0.0,0.0094929135533278,0.0,0.0,0.0,0.0,0.0,46,2,0,3,4,4,26
112411.0,0.0,0.0,0.000889592655523,0.0,0.0622714858866125,0.1419789878214765,0.0,0.7948599336363878,65,0,0,2,1,1,38
255500.0,0.5655577299412916,0.0,0.0,0.0,0.0,0.0,0.0,0.4344422700587084,41,1,0,3,1,1,17
807199.0,0.185827782244527,0.4335969197186815,0.0,0.0,0.0,0.0,0.0,0.0089197335477372,42,1,0,3,1,1,6
70000.0,0.3571428571428571,0.0,0.0,0.0,0.0,0.0,0.0,0.6428571428571429,48,2,0,4,1,1,45
154300.0,0.9073233959818536,0.0,0.0129617627997407,0.0019442644199611,0.0,0.0,0.0,0.0,22,0,0,2,5,6,48
114125.0,0.7185104052573932,0.0,0.008105147864184,0.0,0.0,0.0,0.0,0.2733844468784228,31,1,0,3,1,1,40
55000.0,1.0,0.0,0.0,0.0,0.0,0.0,0.0,0.0,23,0,0,3,5,6,6
50876.0,0.0,0.0,0.0,0.0,0.0,0.0982781665225253,0.0,0.0,85,1,0,2,5,5,48
66496.0,0.8629090471607315,0.0,0.0378368623676612,0.0,0.0,0.0,0.0,0.0,58,1,0,4,4,4,16
35300.0,0.8498583569405099,0.0,0.0708215297450425,0.0,0.0,0.0,0.0,0.0793201133144475,61,1,0,3,1,1,48
285000.0,0.3508771929824561,0.0,0.0,0.0,0.0,0.0,0.0,0.6491228070175439,40,0,0,2,1,1,36
60000.0,1.0,0.0,0.0,0.0,0.0,0.0,0.0,0.0,44,0,0,3,5,6,39
102354.0,0.7229810266330579,0.0,9.7700138734197e-05,0.0005862008324051,0.0,0.0,0.0,0.2763350723958028,80,0,0,2,1,1,13
60000.0,1.0,0.0,0.0,0.0,0.0,0.0,0.0,0.0,35,3,1,4,4,2,10
221371.0,0.0903460706235234,0.0,0.0002213478730276,0.0,0.0,0.0,0.0,0.909432581503449,30,0,0,2,1,1,36
68002.0,0.9999705891003206,0.0,2.941089967942119e-05,0.0,0.0,0.0,0.0,0.0,25,0,0,3,5,6,56
90003.0,0.9999666677777408,0.0,1.1110740753086009e-05,1.1110740753086009e-05,0.0,0.0,0.0,1.1110740753086009e-05,34,2,0,4,1,1,48
96481.0,0.0,0.0,0.0002176594355365,0.5700604264051989,0.0,0.2016977435971849,0.0,0.0,85,0,0,1,5,5,29
215624.0,0.4173932400845917,0.0,0.0014840648536341,0.0,0.0,0.0,0.0,0.5644269654583906,46,2,0,5,1,1,33
42000.0,1.0,0.0,0.0,0.0,0.0,0.0,0.0,0.0,24,0,0,2,5,6,21
150550.0,0.9963467286615744,0.0,0.001328462304882,0.0023248090335436,0.0,0.0,0.0,0.0,34,0,0,1,5,6,6
212239.0,0.0,0.0,0.2735218315201259,0.0,0.0,0.2321298159150768,0.0094233387831642,0.2847073346557419,73,0,0,2,1,1,24
353501.0,0.7072115779021841,0.0,0.0141470604043552,0.0226307704928698,0.0,0.0,0.0,0.2560105912005906,69,1,0,3,1,1,12
32000.0,1.0,0.0,0.0,0.0,0.0,0.0,0.0,0.0,39,0,0,1,5,6,49
50000.0,1.0,0.0,0.0,0.0,0.0,0.0,0.0,0.0,43,2,1,4,1,1,17
176391.0,0.4251917614844295,0.0,0.0459774024751829,0.1417305871614765,0.0,0.0,0.0,0.387100248878911,70,1,0,3,1,1,45
213700.0,0.9920449227889564,0.0,0.0079550772110435,0.0,0.0,0.0,0.0,0.0,28,0,0,1,5,6,37
262453.0,0.600107447809703,0.0,0.0009639821225133,0.0,0.0,0.0,0.0,0.3989285700677835,44,3,1,5,1,1,18
15000.0,1.0,0.0,0.0,0.0,0.0,0.0,0.0,0.0,21,0,0,2,5,6,39
154569.0,0.0,0.0,0.00243257056719,0.0,0.0,0.1547981807477566,0.8410483344008177,0.0,80,0,0,1,5,6,6
15010.0,0.0,1.0,0.0,0.0,0.0,0.0,0.0,0.0,27,0,0,2,5,6,6
6240.0,0.9935897435897436,0.0,0.0064102564102564,0.0,0.0,0.0,0.0,0.0,27,0,0,11,5,6,15
76039.0,0.0,0.0,0.0,0.0,0.0,0.1451755020450032,0.0,0.8548244979549968,31,3,1,5,1,1,13
18120.0,0.0,0.9933774834437086,0.0,0.0,0.0,0.0,0.0,0.0,29,1,0,5,4,6,4
90576.0,0.0,0.110404522169228,0.0008390743684861,0.0,0.0,0.0,0.0,0.8887564034622858,46,2,0,4,1,1,26
107186.0,0.4851379844382661,0.0,0.0003078760285858,0.0,0.0,0.0,0.0,0.514554139533148,46,1,0,3,1,1,28
99025.0,0.7573844988639232,0.0,0.0002524614996213,0.0,0.0,0.0,0.0,0.2423630396364554,58,0,0,2,1,1,35
27000.0,1.0,0.0,0.0,0.0,0.0,0.0,0.0,0.0,54,0,0,5,5,6,49
30000.0,1.0,0.0,0.0,0.0,0.0,0.0,0.0,0.0,22,0,0,2,5,6,24
52027.0,0.9994810386914488,0.0,0.0005189613085513,0.0,0.0,0.0,0.0,0.0,61,0,0,1,5,4,18
54700.0,0.9140767824497258,0.0,0.0859232175502742,0.0,0.0,0.0,0.0,0.0,51,0,0,3,5,4,48
76355.0,0.0,0.0,0.0,0.0,0.0,0.3556414118263375,0.0,0.6443585881736625,69,0,0,2,1,1,20
35000.0,1.0,0.0,0.0,0.0,0.0,0.0,0.0,0.0,26,0,0,3,5,6,48
72800.0,0.5,0.0,0.0,0.0,0.0,0.0,0.0,0.5,53,1,0,3,1,1,17
152000.0,0.0,0.0,0.0,0.0,0.0,0.0,0.0,1.0,56,0,0,2,1,1,12
91000.0,0.989010989010989,0.0,0.0,0.0109890109890109,0.0,0.0,0.0,0.0,27,0,0,4,5,6,6
235719.0,0.0,0.0,0.0216359309177452,0.1739359152210895,0.0814529163962175,0.0694852769611274,0.0,0.5022929844433415,80,0,0,2,1,1,17
35000.0,1.0,0.0,0.0,0.0,0.0,0.0,0.0,0.0,26,0,0,1,5,6,6
30021.0,0.99930048965724,0.0,0.00069951034276,0.0,0.0,0.0,0.0,0.0,25,0,0,2,5,6,8
55002.0,0.0,0.9999636376859024,3.6362314097669174e-05,0.0,0.0,0.0,0.0,0.0,47,0,0,1,5,5,1
51000.0,1.0,0.0,0.0,0.0,0.0,0.0,0.0,0.0,35,0,0,1,5,6,6
70050.0,0.3997144896502498,0.0,0.0007137758743754,0.0,0.0,0.0,0.0,0.0,56,0,0,1,5,6,48
45004.0,0.5777264243178384,0.422184694693805,6.66607412674429e-05,2.2220247089147632e-05,0.0,0.0,0.0,0.0,37,4,1,6,5,2,55
54453.0,0.0,0.0,0.0109635832736488,0.0,0.0,0.4081317833728169,0.0,0.0,85,0,0,1,5,5,56
443101.0,0.0,0.0,0.2304215066091026,0.0,0.0,0.0,0.1354093084872297,0.5664645306600526,69,0,0,2,1,1,42
25463.0,0.9999607273298512,0.0,3.927267014884342e-05,0.0,0.0,0.0,0.0,0.0,64,2,0,4,4,5,17
29028.0,0.0,0.0,0.0,0.0,0.0,0.0,0.8267879288962381,0.0,55,0,0,1,5,6,32
249853.0,0.6403765414063469,0.0,0.0100138881662417,0.0,0.0,0.0,0.0,0.3496095704274113,44,2,0,6,1,1,48
169603.0,0.8608338295902784,0.0,0.1385706620755529,0.0005896122120481,0.0,0.0,5.8961221204813595e-06,0.0,39,0,0,1,5,4,36
86400.0,0.0,0.0,0.0,0.0,0.0,0.0,0.0,0.0,76,0,0,4,5,6,15
150294.0,0.3292213927369023,0.0,0.005342861325136,0.0033268127802839,0.0,0.0,0.0,0.6621089331576776,56,0,0,2,1,1,42
8500.0,1.0,0.0,0.0,0.0,0.0,0.0,0.0,0.0,27,0,0,5,5,6,32
30002.0,0.9999333377774816,0.0,3.333111125924938e-05,0.0,0.0,0.0,0.0,3.333111125924938e-05,39,2,1,4,1,1,6
69364.0,0.8938354189493108,0.0,0.0484977798281529,0.0,0.0,0.0,0.0,0.0,31,0,0,1,5,6,49
93800.0,0.5415778251599147,0.0,0.0,0.0,0.0,0.0,0.0,0.4584221748400853,37,2,0,4,1,1,26
33000.0,1.0,0.0,0.0,0.0,0.0,0.0,0.0,0.0,29,0,0,3,5,6,6
95001.0,0.8947274239218534,0.0,0.1052725760781465,0.0,0.0,0.0,0.0,0.0,41,3,0,4,4,6,18
88000.0,0.9659090909090908,0.0,0.034090909090909,0.0,0.0,0.0,0.0,0.0,30,2,1,4,5,6,22
129671.0,0.9716898921115746,0.0,0.0115754486353926,0.0,0.0,0.0167346592530326,0.0,0.0,68,0,0,1,5,4,44
27000.0,0.4444444444444444,0.0,0.5555555555555556,0.0,0.0,0.0,0.0,0.0,42,0,0,6,5,6,6
53050.0,0.9990574929311968,0.0,0.000942507068803,0.0,0.0,0.0,0.0,0.0,39,0,0,1,5,6,12
95252.0,0.9868559190358208,0.0,0.0131335824969554,1.0498467223785328e-05,0.0,0.0,0.0,0.0,27,0,0,2,5,6,17
74581.0,0.0,0.0,2.6816481409474264e-05,0.0,0.0,0.3483326852683659,0.0,0.603370831713171,64,1,0,3,1,1,37
111852.0,0.2235096377355791,0.0,0.089412795479741,0.0,0.0,0.0,0.0004470192754711,0.6866305475092086,42,2,0,4,1,1,16
18002.0,0.9998889012331964,0.0,5.554938340184424e-05,0.0,0.0,0.0,0.0,0.0,60,0,0,2,5,4,26
1458499.0,0.0514227298064654,0.0,0.0675351851458245,0.0,0.0,0.0,0.010284545961293,0.870757539086417,65,0,0,2,1,1,33
230228.0,0.121618569418142,0.0,0.0008773911079451,0.0,0.0,0.0,4.343520336362215e-06,0.8774996959535765,43,2,0,4,1,1,27
228166.0,0.2848803064435543,0.0,4.38277394528545e-06,0.0,0.0,0.0,0.0,0.7151153107825005,44,2,0,5,1,1,25
58846.0,0.0,0.0,0.1534004010468001,0.0513034021003976,0.0,0.0,0.0,0.0,69,0,0,2,4,4,48
38000.0,1.0,0.0,0.0,0.0,0.0,0.0,0.0,0.0,40,1,0,2,4,6,12
50000.0,1.0,0.0,0.0,0.0,0.0,0.0,0.0,0.0,32,0,0,4,5,6,48
489789.0,0.1082098617976312,0.0,0.2041797590390964,0.0,0.0918762977527057,0.0701914497875615,0.0,0.525542631623005,70,0,0,2,1,1,44
71026.0,0.0,0.0,0.0,0.0,0.0,0.5347196801171402,0.0,0.3657674654351927,85,0,0,2,1,1,13
101288.0,0.5331332438196035,0.0,0.0013821972987915,0.0,0.0,0.0,0.0,0.4654845588816049,51,0,0,2,1,1,13
66133.0,0.0,0.0,3.024208791374957e-05,0.0003931471428787,0.0,0.0,0.0,0.9995766107692076,61,0,0,2,1,1,54
181500.0,0.9917355371900828,0.0,0.0055096418732782,0.0027548209366391,0.0,0.0,0.0,0.0,31,0,0,1,5,6,25
90004.0,0.4999777787653882,0.0,1.1110617305897516e-05,0.0,0.0,0.0,0.0,0.5000111106173059,45,1,0,3,1,1,53
59000.0,0.7627118644067796,0.0,0.0,0.0,0.0,0.0,0.0,0.2372881355932203,61,0,0,2,1,1,19
31193.0,0.0,0.0,0.0240759144679896,0.0016029237328887,0.615522713429295,0.0769403391786618,0.0,0.2056871734042894,85,1,0,3,1,1,9
144002.0,0.6944486882126637,0.0,0.0,0.0,0.0,0.0,0.0,0.3055513117873363,48,2,0,5,1,1,34
53000.0,1.0,0.0,0.0,0.0,0.0,0.0,0.0,0.0,25,0,0,1,5,6,16
178290.0,0.4906612821807168,0.0,0.0008974143249761,0.0,0.0,0.0,0.0,0.4803971058388019,49,3,0,5,1,1,18
104000.0,0.3846153846153846,0.0,0.048076923076923,0.0,0.0,0.0,0.0,0.5673076923076923,56,0,0,2,1,1,38
36000.0,1.0,0.0,0.0,0.0,0.0,0.0,0.0,0.0,42,2,0,4,4,2,54
62751.0,0.0,0.2294784146866185,0.0,0.0,0.0,0.1290816082612229,0.0,0.6414399770521585,70,1,0,4,1,1,48
42000.0,1.0,0.0,0.0,0.0,0.0,0.0,0.0,0.0,44,0,0,4,5,6,6
63016.0,0.6734956201599593,0.0,0.0027770724895264,0.0,0.0,0.3237273073505141,0.0,0.0,80,0,0,1,5,6,37
404048.0,0.470241159466202,0.0,0.0004281669504613,0.0,0.0,0.0,0.0,0.5293306735833366,31,0,0,2,1,1,5
267820.0,0.2034948846240012,0.0,0.0038234635202748,0.0010156074975729,0.0,0.0,0.0,0.761795235606004,60,0,0,2,1,1,55
34969.0,0.0,0.0,0.001429837856387,0.0,0.0,0.777231261974892,0.0,0.0,80,0,0,1,5,5,6
9600.0,1.0,0.0,0.0,0.0,0.0,0.0,0.0,0.0,20,0,0,3,5,6,21
17600.0,0.0,0.0,0.1136363636363636,0.0,0.0,0.0,0.0,0.0,58,0,0,2,5,4,29
44601.0,0.9999775789780498,0.0,2.2421021950180488e-05,0.0,0.0,0.0,0.0,0.0,24,0,0,2,5,6,39
292205.0,0.8897862801800106,0.0,0.0393661983881179,0.0006844509847538,0.0,0.0,0.0,0.0701630704471176,34,0,0,2,1,1,48
65362.0,0.0,0.0,0.0104188978305437,0.0122395275542364,0.0210060891649582,0.3462562345093479,0.0458982283283865,0.0,85,0,0,1,5,5,48
110334.0,0.6163104754654051,0.0,0.2758351913281491,0.0589120307430166,0.0,0.0,0.0489423024634292,0.0,36,0,0,1,5,6,49
44201.0,0.9999773760774644,0.0,2.262392253568924e-05,0.0,0.0,0.0,0.0,0.0,47,1,0,7,5,4,48
30842.0,0.0,0.0,0.0,0.0,0.0,0.0,0.0,1.0,51,4,0,8,1,1,48
32601.0,0.1840434342504831,0.0,0.0245697984724394,0.0,0.0,0.7913867672770774,0.0,0.0,68,0,0,1,5,6,39
72514.0,0.9929117136001324,0.0,0.0063298121742008,0.0007584742256667,0.0,0.0,0.0,0.0,25,0,0,4,5,6,32
30000.0,1.0,0.0,0.0,0.0,0.0,0.0,0.0,0.0,34,3,0,4,4,6,37
92839.0,0.8617068257951939,0.0,0.0,0.0,0.0,0.0,0.0,0.1382931742048061,69,0,0,2,1,1,16
30285.0,0.9905894006934126,0.0,0.0094105993065874,0.0,0.0,0.0,0.0,0.0,47,0,0,2,5,4,48
46000.0,1.0,0.0,0.0,0.0,0.0,0.0,0.0,0.0,38,2,1,4,5,4,24
395307.0,0.4730500598269193,0.0,0.2916897499917785,0.0126483973215753,0.0,0.0,0.0,0.2226117928597267,46,2,0,4,1,1,29
136187.0,0.0,0.0,0.0029371379059675,0.0,0.0050445343534992,0.4038564620705354,0.0,0.5881618656699978,71,0,0,2,1,1,15
181635.0,0.8808874941503565,0.0,0.0083133757260439,2.752773419219864e-05,0.0,0.0,0.0,0.0006606656206127,47,3,0,5,1,1,48
171122.0,0.0,0.0,0.0444419770689917,0.0,0.2337396711118383,0.1563796589567677,0.0,0.418876590970185,85,0,0,2,1,1,26
35000.0,1.0,0.0,0.0,0.0,0.0,0.0,0.0,0.0,39,3,0,5,1,1,6
20025.0,0.0,0.9987515605493134,0.0012484394506866,0.0,0.0,0.0,0.0,0.0,42,0,0,1,5,6,35
80000.0,0.0,0.0,0.0,0.0,0.0,0.0,0.0,1.0,32,1,1,3,1,1,8
165004.0,0.6666505054422923,0.0,1.212091828076895e-05,0.0,0.0,0.0,0.0121209182807689,0.3212164553586579,61,2,0,4,1,1,24
20000.0,1.0,0.0,0.0,0.0,0.0,0.0,0.0,0.0,24,0,0,4,5,6,28
124979.0,0.2112354875619104,0.0,0.0,0.0,0.0,0.0,0.0,0.7887645124380896,41,1,0,4,1,1,1
254859.0,0.9985992254540746,0.0,0.0010005532470895,0.0,0.0,0.0,0.0,0.0004002212988358,53,2,0,4,1,1,34
43523.0,1.0,0.0,0.0,0.0,0.0,0.0,0.0,0.0,49,2,0,4,1,1,32
750710.0,0.999054228663532,0.0,0.0009457713364681,0.0,0.0,0.0,0.0,0.0,57,0,0,1,5,6,41
598177.0,0.3510666575277886,0.0,0.0185730979292082,8.358729941137824e-06,0.0,0.0,0.0,0.3528420517672863,57,1,0,4,1,1,12
72312.0,0.0,0.0,0.0688682376369067,0.0024892134085628,0.1756278349374931,0.320278791901759,0.0,0.0,80,0,0,2,5,5,48
35176.0,0.7107118489879464,0.0,0.0,0.0,0.0,0.0,0.0,0.0,31,2,0,3,4,6,13
105384.0,0.1024823502618993,0.7401503074470508,1.897821301146284e-05,0.0,0.0,0.0,0.0,0.1573483640780384,50,5,0,7,1,1,27
56754.0,0.0,0.0,0.0,0.0,0.0,0.0,0.0,0.5595024139267717,80,1,0,3,1,1,56
55001.0,0.9999818185123908,0.0,1.8181487609316193e-05,0.0,0.0,0.0,0.0,0.0,24,0,0,2,5,6,39
70000.0,1.0,0.0,0.0,0.0,0.0,0.0,0.0,0.0,68,1,0,2,5,5,37
49881.0,0.6615745474228665,0.0,2.004771355826868e-05,0.0,0.0,0.3223672340169604,-0.0400954271165373,0.0,60,0,0,2,5,6,18
33280.0,1.0,0.0,0.0,0.0,0.0,0.0,0.0,0.0,48,0,0,1,5,6,37
58480.0,0.6497948016415869,0.0,0.0218878248974008,0.0,0.0,0.0,0.0,0.3283173734610123,56,0,0,2,1,1,48
12012.0,0.999000999000999,0.0,0.0009990009990009,0.0,0.0,0.0,0.0,0.0,49,0,0,2,5,6,37
108750.0,0.4413793103448276,0.0,0.0,0.0,0.0,0.0,0.0,0.5586206896551724,30,3,1,5,1,1,48
22000.0,1.0,0.0,0.0,0.0,0.0,0.0,0.0,0.0,26,0,0,1,5,6,29
142134.0,0.2814245711793097,0.0,0.0527671070961205,0.0,0.0,0.0,0.0263835535480602,0.6394247681765095,33,0,0,4,1,1,36
130030.0,0.7690532953933708,0.0,0.000230715988618,0.0,0.0,0.0,0.0,0.2307159886180112,39,0,0,2,1,1,6
350900.0,0.4274722143060701,0.0,0.0008549444286121,0.0,0.0,0.0,0.0,0.5716728412653177,39,2,0,4,1,1,6
246651.0,0.7297760803726723,0.0,0.0009365459698115,0.0008108623115251,0.0,0.0,0.0,0.2684765113459909,69,0,0,2,1,1,34
112172.0,0.7622223014656064,0.0445744035944799,0.0003655101094747,0.0008914880718895,0.0,0.0,0.0,0.1919462967585493,42,3,1,5,1,1,56
74817.0,0.2646457355948514,0.0,0.0002272210861167,0.0,0.0,0.7351270433190318,0.0,0.0,78,1,0,2,4,4,42
33400.0,1.0,0.0,0.0,0.0,0.0,0.0,0.0,0.0,19,0,0,2,5,6,53
18000.0,1.0,0.0,0.0,0.0,0.0,0.0,0.0,0.0,47,0,0,1,4,6,9
50000.0,1.0,0.0,0.0,0.0,0.0,0.0,0.0,0.0,23,0,0,1,5,6,10
34192.0,0.0,0.0,0.0088324754328497,0.0935891436593355,0.0,0.0526438933083762,0.0,0.8449344875994385,75,0,0,2,1,1,17
30125.0,0.8962655601659751,0.0,0.0001659751037344,0.0,0.0,0.0,0.0,0.0,61,0,0,1,5,6,33
30572.0,0.9812900693444984,0.0,0.0187099306555017,0.0,0.0,0.0,0.0,0.0,60,0,0,1,5,6,8
39477.0,0.9936165362109582,2.533120551207032e-05,0.0063581325835296,0.0,0.0,0.0,0.0,0.0,26,0,0,2,5,6,48
55161.0,0.0,0.0,1.8128750385235943e-05,0.0,0.0,0.3850546581824114,0.0,0.5061547107557876,76,0,0,2,1,1,28
100350.0,0.9965122072745392,0.0,0.0034877927254608,0.0,0.0,0.0,0.0,0.0,30,0,0,2,5,6,6
35000.0,1.0,0.0,0.0,0.0,0.0,0.0,0.0,0.0,32,2,2,4,5,6,49
85500.0,0.4444444444444444,0.0,0.0,0.0,0.0,0.0,0.0,0.5555555555555556,44,0,0,2,1,1,54
65204.0,0.9968713575854242,0.0,6.134592969756457e-05,0.0030672964848782,0.0,0.0,0.0,0.0,44,0,0,2,5,6,55
64000.0,0.0,0.0,0.0,0.0,0.0,0.0,0.0,1.0,47,3,0,5,1,1,18
48001.0,0.3124934897189642,0.0,0.0,0.0,0.0,0.0,0.0,0.6875065102810358,62,0,0,2,1,1,51
166508.0,0.3903716337953732,0.0,0.6006197900401182,0.0090085761645086,0.0,0.0,0.0,0.0,37,0,0,2,4,4,8
125003.0,0.1999952001151972,0.0,0.0,0.0,0.0,0.0,0.0,0.8000047998848028,32,2,0,4,1,1,30
31520.0,0.0,0.0,0.08248730964467,0.0,0.0,0.6357868020304569,0.0,0.0,85,0,0,1,5,5,6
2000.0,1.0,0.0,0.0,0.0,0.0,0.0,0.0,0.0,21,0,0,2,5,6,47
47760.0,0.852177554438861,0.0,0.0012562814070351,0.0,0.0,0.0,0.0,0.1465661641541038,36,0,0,4,1,1,42
131477.0,0.0,0.0,0.0244225225704876,0.0,0.0,0.1354457433619568,0.2053591122401636,0.3427063288636035,72,0,0,2,1,1,30
54000.0,1.0,0.0,0.0,0.0,0.0,0.0,0.0,0.0,31,0,0,1,5,2,48
216500.0,0.4849884526558891,0.0,0.0064665127020785,0.0,0.0,0.0,0.0,0.5085450346420324,33,1,1,3,1,1,38
31860.0,0.0,0.0,0.0088198367859384,0.0,0.0627746390458254,0.7024168236032643,0.0,0.0,73,0,0,1,5,4,6
50220.0,0.9956192751891676,0.0,0.0043807248108323,0.0,0.0,0.0,0.0,0.0,32,0,0,1,5,6,17
8400.0,0.0,0.0,0.0,0.0,0.0,0.0,0.0,0.0,30,2,0,6,5,6,6
120100.0,0.9991673605328892,0.0,0.0008326394671107,0.0,0.0,0.0,0.0,0.0,31,3,2,5,1,1,33
90000.0,1.0,0.0,0.0,0.0,0.0,0.0,0.0,0.0,27,0,0,1,5,6,42
52103.0,0.8828666295606779,0.0,0.0038961288217569,0.0,0.0,0.0,0.0,0.0,25,0,0,2,5,6,32
264512.0,0.1663440600048391,0.0,0.0,0.0,0.0,0.0,0.0,0.8336559399951609,60,0,0,2,1,1,13
21000.0,1.0,0.0,0.0,0.0,0.0,0.0,0.0,0.0,38,0,0,2,5,6,36
35000.0,1.0,0.0,0.0,0.0,0.0,0.0,0.0,0.0,21,0,0,1,5,6,22
23440.0,0.0,0.0,0.0221843003412969,0.0,0.0,0.3250426621160409,4.266211604095563e-05,0.0,85,0,0,1,5,5,35
30000.0,1.0,0.0,0.0,0.0,0.0,0.0,0.0,0.0,26,0,0,3,5,6,6
60533.0,0.0026431863611583,0.0,0.0049724943419291,0.0,0.0,0.0,0.0,0.9923843192969124,46,2,0,4,1,1,25
45000.0,1.0,0.0,0.0,0.0,0.0,0.0,0.0,0.0,23,0,0,4,5,6,1
166100.0,0.7525586995785671,0.0,0.1842263696568332,0.0632149307645996,0.0,0.0,0.0,0.0,63,0,0,1,5,6,24
120067.0,0.6246512363930139,0.0,0.0833867757168914,0.0416434157595342,0.0,0.0,0.0,0.2503185721305604,55,0,0,2,1,1,16
145103.0,0.5168742203813843,0.0,0.0172360323356512,0.0006891656271751,0.0,0.0,0.0,0.4652005816557893,58,0,0,2,1,1,34
73810.0,0.9212843788104592,0.0,0.0109741227475951,0.0,0.0677414984419455,0.0,0.0,0.0,60,0,0,2,5,6,27
45021.0,0.0,0.0,0.000444237133782,0.0,0.0,0.0,0.0,0.999555762866218,25,1,1,3,1,1,39
24002.0,0.4999583368052662,0.0,0.0,0.0,0.0,0.0,0.0,0.5000416631947338,37,1,0,3,1,1,40
58196.0,0.0,0.3367929067289848,0.0539212316997731,0.0,0.0,0.3299195821018627,0.2793662794693793,0.0,69,0,0,1,5,5,46
244508.0,0.4417033389500548,0.0,0.0899929654653426,0.0,0.0,0.0,0.0,0.4294501611399218,46,3,0,5,1,1,29
50025.0,0.9995002498750624,0.0,0.0004997501249375,0.0,0.0,0.0,0.0,0.0,24,0,0,1,5,6,36
25000.0,1.0,0.0,0.0,0.0,0.0,0.0,0.0,0.0,51,0,0,3,5,6,22
140583.0,0.9856241508575004,0.0,0.0143758491424994,0.0,0.0,0.0,0.0,0.0,53,0,0,4,5,6,51
44618.0,0.896499170738267,0.0,0.0586758707248195,0.0448249585369133,0.0,0.0,0.0,0.0,29,0,0,2,5,3,37
115220.0,0.4790834924492275,0.0,0.000173580975525,0.0,0.0,0.0,0.0,0.5207429265752473,38,1,0,3,1,1,21
80005.0,0.999937503906006,0.0,6.249609399412537e-05,0.0,0.0,0.0,0.0,0.0,37,0,0,5,5,6,6
172454.0,0.0,0.0,0.0017511916221137,0.0,0.0,0.0,0.0,0.6213367042805618,35,3,1,5,1,1,50
27960.0,0.965665236051502,0.0,0.0,0.0,0.0,0.0,0.0,0.0,37,2,0,3,4,3,28
32000.0,1.0,0.0,0.0,0.0,0.0,0.0,0.0,0.0,27,0,0,2,5,6,21
196907.0,0.5332466595905682,0.0,0.0787275211140284,0.0253926980757413,0.0,0.0,0.0,0.362633121219662,41,3,0,5,1,1,48
75310.0,0.0,0.0,0.0007303146992431,0.0,0.0132784490771477,0.3266498472978356,0.0,0.3406586110742265,76,0,0,2,1,1,35
51610.0,0.9881805851579152,0.0,0.0098818058515791,0.0,0.0,0.0,0.0,0.0019376089905057,30,1,1,3,1,1,25
240134.0,0.0,0.0,8.328683151906852e-06,0.0,0.0,0.0682077506725411,0.0,0.9317839206443068,61,0,0,2,1,1,20
62021.0,0.9996614050079812,0.0,0.0001773592815336,0.0,0.0,0.0,0.0,0.0001612357104851,39,2,1,4,1,1,18
45179.0,0.0,0.0,0.0,0.0,0.0,0.521901768520773,0.0,0.0,79,1,0,2,5,4,45
30000.0,1.0,0.0,0.0,0.0,0.0,0.0,0.0,0.0,38,0,0,2,4,6,42
69037.0,0.9994640555064676,1.4484986311687936e-05,0.0005214595072207,0.0,0.0,0.0,0.0,0.0,45,1,0,2,4,5,46
110126.0,0.9988558560194686,0.0,0.0011441439805313,0.0,0.0,0.0,0.0,0.0,44,0,0,2,5,3,6
10820.0,0.0462107208872458,0.0,0.0,0.0,0.0,0.0,0.0,0.0,33,5,0,8,5,6,28
100001.0,0.999990000099999,0.0,9.99990000099999e-06,0.0,0.0,0.0,0.0,0.0,43,3,0,5,1,1,48
36580.0,0.0,0.0,0.0,0.0,0.0,0.5243302351011482,0.0,0.0,78,0,0,1,5,5,44
90400.0,0.0,0.0,0.0,0.0,0.0,0.0,0.0884955752212389,0.8617256637168141,45,4,2,6,1,1,47
91000.0,0.6813186813186813,0.0,0.0,0.0,0.0,0.0,0.0,0.3186813186813186,44,2,0,4,1,1,19
407483.0,0.981636043712253,0.0,0.0056026877194876,0.0004908180218561,0.0,0.0,0.0122704505464031,0.0,40,0,0,1,5,2,33
110062.0,0.9994366811433556,0.0,0.0005633188566444,0.0,0.0,0.0,0.0,0.0,51,3,0,5,1,1,48
301695.0,0.0,0.0,0.0001259550207991,3.314605810503986e-05,0.0,0.0,0.0248595435787798,0.974981355342316,58,0,0,2,1,1,56
75002.0,1.0,0.0,0.0,0.0,0.0,0.0,0.0,0.0,44,0,0,2,5,4,51
45003.0,0.9999333377774816,0.0,6.666222251849876e-05,0.0,0.0,0.0,0.0,0.0,25,0,0,2,5,6,42
90248.0,0.0,0.0,0.0016953284283308,0.0,0.0,0.0,0.0,0.9983046715716692,52,2,0,6,1,1,37
110101.0,0.7266055712482176,0.0,9.08256964060272e-06,0.0,0.0,0.0,0.0,0.2733853461821418,51,0,0,2,1,1,37
149600.0,0.9959893048128342,0.0,0.0040106951871657,0.0,0.0,0.0,0.0,0.0,43,0,0,1,5,3,23
44000.0,0.8636363636363636,0.0,0.0,0.0,0.0,0.0,0.0,0.0,40,7,0,8,4,3,5
3300.0,1.0,0.0,0.0,0.0,0.0,0.0,0.0,0.0,61,0,0,3,5,4,48
130002.0,0.6923124259626775,0.0,0.0,0.0,0.0,0.0,0.0,0.3076875740373225,26,0,0,2,1,1,54
62060.0,0.1933612632935868,0.0,0.0009668063164679,0.0,0.0,0.0,0.0,0.0,22,0,0,4,5,6,33
261467.0,0.3059659536385088,0.0,0.0013386010471684,0.0014036188123166,0.0,0.0,0.0,0.6912918265020059,29,2,2,4,1,1,16
25001.0,0.999960001599936,0.0,3.999840006399744e-05,0.0,0.0,0.0,0.0,0.0,49,0,0,1,5,6,6
1434101.0,0.1394601914370047,0.0,0.0109476250278048,0.00139460191437,0.0,0.0,0.0104595143577753,0.8377380672630449,49,2,0,4,1,1,36
88000.0,0.0,0.0,0.0,0.0,0.0,0.0,0.0,1.0,41,2,0,4,1,1,26
67872.0,0.0,0.0,0.0036244695898161,0.0007661480433757,0.0,0.3493487741631306,0.0,0.6418405233380481,66,0,0,2,1,1,47
22885.0,0.0,0.0,4.3696744592527856e-05,0.0,0.0,0.8227223071881145,0.0,0.0,67,0,0,1,5,5,48
52001.0,0.9999807696005846,0.0,0.0,0.0,0.0,0.0,0.0,1.923039941539586e-05,34,2,0,4,1,1,38
36210.0,0.7732670533001933,0.0,0.008285004142502,0.0,0.0,0.0,0.0,0.1712234189450428,43,2,0,4,1,1,8
595152.0,0.4200607575879775,0.0,0.005042409334086,0.0016802430303519,0.0,0.0,0.0336048606070382,0.5396117294405463,50,3,0,5,1,1,11
150002.0,0.999986666844442,0.0,1.3333155557925894e-05,0.0,0.0,0.0,0.0,0.0,41,2,0,4,1,1,4
75001.0,0.999986666844442,0.0,1.3333155557925894e-05,0.0,0.0,0.0,0.0,0.0,47,0,0,1,5,6,6
64009.0,0.7342717430361355,0.0,0.2657282569638645,0.0,0.0,0.0,0.0,0.0,45,0,0,1,5,6,18
122300.0,0.98119378577269,0.0,0.0065412919051512,0.0122649223221586,0.0,0.0,0.0,0.0,27,0,0,2,5,6,4
50000.0,1.0,0.0,0.0,0.0,0.0,0.0,0.0,0.0,32,0,0,2,5,6,18
48004.0,0.9999166736105324,0.0,8.332638946754438e-05,0.0,0.0,0.0,0.0,0.0,47,0,0,1,5,4,32
29001.0,0.9999655184303988,0.0,3.448156960104824e-05,0.0,0.0,0.0,0.0,0.0,33,0,0,1,5,6,41
89167.0,0.8859779963439389,0.0,0.001256070070766,0.0006168201240369,0.0,0.0,0.0,0.0,25,0,0,2,5,6,12
102176.0,0.0,0.0,0.02823559348575,0.2153147510178515,0.0,0.3640776699029126,0.0,0.39149115252114,71,0,0,2,1,1,17
304130.0,0.5786998980699043,0.0,0.0050307434320849,0.0,0.0,0.0,0.0,0.4162693584980107,41,0,0,2,1,1,11
131300.0,0.8377760853008378,0.0,0.146991622239147,0.0152322924600152,0.0,0.0,0.0,0.0,70,0,0,1,5,6,11
84000.0,1.0,0.0,0.0,0.0,0.0,0.0,0.0,0.0,23,0,0,2,5,6,32
458909.0,0.4902932825462128,0.0,0.0610164542425622,0.0019611731301848,0.0,0.0,0.0,0.44672909008104,55,1,0,3,1,1,37
85000.0,0.5294117647058824,0.0,0.0,0.0,0.0,0.0,0.0,0.4705882352941176,34,1,1,3,1,1,39
25000.0,1.0,0.0,0.0,0.0,0.0,0.0,0.0,0.0,26,0,0,3,5,6,40
156934.0,0.8283737112416685,0.0,0.0440567372271145,6.372105471089757e-06,0.0,0.0,0.0,0.1275631794257458,45,2,2,4,1,1,38
284742.0,0.7023902339661869,0.0,0.0036875487283224,0.0017559755849154,0.0,0.0,0.0,0.2921662417205751,50,1,0,3,1,1,42
39000.0,1.0,0.0,0.0,0.0,0.0,0.0,0.0,0.0,24,0,0,2,5,6,47
63437.0,0.0,0.0,0.0002049277235682,0.0,0.0,0.4914324447877422,0.0,0.5083626274886895,85,0,0,2,1,1,5
13000.0,1.0,0.0,0.0,0.0,0.0,0.0,0.0,0.0,18,0,0,3,5,6,15
55000.0,1.0,0.0,0.0,0.0,0.0,0.0,0.0,0.0,31,0,0,1,5,6,13
226060.0,0.4644784570468017,0.0,0.035654251083783,0.0442360435282668,0.0,0.0,0.0,0.4556312483411484,46,0,0,2,1,1,13
81000.0,0.9135802469135802,0.0,0.0864197530864197,0.0,0.0,0.0,0.0,0.0,27,0,0,1,5,6,46
22979.0,0.0,0.0,0.0,0.0,0.0,0.7388920318551722,0.0,0.0,76,0,0,1,5,4,36
24003.0,0.9582135566387536,0.0,0.0417864433612465,0.0,0.0,0.0,0.0,0.0,32,0,0,1,5,6,26
29100.0,0.0309278350515463,0.0,0.0,0.0,0.0,0.0,0.0,0.9690721649484536,37,3,1,5,1,1,18
50001.0,0.999980000399992,0.0,1.999960000799984e-05,0.0,0.0,0.0,0.0,0.0,22,0,0,2,5,6,27
70076.0,0.9989154632113704,0.0,0.0010845367886294,0.0,0.0,0.0,0.0,0.0,25,0,0,4,5,6,34
50400.0,0.992063492063492,0.0,0.0069444444444444,0.0009920634920634,0.0,0.0,0.0,0.0,30,0,0,1,5,6,25
119100.0,0.9991603694374476,0.0,0.0008396305625524,0.0,0.0,0.0,0.0,0.0,34,0,0,1,5,6,5
135008.0,0.6147783835031998,0.0,5.925574780753733e-05,0.0,0.0,0.0,0.0,0.3851623607489926,52,2,0,4,1,1,26
22000.0,1.0,0.0,0.0,0.0,0.0,0.0,0.0,0.0,51,0,0,1,5,6,48
126166.0,0.0,0.0,0.0103276635543648,0.0317042626381116,0.0055482459616695,0.4359336112740358,0.0,0.516486216571818,85,0,0,2,1,1,12
115009.0,0.5216983018720274,0.0,5.2169830187202743e-05,0.0,0.0,0.0,0.0,0.4782495282977854,32,0,0,2,1,1,30
52150.0,0.99712368168744,0.0,0.0028763183125599,0.0,0.0,0.0,0.0,0.0,27,0,0,2,5,6,6
200000.0,0.5,0.0,0.0,0.0,0.0,0.0,0.0,0.5,63,2,0,4,1,1,6
120018.0,0.0,0.0,7.498875168724692e-05,0.0,0.0,0.0,0.0,0.9999250112483128,58,0,0,2,1,1,18
47436.0,0.1567374989459482,0.0,2.1081035500463785e-05,0.0,0.0,0.0,0.0,0.0,76,0,0,1,5,4,1
81153.0,0.8009562185008564,0.0,0.0239177849247717,0.0024644806723103,0.0,0.0,0.0,0.1241605362709943,45,2,1,5,1,1,48
303651.0,0.9879763280871792,0.0,0.012020378658394,3.2932544269572636e-06,0.0,0.0,0.0,0.0,50,0,0,1,5,4,13
40000.0,1.0,0.0,0.0,0.0,0.0,0.0,0.0,0.0,30,0,0,3,5,6,51
123702.0,0.9943250715429016,8.0839436710805e-06,0.0056587605697563,0.0,0.0,0.0,0.0,0.0,49,0,0,1,5,4,17
40000.0,1.0,0.0,0.0,0.0,0.0,0.0,0.0,0.0,38,4,0,5,4,4,36
10300.0,0.3436893203883495,0.0,0.0,0.0,0.0,0.0,0.0,0.0,43,3,0,5,4,4,26
86496.0,0.3699593044765076,0.0,1.1561228264890862e-05,0.0,0.0,0.0013873473917869,0.0,0.5589969478357381,26,2,2,4,1,1,38
50001.0,0.999980000399992,0.0,1.999960000799984e-05,0.0,0.0,0.0,0.0,0.0,40,0,0,3,5,4,48
124602.0,0.9229386366189948,0.0,8.025553361904303e-06,8.025553361904303e-06,0.0,0.0,0.0529686521885684,0.0,36,0,0,1,5,6,12
4214.0,0.0,0.0,0.6710963455149501,0.3289036544850498,0.0,0.0,0.0,0.0,63,0,0,1,5,4,48
221376.0,0.3207213067360508,0.0,0.0,0.0,0.0,0.0,0.0,0.6792786932639491,39,2,0,4,1,1,45
100000.0,0.4,0.0,0.0,0.0,0.0,0.0,0.0,0.6,43,2,0,4,1,1,48
17680.0,1.0,0.0,0.0,0.0,0.0,0.0,0.0,0.0,20,0,0,5,5,6,48
150000.0,0.4666666666666667,0.0,0.0,0.0,0.0,0.0,0.0,0.5333333333333333,37,0,0,2,1,1,35
60500.0,0.9917355371900828,0.0,0.0,0.0,0.0,0.0,0.0,0.0,59,1,0,2,4,4,55
38000.0,1.0,0.0,0.0,0.0,0.0,0.0,0.0,0.0,52,3,0,4,5,3,42
218479.0,0.0,0.0,0.0269133417857093,0.0009154197886295,0.0549251873177742,0.0615162097959071,0.0457709894314785,0.5902581026094041,75,0,0,2,1,1,15
42935.0,0.0205426807965529,0.0,2.3291021311284495e-05,0.0,0.0,0.0,0.0,0.9794340281821358,48,0,0,2,1,1,11
110001.0,0.9999909091735528,0.0,9.0908264470323e-06,0.0,0.0,0.0,0.0,0.0,37,3,0,5,5,2,42
80300.0,0.8841843088418431,0.012453300124533,0.1033623910336239,0.0,0.0,0.0,0.0,0.0,40,1,0,2,4,4,19
28000.0,1.0,0.0,0.0,0.0,0.0,0.0,0.0,0.0,19,0,0,2,5,6,48
72090.0,0.9710084616451656,0.0,0.0102649465945346,0.0,0.0,0.0,0.0,0.0,46,2,0,3,4,6,6
41252.0,0.969649956365752,0.0,0.0,0.030350043634248,0.0,0.0,0.0,0.0,37,0,0,2,5,6,48
36204.0,0.9943652635067948,0.0,0.0056347364932051,0.0,0.0,0.0,0.0,0.0,29,0,0,2,5,6,50
62791.0,0.3185169849182208,0.0,0.0001911101909509,0.0,0.0,0.2799605038938701,0.0,0.0,66,0,0,1,5,5,26
170601.0,0.8206282495413274,0.0,0.0032238966946266,0.0,0.0,0.0,0.0,0.1761478537640459,61,0,0,2,1,1,51
101403.0,0.0,0.0,0.0006212833939824,0.0,0.0,0.0917132629212153,0.0,0.9076654536848022,70,0,0,2,1,1,33
20007.0,0.99965012245714,0.0,0.0003498775428599,0.0,0.0,0.0,0.0,0.0,54,2,0,4,5,2,6
47116.0,0.488156889379404,0.0,0.0024620086594787,0.0,0.0,0.0,0.0,0.0,39,3,1,5,5,6,25
102211.0,0.0,0.0,0.0822807721282445,0.0,0.0,0.2935104832160922,0.0489184138693487,0.5752903307863145,72,0,0,2,1,1,51
110202.0,0.0,0.2268742854031687,0.0108890945717863,0.0308524346200613,0.0,0.0,0.0,0.7313841854049836,45,0,0,2,1,1,16
49090.0,0.9981666327154206,0.0,0.0018333672845793,0.0,0.0,0.0,0.0,0.0,32,1,0,2,4,6,48
49000.0,1.0,0.0,0.0,0.0,0.0,0.0,0.0,0.0,41,2,0,3,4,3,29
13000.0,1.0,0.0,0.0,0.0,0.0,0.0,0.0,0.0,19,0,0,5,5,6,48
40000.0,1.0,0.0,0.0,0.0,0.0,0.0,0.0,0.0,26,0,0,4,5,6,25
6000.0,1.0,0.0,0.0,0.0,0.0,0.0,0.0,0.0,19,0,0,7,5,6,47
12730.0,1.0,0.0,0.0,0.0,0.0,0.0,0.0,0.0,61,0,0,1,5,4,41
60911.0,0.993252450296334,0.0,0.006747549703666,0.0,0.0,0.0,0.0,0.0,54,0,0,1,5,6,19
29021.0,0.0,0.0,0.0275662451328348,0.0,0.0041349367699252,0.8993487474587368,-0.3445436063540195,0.0,71,0,0,1,5,4,39
50000.0,1.0,0.0,0.0,0.0,0.0,0.0,0.0,0.0,20,0,0,1,5,6,34
32260.0,0.0,0.0,0.0588964662120272,0.0065096094234345,0.0,0.8555486670799752,0.0,0.0,80,0,0,2,5,5,34
50000.0,1.0,0.0,0.0,0.0,0.0,0.0,0.0,0.0,32,0,0,1,5,6,17
142675.0,0.0,0.0,0.036271245838444,0.0,0.0,0.0,0.0,0.4030138426493779,54,0,0,2,1,1,46
392031.0,0.0,0.0,0.0003571146159359,0.0,0.0,0.0426981539725174,0.0,0.9569447314115466,75,0,0,2,1,1,35
6502.0,0.9996924023377424,0.0,0.0003075976622577,0.0,0.0,0.0,0.0,0.0,38,0,0,1,5,6,25
3000.0,0.0,1.0,0.0,0.0,0.0,0.0,0.0,0.0,36,0,0,3,5,6,51
65060.0,0.9990777743621272,0.0,0.0009222256378727,0.0,0.0,0.0,0.0,0.0,61,0,0,2,5,4,29
75450.0,0.9940357852882704,0.0,0.0059642147117296,0.0,0.0,0.0,0.0,0.0,26,0,0,2,5,6,12
25001.0,0.999960001599936,0.0,3.999840006399744e-05,0.0,0.0,0.0,0.0,0.0,27,0,0,2,5,6,30
59201.0,0.8445803280349994,0.0,1.6891606560699987e-05,0.0,0.0,0.0,0.0,0.0,38,1,0,2,4,3,45
62576.0,0.97041996931731,0.0,0.0181059831245205,0.0114740475581692,0.0,0.0,0.0,0.0,27,0,0,2,5,6,25
174021.0,0.6137190339097005,0.0,0.3449066491975106,0.0,0.0,0.0,0.0,0.0,54,2,0,3,4,4,16
210291.0,0.5944144067030924,0.0,0.0097483962699307,0.0,0.0,0.2615423389493606,-0.0475483972209937,0.0285318915217484,71,2,0,4,1,1,25
5000.0,1.0,0.0,0.0,0.0,0.0,0.0,0.0,0.0,41,0,0,2,5,6,22
200710.0,0.0423496587115739,0.0,2.4911563947984657e-05,0.0,0.0,0.0,0.0,0.957625429724478,39,2,0,4,1,1,19
300555.0,0.598898704064148,0.0,0.0003360449834472,0.0014972301242701,0.0,0.0,0.0,0.3992680208281346,36,2,1,4,1,1,32
143592.0,0.9879101899827288,0.0,0.0120898100172711,0.0,0.0,0.0,0.0,0.0,38,0,0,1,5,6,51
50000.0,1.0,0.0,0.0,0.0,0.0,0.0,0.0,0.0,61,0,0,1,5,5,37
179010.0,0.6144908105692419,0.0,0.0838500642422211,0.3016591251885369,0.0,0.0,0.0,0.0,31,2,0,4,1,1,38
112005.0,0.5089058524173028,0.0,4.4640864247131826e-05,0.0,0.0,0.0,0.0,0.49104950671845,53,0,0,2,1,1,18
90750.0,0.9366391184573004,0.0,0.0633608815426997,0.0,0.0,0.0,0.0,0.0,28,0,0,2,5,6,25
19999.0,0.7000350017500875,-5.000250012500625e-05,0.0,0.0,0.0,0.0,0.0,0.0,24,0,0,4,5,6,1
395000.0,0.9113924050632912,0.0,0.0,0.0,0.0,0.0,0.0,0.0886075949367088,40,0,0,2,1,1,28
72511.0,0.0,0.0,0.0284232737101956,0.0,0.0,0.0,0.0,0.4254526899366992,68,0,0,2,1,1,15
92350.0,0.8662696264212236,0.0,0.0254466702761234,0.0,0.1082837033026529,0.0,0.0,0.0,62,0,0,1,5,6,48
48200.0,0.8298755186721992,0.0,0.0041493775933609,0.0,0.0,0.0,0.0,0.0,27,0,0,2,5,4,6
52066.0,0.4801597971805016,0.0,0.000614604540391,0.0,0.0,0.0,0.0,0.5192255982791073,36,2,1,4,1,1,50
30000.0,1.0,0.0,0.0,0.0,0.0,0.0,0.0,0.0,48,0,0,1,5,6,12
43030.0,0.9993028119916336,0.0,0.0006971880083662,0.0,0.0,0.0,0.0,0.0,36,2,1,3,4,4,6
52300.0,0.2676864244741874,0.0,0.0382409177820267,0.0,0.005736137667304,0.0,0.0,0.0,77,0,0,3,1,1,16
131786.0,0.810123988891081,0.0,7.588059429681453e-05,0.0,0.0,0.0,0.0,0.1898001305146222,50,1,0,3,1,1,39
8640.0,1.0,0.0,0.0,0.0,0.0,0.0,0.0,0.0,25,0,0,4,5,6,46
29000.0,1.0,0.0,0.0,0.0,0.0,0.0,0.0,0.0,58,0,0,2,5,4,15
90413.0,0.0,0.0,0.0464534967316646,0.011060356364682,0.796345658257109,0.0,0.0,0.1461404886465442,64,0,0,2,1,1,6
90000.0,1.0,0.0,0.0,0.0,0.0,0.0,0.0,0.0,58,0,0,3,5,4,6
63781.0,0.0,0.0,3.135730076355027e-05,0.0,0.0,0.9717470720120412,0.0,0.0,33,2,0,4,4,5,39
105002.0,0.9999809527437572,0.0,1.9047256242738232e-05,0.0,0.0,0.0,0.0,0.0,49,0,0,2,5,4,48
56400.0,0.3191489361702128,0.0,0.0,0.0,0.0,0.0,0.0,0.6808510638297872,47,1,0,3,1,1,37
124053.0,0.5562138763270538,0.0,0.0,0.0,0.0,0.0,0.0,0.4437861236729462,31,4,1,6,1,1,2
72080.0,0.6104328523862376,0.0,0.0,0.0,0.0,0.3895671476137625,0.0,0.0,68,0,0,1,5,4,42
55001.0,0.9999818185123908,0.0,1.8181487609316193e-05,0.0,0.0,0.0,0.0,0.0,54,1,0,2,5,4,8
50001.0,0.999980000399992,0.0,1.999960000799984e-05,0.0,0.0,0.0,0.0,0.0,28,0,0,4,5,6,6
312908.0,0.1278331011031996,0.0,0.2748603423370447,0.0159791376378999,0.0,0.0,0.0,0.5813274189218556,64,1,0,5,1,1,31
20000.0,1.0,0.0,0.0,0.0,0.0,0.0,0.0,0.0,66,1,0,2,5,4,34
152440.0,0.0,0.0,0.0009446339543426,0.0,0.0,0.3607976908947782,0.0,0.0,76,0,0,1,5,5,5
122500.0,0.979591836734694,0.0,0.0163265306122449,0.0040816326530612,0.0,0.0,0.0,0.0,33,1,1,3,1,1,9
9605.0,0.4685059864653826,0.0,0.0005205622071837,0.0,0.0,0.0,0.0,0.0,46,1,0,2,4,4,5
60139.0,0.997688687873094,0.0,0.0006651257919153,0.0016461863349906,0.0,0.0,0.0,0.0,30,0,0,1,5,6,25
92610.0,0.5356872907893316,0.0,0.0,0.0,0.0,0.0,0.0,0.4643127092106684,39,2,0,4,1,1,22
190210.0,0.8937490142474107,0.0,0.0263393091845854,0.0,0.0,0.0,0.0010514694285263,0.0788602071394774,48,2,0,4,1,1,12
50000.0,1.0,0.0,0.0,0.0,0.0,0.0,0.0,0.0,24,1,1,3,4,6,53
19779.0,0.1718994893573992,0.0,0.0,0.0,0.0,0.8281005106426007,0.0,0.0,63,0,0,1,5,4,42
292010.0,0.2671141399267148,0.0,2.397178178829492e-05,1.027362076641211e-05,0.0,0.0,0.0,0.7328516146707305,34,0,0,4,1,1,41
116020.0,0.6895362868470953,0.0,0.3104637131529046,0.0,0.0,0.0,0.0,0.0,28,0,0,3,5,6,1
76453.0,0.0,0.0,0.0027337056753822,0.0,0.0,0.1862974638012896,0.0,0.810968830523328,74,0,0,2,1,1,24
121740.0,0.0,0.0,0.01615738459011,0.0,0.0077542303269262,0.1118777723016264,0.0,0.6177838015442747,79,0,0,2,1,1,1
96000.0,0.7291666666666666,0.0,0.2708333333333333,0.0,0.0,0.0,0.0,0.0,59,0,0,2,1,1,34
40000.0,0.0,0.0,0.0,0.0,0.0,0.0,0.0,1.0,49,0,0,3,1,1,6
89056.0,0.0,0.269493352497305,0.0,0.0,0.0,0.2248922026590011,0.0,0.5056144448436939,78,0,0,2,1,1,6
262579.0,0.2094607718058184,0.0,0.0,0.0,0.0,0.1354982690923493,0.0,0.2742031921821623,68,0,0,2,1,1,33
60152.0,0.997473068227158,0.0,0.0025269317728421,0.0,0.0,0.0,0.0,0.0,36,0,0,1,5,6,47
33601.0,0.8928305705187346,0.0,0.0,0.0,0.0,0.0,2.976101901729115e-05,0.0,47,0,0,1,5,5,8
70001.0,1.0,0.0,0.0,0.0,0.0,0.0,0.0,0.0,68,0,0,2,5,4,15
317984.0,0.1572406158800443,0.3931015397001107,0.2107024252792593,0.0220136862232061,0.0,0.0,0.1415165542920398,0.0754251786253396,54,0,0,2,1,1,18
96021.0,0.0,0.0,0.0822840836900261,0.0001041438851917,0.0,0.2499453244602743,0.0,0.3958509076139594,70,0,0,2,1,1,50
95934.0,0.0,0.0,0.0001459336627264,0.0,0.0,0.2701857527049847,0.0,0.0,80,0,0,1,5,4,20
87176.0,0.0,0.0,0.0160479948609709,0.0,0.0,0.2837019363127466,0.0,0.4601839955951179,66,1,0,3,1,1,50
159820.0,0.6695031910899762,0.0,0.0044424978100362,0.0006257039169065,0.0,0.0,0.0,0.325428607183081,39,3,0,5,1,1,6
232200.0,0.3273040482342808,0.0,0.0094745908699397,0.0,0.0,0.0,0.0,0.6632213608957795,32,0,0,2,1,1,12
227113.0,0.5283713393773144,0.0,2.641856696886572e-05,0.0220154724740547,0.0,0.0,0.0,0.449586769581662,52,2,0,4,1,1,25
132048.0,0.0908760450745183,0.0,0.0016281958075851,0.0,0.0106022052586938,0.1999272991639404,0.0,0.6969662546952623,70,0,0,2,1,1,41
50000.0,1.0,0.0,0.0,0.0,0.0,0.0,0.0,0.0,55,0,0,2,5,4,42
64330.0,0.0,0.0,0.0,0.0,0.0,0.1656303435411161,0.0,0.7597543914192445,72,0,0,2,1,1,28
82021.0,0.999743968008193,0.0,0.0002560319918069,0.0,0.0,0.0,0.0,0.0,55,0,0,1,5,4,39
39358.0,0.0,0.0,0.0,0.0,0.0,0.3551755678642207,0.0,0.2637075054626759,80,0,0,2,1,1,15
40000.0,1.0,0.0,0.0,0.0,0.0,0.0,0.0,0.0,25,0,0,3,5,6,41
38225.0,0.0,0.0,0.0247220405493786,0.0146500981033355,0.0784826684107259,0.48973185088293,0.0,0.0,78,0,0,1,5,5,55
222632.0,0.9522440619497646,0.0,4.491717273347947e-06,0.0,0.0,0.0,0.0112292931833698,0.0365221531495921,47,0,0,2,1,1,37
67832.0,0.9729920981247788,0.0,0.0270079018752211,0.0,0.0,0.0,0.0,0.0,46,0,0,1,5,6,37
10800.0,0.0,0.0,0.0,0.0,0.0,0.0,0.0,0.0,71,0,0,2,5,4,54
16000.0,1.0,0.0,0.0,0.0,0.0,0.0,0.0,0.0,55,1,0,3,4,6,23
120500.0,0.2946058091286307,0.0,0.0,0.0,0.0,0.0,0.0,0.7053941908713693,59,0,0,2,1,1,40
82851.0,0.9655888281372584,0.0,0.0344111718627415,0.0,0.0,0.0,0.0,0.0,31,1,1,3,5,6,42
48600.0,0.0,0.0,0.0,0.0,0.0,0.4567901234567901,0.0,0.0,69,0,0,1,5,4,1
37650.0,0.0,0.0,0.0278884462151394,0.0,0.0796812749003984,0.8924302788844621,0.0,0.0,71,0,0,3,5,5,28
85893.0,0.605404398495803,0.0,0.0006170467907745,0.0064033157533209,0.0,0.0,0.0,0.1170060424015926,65,0,0,2,1,1,40
790500.0,0.9835547122074636,0.0,0.0025300442757748,0.0012650221378874,0.0,0.0,0.0,0.0,34,0,0,1,5,6,17
21600.0,0.9722222222222222,0.0,0.0,0.0,0.0,0.0,0.0,0.0,58,1,0,2,5,4,6
50530.0,0.4551751434791213,0.0494755590738175,0.0005937067088858,0.0,0.0,0.0,0.0,0.0,21,0,0,2,5,6,8
55431.0,0.4870920603994155,0.0,1.8040446681459833e-05,0.0,0.0,0.4979163284082913,0.0,0.0,69,0,0,2,5,4,2
130936.0,0.0,0.0,0.0001603836989063,0.0,0.0,0.1191421763304209,0.0,0.752390480845604,72,0,0,2,1,1,37
101180.0,0.0,0.0,0.1042103182447124,0.0,0.0069183633129076,0.2612769322000395,0.4141134611583317,0.0,79,0,0,1,5,5,40
15601.0,0.9999359015447729,0.0,6.409845522722902e-05,0.0,0.0,0.0,0.0,0.0,51,1,0,2,5,5,53
130563.0,0.0,0.0,0.0004595482640564,0.0076591377342738,0.0,0.0978761211062858,0.0,0.0,85,0,0,1,5,6,4
260262.0,0.4034396108536782,0.0,0.0044570471294311,0.0,0.0,0.0,0.0,0.5921033420168906,33,0,0,7,1,1,13
77792.0,0.8355614973262032,0.0,0.0014268819415878,1.2854792266556971e-05,0.0128547922665569,0.0,0.0,0.0,63,0,0,1,5,4,50
38250.0,0.7843137254901961,0.0,0.0,0.0,0.0,0.0,0.0,0.0,29,5,2,9,4,6,6
168701.0,0.8595088351580608,0.0,0.1333779882751139,0.0,0.0,0.0,0.0,0.0071131765668253,49,2,0,4,1,1,48
51901.0,0.0,0.0,1.9267451494190864e-05,0.0,0.0,0.4577946475019749,0.0,0.5421860850465309,77,0,0,2,1,1,35
40379.0,0.0,0.0,0.0002476534832462,0.0064389905644022,0.0,0.6267366700512643,0.0,0.3665766859010872,80,0,0,2,1,1,42
77590.0,0.2577651759247326,0.0,0.0407784508312926,0.1288825879623663,0.0,0.0,0.0,0.5725737852816084,62,0,0,2,1,1,27
60001.0,0.9999833336111064,0.0,1.666638889351844e-05,0.0,0.0,0.0,0.0,0.0,39,2,1,4,5,6,53
62000.0,1.0,0.0,0.0,0.0,0.0,0.0,0.0,0.0,45,0,0,2,5,6,44
103229.0,0.3242596557169012,0.0,0.0193744006044813,0.0,0.164682405138091,0.0,0.0,0.464656249697275,60,1,0,3,1,1,2
113252.0,0.4238335746830078,0.0,0.0198760286794052,0.0,0.0,0.0,0.0,8.82986613922933e-06,60,0,0,2,1,1,6
69689.0,0.9754480621044928,0.0,0.0245519378955071,0.0,0.0,0.0,0.0,0.0,53,0,0,1,5,6,31
79594.0,0.0,0.0,0.0697414377968188,0.1005100887001532,0.0,0.5065708470487725,0.0,0.3231776264542553,72,0,0,2,1,1,21
31000.0,1.0,0.0,0.0,0.0,0.0,0.0,0.0,0.0,30,0,0,7,5,6,4
14117.0,0.8500389601190055,0.0,0.0,0.0,0.0,0.0,0.0,0.0,63,0,0,1,5,4,26
45010.0,0.9997778271495223,0.0,0.0002221728504776,0.0,0.0,0.0,0.0,0.0,29,0,0,2,5,6,2
166025.0,0.7830146062340009,0.0,0.0301761782864026,3.0115946393615414e-05,0.0,0.0,0.0,0.1867790995332028,49,0,0,2,1,1,27
251001.0,0.9960119680798084,0.0,0.0039880319201915,0.0,0.0,0.0,0.0,0.0,39,0,0,1,5,6,56
467000.0,0.7494646680942184,0.0,0.0117773019271948,0.0,0.0,0.0,0.0,0.2387580299785867,46,3,0,5,1,1,15
30000.0,1.0,0.0,0.0,0.0,0.0,0.0,0.0,0.0,28,0,0,4,5,6,6
60000.0,1.0,0.0,0.0,0.0,0.0,0.0,0.0,0.0,51,1,0,2,5,3,25
64919.0,0.9858438977803108,0.0,0.0141561022196891,0.0,0.0,0.0,0.0,0.0,26,0,0,2,5,6,32
73430.0,0.0,0.0,0.0882473103636116,0.2723682418629988,0.0,0.0,0.0,0.6393844477733897,60,0,0,2,1,1,41
30000.0,1.0,0.0,0.0,0.0,0.0,0.0,0.0,0.0,27,0,0,4,5,6,19
52802.0,0.0,0.0,0.6591038218249309,0.3408961781750691,0.0,0.0,0.0,0.0,59,0,0,2,5,4,53
30000.0,1.0,0.0,0.0,0.0,0.0,0.0,0.0,0.0,24,0,0,5,5,6,39
92811.0,0.1131331415457219,0.0,0.0001185204340002,0.0,0.0,0.0,0.0,0.7596082360927046,49,8,0,10,1,1,26
50000.0,1.0,0.0,0.0,0.0,0.0,0.0,0.0,0.0,27,0,0,3,5,2,6
219022.0,0.351562856699327,0.0,5.0223265242761e-05,0.0,0.0,0.0,0.0,0.420099350750153,37,1,1,3,1,1,34
26000.0,1.0,0.0,0.0,0.0,0.0,0.0,0.0,0.0,32,0,0,3,5,6,48
75000.0,0.0,0.0,0.0,0.0,0.0,0.0,0.0,1.0,51,0,0,2,1,1,18
98714.0,0.3570820754908118,0.0,0.0101302753408837,0.0,0.0,0.0,0.0,0.6327876491683044,36,0,0,2,1,1,31
100002.0,0.5999880002399952,0.0,0.0,0.0,0.0,0.0,0.0,0.4000119997600048,42,2,0,4,1,1,40
40000.0,1.0,0.0,0.0,0.0,0.0,0.0,0.0,0.0,22,0,0,3,5,6,17
268000.0,0.5522388059701493,0.0,0.0,0.0,0.0,0.0,0.0,0.4477611940298507,34,3,3,5,1,1,27
81872.0,0.0,0.0,6.107094000390854e-05,0.0,0.0,0.0,0.0806136408051592,0.8700776822356849,32,2,1,4,1,1,17
237533.0,0.0,0.0,0.4623820690177785,0.0,0.252596481331015,0.1096268728976605,0.0,0.068445226557994,75,0,0,2,1,1,13
263105.0,0.617624142452633,0.0,0.0,0.0019003819767773,0.0,0.0,0.0,0.3804754755705897,46,2,0,4,1,1,33
193137.0,0.9578692844975328,0.0,0.042125537830659,5.177671808094772e-06,0.0,0.0,0.0,0.0,34,0,0,1,5,6,11
267032.0,0.2808652146559214,0.0,0.063670271727733,1.8724347643728097e-05,0.0,0.0,0.0,0.6554457892687019,39,1,1,3,1,1,4
96071.0,0.780672627535885,0.0,0.0106379656712223,0.0,0.0,0.0,0.0,0.1562282062224813,39,4,0,6,1,1,56
37796.0,0.1507037781775849,0.0,0.0401365223833209,0.079373478674992,0.0,0.0,0.0,0.0,50,1,0,3,4,5,21
97102.0,0.1235813886428703,0.0,0.0015550658070894,0.0,0.0,0.3311981215628926,0.0,0.5436654239871476,69,1,0,3,1,1,6
50200.0,0.0,0.0,0.0,0.0,0.0,0.0,0.0,1.0,37,3,0,7,1,1,48
97002.0,0.3711263685284839,0.0,1.0309065792457888e-05,0.0,0.0,0.0,0.0,0.3814457433867343,67,0,0,2,1,1,54
217309.0,0.644243910744608,4.601742219604342e-06,0.0008283135995287,0.0092034844392086,0.0,0.0,0.0,0.3457150877322154,43,3,0,5,1,1,49
85500.0,0.9941520467836256,0.0,0.0058479532163742,0.0,0.0,0.0,0.0,0.0,27,0,0,2,5,6,6
40000.0,1.0,0.0,0.0,0.0,0.0,0.0,0.0,0.0,24,0,0,5,5,6,32
469004.0,0.0,0.2132177977160109,0.3390162983684574,0.0,0.0,0.0,0.0,0.4477659039155316,78,0,0,2,1,1,29
4000.0,1.0,0.0,0.0,0.0,0.0,0.0,0.0,0.0,24,0,0,2,5,6,6
37970.0,0.0,0.0,7.900974453515933e-05,0.1371872530945483,0.0,0.4945746642085857,0.0,0.3681590729523308,71,0,0,2,1,1,6
147515.0,0.5762125885503169,0.0,3.389485815001864e-05,0.0,0.0,0.0,0.0,0.423753516591533,46,5,0,7,1,1,48
135000.0,1.0,0.0,0.0,0.0,0.0,0.0,0.0,0.0,42,2,0,3,4,6,36
48051.0,0.9989386277080602,0.0,0.0010613722919398,0.0,0.0,0.0,0.0,0.0,25,0,0,3,5,6,6
42000.0,0.0,0.0,0.0,0.0,0.0,0.0,0.0,0.0,67,0,0,1,5,6,48
110740.0,0.6321112515802781,0.0,0.021130576124255,0.0,0.1300343146108,0.2058876648004334,0.0,0.0,80,2,0,3,4,5,24
60000.0,1.0,0.0,0.0,0.0,0.0,0.0,0.0,0.0,34,0,0,3,5,6,25
38164.0,0.0,0.0,0.0,0.0,0.0,0.3773189393145372,0.0,0.6226810606854627,80,0,0,2,1,1,22
333000.0,0.4504504504504504,0.0,0.3003003003003003,0.0,0.0,0.0,0.0,0.2492492492492492,64,0,0,2,1,1,47
37080.0,0.0,0.0,0.0161812297734627,0.0,0.0,0.4983818770226537,0.0,0.0,78,0,0,1,5,4,48
41001.0,0.999975610350967,0.0,2.4389649032950417e-05,0.0,0.0,0.0,0.0,0.0,59,0,0,1,5,4,11
151616.0,0.0,0.0,0.0001385078092021,6.595609962009286e-06,0.0,0.0,0.0,0.9036117560151964,41,3,0,5,1,1,49
203035.0,0.2585465560125101,0.0,0.0291132070825227,0.0,0.0,0.0,0.0,0.7123402369049672,47,1,0,3,1,1,21
50000.0,1.0,0.0,0.0,0.0,0.0,0.0,0.0,0.0,57,1,0,5,1,1,42
114558.0,0.0,0.0,0.013879432252658,0.0,0.4190017283821295,0.200492327030849,0.0,0.0,79,0,0,1,5,2,6
42109.0,0.0,0.0,0.0035859317485573,0.0,0.0854924125483863,0.3929801230140825,0.0,0.2614642950438148,70,0,0,2,1,1,41
39000.0,1.0,0.0,0.0,0.0,0.0,0.0,0.0,0.0,26,0,0,1,5,6,23
36544.0,0.5472854640980735,0.0,0.0047887478108581,0.0,0.0,0.0,0.0,0.4479257880910683,61,0,0,2,1,1,54
282580.0,0.4795102271922995,0.0,0.0038927029513766,3.5388208648878195e-06,0.0,0.0388527142756033,0.0,0.4777408167598556,51,2,0,4,1,1,25
78501.0,0.8662310034267079,0.0,0.1082916141195653,0.0254773824537267,0.0,0.0,0.0,0.0,31,0,0,1,5,2,50
125000.0,0.36,0.0,0.0,0.432,0.0,0.208,0.0,0.0,72,0,0,1,5,5,36
66957.0,0.9707722866914588,0.0,0.0292277133085413,0.0,0.0,0.0,0.0,0.0,53,0,0,2,5,6,4
165110.0,0.2725455756768215,0.0,0.0,0.0,0.0,0.0,0.0,0.7274544243231785,66,1,0,3,1,1,16
43532.0,0.3284939814389415,2.297160709363227e-05,0.0011485803546816,0.0,0.0,0.6243682808049251,0.0,0.0,70,0,0,1,5,4,40
70124.0,0.0,0.3565113227996121,0.0007558040043351,0.0007130226455992,0.0,0.0,0.0,0.6420198505504535,33,2,0,4,1,1,50
26000.0,1.0,0.0,0.0,0.0,0.0,0.0,0.0,0.0,48,0,0,1,5,4,20
140000.0,0.0,0.0,0.0,0.0,0.0,0.0,0.0,1.0,61,1,0,3,1,1,51
226325.0,0.4948635811333259,0.0,0.0057439522810118,0.0,0.0,0.0,0.0,0.4993924665856622,39,2,1,4,1,1,31
27851.0,0.2154321209292305,0.0,3.590535348820509e-05,0.1795267674410254,0.0,0.0,0.0,0.6050052062762558,59,0,0,2,1,1,17
30000.0,1.0,0.0,0.0,0.0,0.0,0.0,0.0,0.0,55,0,0,1,5,6,6
40000.0,1.0,0.0,0.0,0.0,0.0,0.0,0.0,0.0,50,0,0,6,5,6,22
24000.0,1.0,0.0,0.0,0.0,0.0,0.0,0.0,0.0,23,0,0,4,5,6,34
140000.0,0.7857142857142857,0.0,0.0,0.0,0.0,0.0,0.0,0.2142857142857142,58,0,0,2,1,1,20
32002.0,0.0624960939941253,0.0,3.1248046997062684e-05,0.0,0.0,0.0,0.0,0.9374726579588776,37,3,0,5,1,1,53
140020.0,0.428510212826739,0.0,0.0,0.0,0.0,0.0,0.0,0.5714897871732609,23,0,0,2,1,1,5
12500.0,1.0,0.0,0.0,0.0,0.0,0.0,0.0,0.0,30,0,0,1,5,6,6
70000.0,0.0,0.0,0.0,0.0,0.0,0.0,0.0,0.5,38,5,1,7,1,1,21
279672.0,0.7258502817586315,0.071512343030407,0.0004827083154552,0.0,0.0,0.0,0.0943962928001373,0.1077583740953688,56,2,0,4,1,1,25
2600.0,1.0,0.0,0.0,0.0,0.0,0.0,0.0,0.0,41,4,1,5,4,3,12
63000.0,0.0,0.0,0.0,0.0,0.0,0.0,0.0,1.0,43,2,0,4,1,1,41
60206.0,0.0,0.0,3.321928047038501e-05,0.0,0.0,0.5016111351028136,-0.1660797927116898,0.6644354383284058,50,2,1,4,1,1,16
168533.0,0.1483389009867503,0.0,0.0001186711207894,0.0,0.0,0.0,0.0,0.8515424278924603,61,0,0,2,1,1,48
101611.0,0.934938146460521,0.0,0.0148605958016356,0.0,0.0,0.0,0.0,0.0502012577378433,39,4,1,6,1,1,2
25500.0,1.0,0.0,0.0,0.0,0.0,0.0,0.0,0.0,29,0,0,1,5,6,8
101002.0,0.9900794043682304,0.0,0.0099205956317696,0.0,0.0,0.0,0.0,0.0,33,0,0,1,5,6,18
56136.0,0.0,0.0,0.0,0.0,0.0,0.4191962377084224,0.0,0.4920906370243694,80,0,0,2,1,1,21
507726.0,0.9847831310588782,0.0,0.0065015382312507,4.923915655294391e-05,0.0,0.0,0.0,0.0086660915533181,43,2,0,4,1,1,6
68538.0,0.7295223087922028,0.0,0.0146342175143715,0.0,0.0,0.0,0.0,0.2558434736934255,54,2,0,4,1,1,53
36100.0,0.997229916897507,0.0,0.002770083102493,0.0,0.0,0.0,0.0,0.0,24,1,0,5,5,6,40
50585.0,0.9390135415637046,0.0,0.0333102698428387,0.0276761885934565,0.0,0.0,0.0,0.0,56,0,0,1,5,6,55
116386.0,0.0,0.0,0.000292131356005,0.0,0.128881480590449,0.2990050349698417,0.0,0.0,80,1,0,2,5,5,15
121023.0,0.5784024524263983,0.0,0.0001569949513728,0.0,0.0,0.0,0.0,0.371863199557109,48,1,0,3,1,1,51
159201.0,0.5653230821414439,0.3140683789674688,0.1080395223648092,0.0,0.0,0.0,6.281367579349376e-06,0.0125627351586987,47,0,0,2,1,1,19
10800.0,0.925925925925926,0.0,0.0,0.0,0.0,0.0,0.0,0.0,20,0,0,1,5,6,30
132924.0,0.9962309289518824,0.0,0.0037690710481177,0.0,0.0,0.0,0.0,0.0,47,1,0,2,4,6,10
122700.0,0.0,0.0,0.0,0.0,0.0,0.0,0.0,1.0,35,2,1,4,1,1,27
314501.0,0.8680417550341653,0.0,0.0206676608341467,0.0063592802566605,0.0,0.0,0.0,0.1049313038750274,37,2,0,4,1,1,49
80320.0,0.99601593625498,0.0,0.0039840637450199,0.0,0.0,0.0,0.0,0.0,36,2,0,4,5,6,4
13400.0,0.0,0.0,0.0,0.0,0.0,0.0,0.0,0.0,55,0,0,1,5,4,26
41000.0,1.0,0.0,0.0,0.0,0.0,0.0,0.0,0.0,35,2,0,4,5,6,12
153901.0,0.9876479035223944,0.0,0.0091032546897031,0.0032488417879026,0.0,0.0,0.0,0.0,54,0,0,1,5,6,48
34509.0,0.0,0.0,0.0037671332116259,0.0,0.3129618360427714,0.6832710307456026,0.0,0.0,68,0,0,1,5,4,16
658000.0,0.4939209726443769,0.0,0.1565349544072948,0.0060790273556231,0.0,0.0,0.0015197568389057,0.3419452887537993,41,2,0,4,1,1,9
30000.0,1.0,0.0,0.0,0.0,0.0,0.0,0.0,0.0,51,0,0,3,5,6,24
20000.0,1.0,0.0,0.0,0.0,0.0,0.0,0.0,0.0,21,0,0,10,5,6,10
19010.0,0.9994739610731194,0.0,0.0005260389268805,0.0,0.0,0.0,0.0,0.0,24,0,0,2,5,6,22
45001.0,0.0,0.999977778271594,2.2221728406035426e-05,0.0,0.0,0.0,0.0,0.0,31,0,0,1,5,6,48
46000.0,0.4565217391304347,0.0,0.0,0.0,0.0,0.0,0.0,0.5434782608695652,74,0,0,3,1,1,12
32256.0,0.0372023809523809,0.0,0.0,0.0,0.0,0.7886904761904762,0.0,0.0,78,0,0,1,5,5,5
76031.0,0.6576264944562087,0.0,0.0006576264944562,0.0,0.0,0.0,0.0,0.3417158790493351,69,0,0,2,1,1,48
25000.0,1.0,0.0,0.0,0.0,0.0,0.0,0.0,0.0,35,0,0,2,5,6,39
69266.0,0.6496693904657408,0.0,7.218548782952675e-05,0.0,0.0,0.0,0.0,0.3502584240464297,51,1,0,3,1,1,6
77292.0,0.7504010764374062,0.1940692439062257,0.0072711276716865,0.0029757284065621,0.0,0.0,0.0,0.0,39,1,0,2,4,4,48
160653.0,0.1929624719115111,0.0,0.0009399139760851,0.0,0.0,0.0,0.0,0.8060976141124038,57,2,0,4,1,1,36
108922.0,0.0,0.0,0.9272690549200344,0.025256605644406,0.0,0.0,0.0,0.0474743394355593,80,0,0,2,1,1,16
43000.0,1.0,0.0,0.0,0.0,0.0,0.0,0.0,0.0,53,0,0,5,5,4,12
22679.0,0.0,0.0,0.0,0.0,0.0,0.7751223598924115,0.2204682746152828,0.0,49,0,0,1,5,6,23
46082.0,0.0,0.0,4.34008940584176e-05,0.0,0.0,0.4635215485439,0.0,0.0,67,0,0,1,5,5,36
130351.0,0.7364730611963084,0.0,0.0072880146680884,0.0,0.0,0.0,0.0,0.2562389241356031,56,1,0,3,1,1,32
86507.0,0.0,0.0,0.4624134463107032,0.0001155975816985,0.0,0.2549157871617326,0.0,0.2825551689458656,72,0,0,2,1,1,41
46000.0,1.0,0.0,0.0,0.0,0.0,0.0,0.0,0.0,46,0,0,2,5,6,18
136001.0,0.3308799200005882,0.0,0.0,0.0,0.0,0.0,0.0,0.6691200799994118,43,2,0,4,1,1,53
293003.0,0.0648457524325689,0.0,1.0238803015668782e-05,0.0006825868677112,0.0,0.0,0.0,0.934461421896704,37,2,0,4,1,1,6
60000.0,1.0,0.0,0.0,0.0,0.0,0.0,0.0,0.0,35,2,0,4,1,1,35
95149.0,0.0,0.0,0.000788237396084,0.0,0.0,0.0,0.0,0.999211762603916,56,0,0,2,1,1,48
52000.0,1.0,0.0,0.0,0.0,0.0,0.0,0.0,0.0,63,0,0,2,1,1,6
63479.0,0.9971801698199404,0.0,0.0028198301800595,0.0,0.0,0.0,0.0,0.0,30,2,2,4,5,6,38
485505.0,0.9268699601445916,0.0,0.0731300398554082,0.0,0.0,0.0,0.0,0.0,42,0,0,2,5,6,34
150597.0,0.5312190813894035,0.0,0.0038446981015558,0.0,0.0,0.0,0.0830029814670943,0.3819332390419463,36,0,0,2,1,1,47
120050.0,0.9995835068721366,0.0,0.0004164931278633,0.0,0.0,0.0,0.0,0.0,34,0,0,2,1,1,6
122000.0,0.180327868852459,0.0,0.0,0.0,0.0,0.0,0.0,0.819672131147541,43,2,0,5,1,1,28
123500.0,0.9919028340080972,0.0,0.0080971659919028,0.0,0.0,0.0,0.0,0.0,29,0,0,8,5,6,11
68406.0,0.0,0.0,0.2280940268397508,0.0,0.0,0.0,0.0,4.385580212262082e-05,68,0,0,2,1,1,13
48470.0,0.0,0.0,0.0082525273364968,0.0004126263668248,0.0,0.0,0.061893955023726,0.9294408912729524,41,2,0,4,1,1,31
42000.0,1.0,0.0,0.0,0.0,0.0,0.0,0.0,0.0,29,0,0,2,5,6,39
163479.0,0.0,0.0,0.5535879226077968,0.0122339872399513,0.0,0.2323173006930553,0.0,0.0,69,0,0,1,5,4,50
138002.0,0.6376719177982928,0.0,1.4492543586324836e-05,0.0,0.0,0.0,0.0,0.3623135896581209,29,0,0,2,1,1,40
64510.0,0.8525809951945434,0.0,7.750736319950395e-05,0.0,0.0,0.0,0.0,0.147341497442257,36,0,0,2,1,1,28
4000.0,1.0,0.0,0.0,0.0,0.0,0.0,0.0,0.0,18,0,0,2,5,6,40
630303.0,0.9519231226886116,0.0,0.0475977426729683,0.0001570673152436,0.0,0.0,0.0,0.0003220673231763,38,3,0,5,1,1,48
138912.0,0.017968210089841,0.0,0.0088113337940566,0.0,0.043192812715964,0.2129333678875835,0.0,0.4320217115871919,71,1,0,3,1,1,53
125000.0,1.0,0.0,0.0,0.0,0.0,0.0,0.0,0.0,34,2,0,5,4,6,39
420051.0,0.2856795960490512,0.0,0.0477322991731956,0.0119033165020438,0.0,0.0,0.0,0.6546847882757094,56,3,0,7,1,1,6
48000.0,1.0,0.0,0.0,0.0,0.0,0.0,0.0,0.0,33,3,0,5,5,6,36
306744.0,0.2445035599718331,0.0,0.0,0.0,0.0,0.0,0.0,0.7554964400281668,51,0,0,5,1,1,12
283370.0,0.0,0.0,0.3547587959205279,1.764477538200939e-05,0.0,0.0317605956876169,0.0,0.5382679888485019,58,0,0,2,1,1,55
80000.0,1.0,0.0,0.0,0.0,0.0,0.0,0.0,0.0,49,0,0,2,1,1,54
36000.0,1.0,0.0,0.0,0.0,0.0,0.0,0.0,0.0,26,0,0,6,5,6,48
95011.0,0.9998842239319656,0.0,0.0001052509709402,1.0525097094020691e-05,0.0,0.0,0.0,0.0,31,0,0,2,4,3,27
228415.0,0.0,0.0,4.815795810257645e-05,0.0,0.0,0.0852658538187071,0.8755992382286627,0.0,71,0,0,1,5,4,36
52020.0,0.9998077662437524,0.0,0.0001922337562475,0.0,0.0,0.0,0.0,0.0,26,0,0,2,5,6,30
60740.0,0.9878169245966414,0.0,0.0121830754033585,0.0,0.0,0.0,0.0,0.0,34,0,0,2,5,6,12
140498.0,0.5295591396318808,0.0,3.5587695198508166e-05,0.0,0.0,0.0,0.0,0.3928240971401728,34,2,2,4,1,1,34
42002.0,0.9999523832198468,0.0,4.7616780153326035e-05,0.0,0.0,0.0,0.0,0.0,54,1,0,3,5,4,54
24333.0,0.0,0.0,0.0007397361607693,0.0154111700160276,0.0986314881025767,0.8852176057206264,0.0,0.0,75,0,0,1,5,4,26
29429.0,0.6796017533725237,0.0,0.0084950219171565,0.0,0.0,0.3119032247103197,0.0,0.0,75,2,0,4,1,1,35
31620.0,0.4743833017077798,0.0,0.0,0.0,0.0,0.0,0.0,0.5256166982922201,61,1,0,3,1,1,12
120050.0,0.9995835068721366,0.0,0.0004164931278633,0.0,0.0,0.0,0.0,0.0,37,2,0,4,5,6,6
48723.0,0.3842127947786466,0.0,0.0,0.0,0.0,0.0,0.0,0.6157872052213533,46,2,0,4,1,1,6
151209.0,0.4497152947245204,0.0,0.0079757157312064,0.0,0.0,0.0,0.0,0.5423089895442732,28,2,2,4,1,1,18
89820.0,0.9908706301491872,0.0,0.0091293698508127,0.0,0.0,0.0,0.0,0.0,34,0,0,2,5,6,17
60075.0,0.9987515605493134,0.0,0.0012484394506866,0.0,0.0,0.0,0.0,0.0,26,0,0,5,5,6,30
187325.0,0.5872147337515013,0.0,0.112104630988923,0.0,0.0,0.0,0.0,0.3006806352595756,35,2,2,4,1,1,10
60000.0,0.0,0.0,0.0,0.0,0.0,0.0,0.0,1.0,44,3,0,5,1,1,46
785765.0,0.0,0.0,0.0190960401646802,0.0044542579524412,0.0,0.018020655030448,0.1272645129268929,0.8311645339255376,77,0,0,2,1,1,15
37000.0,1.0,0.0,0.0,0.0,0.0,0.0,0.0,0.0,36,2,2,3,4,4,13
88203.0,0.9976984909810324,0.0,0.0022901715361155,1.1337482852057186e-05,0.0,0.0,0.0,0.0,59,0,0,2,1,1,56
113001.0,0.7433562534844824,0.0,0.1946973920584773,0.044247396040743,0.0,0.0,0.0176989584162972,0.0,53,0,0,1,5,4,56
93550.0,0.4810261892036344,0.0,0.0058792089791555,0.0,0.0,0.0,0.0,0.51309460181721,46,0,0,2,1,1,56
50000.0,1.0,0.0,0.0,0.0,0.0,0.0,0.0,0.0,28,0,0,5,5,6,36
75501.0,0.9536297532483012,0.0,1.3244857684004184e-05,0.0,0.0,0.0,0.0,0.0,59,0,0,1,5,4,30
35641.0,0.0,0.0,0.0534777363149182,0.0108021660447237,0.0771583288908841,0.5330939087006538,0.0,0.0,73,0,0,1,5,5,48
46000.0,1.0,0.0,0.0,0.0,0.0,0.0,0.0,0.0,31,0,0,3,5,6,36
239269.0,0.3761456770413217,0.0,8.776732464297506e-05,0.0,0.3575055690457184,0.1755346492859501,0.0,0.0907263373023667,80,1,0,4,1,1,30
112812.0,0.0,0.0,0.0444101691309435,8.864305215757189e-05,0.3829379853207105,0.2548842321738822,0.0,0.3176789703223061,66,0,0,2,1,1,54
54180.0,0.0,0.0,0.1661314138058324,0.0,0.0,0.4429678848283499,0.0,0.3909007013658176,80,0,0,2,1,1,55
152625.0,0.0,0.0,0.0,0.0,0.0,0.0,0.0,1.0,55,4,3,6,1,1,53
4800.0,0.0,0.0,0.0,0.0,0.0,0.0,0.0,0.0,80,2,0,4,5,4,28
2032.0,0.984251968503937,0.0,0.0157480314960629,0.0,0.0,0.0,0.0,0.0,24,0,0,3,5,6,6
35253.0,0.0,0.0,0.9999716336198338,0.0,0.0,2.836638016622699e-05,0.0,0.0,60,1,0,2,4,5,22
24400.0,0.4097950819672131,0.0,4.098360655737705e-05,0.0,0.0,0.5901639344262295,0.0,0.0,71,0,0,1,5,6,53
36000.0,1.0,0.0,0.0,0.0,0.0,0.0,0.0,0.0,26,0,0,1,5,6,16
204379.0,0.4403583538426159,0.0,0.0312116215462449,0.0,0.0,0.0,0.0,0.5284300246111391,45,2,0,4,1,1,42
95000.0,1.0,0.0,0.0,0.0,0.0,0.0,0.0,0.0,48,0,0,1,5,6,11
222372.0,0.1169211951144928,0.0,0.0322072922849999,0.0,0.0,0.167287248394582,0.0,0.4677297501483999,72,2,0,4,1,1,6
60040.0,0.9993337774816788,0.0,0.0006662225183211,0.0,0.0,0.0,0.0,0.0,47,0,0,2,5,5,12
53300.0,0.6566604127579737,0.0,0.0,0.0,0.0,0.3433395872420263,0.0,0.0,66,0,0,1,5,6,6
15036.0,0.8645916467145517,6.650704974727321e-05,0.1346767757382282,0.0,0.0,0.0,0.0,0.0006650704974727,45,1,0,3,1,1,54
80450.0,0.6090739589807334,0.0,0.0627719080174021,0.0,0.0,0.3281541330018645,0.0,0.0,74,0,0,1,5,5,47
45033.0,0.9992672040503632,0.0,0.0007327959496369,0.0,0.0,0.0,0.0,0.0,23,0,0,1,5,6,46
61947.0,0.0,0.968569906533004,0.0298158102894409,0.001614283177555,0.0,0.0,0.0,0.0,44,0,0,1,5,4,56
3499.0,0.0,1.0,0.0,0.0,0.0,0.0,0.0,0.0,37,2,0,4,4,6,19
25600.0,0.859375,0.0,0.0,0.0,0.0,0.0,0.0,0.0,24,0,0,1,5,6,28
25051.0,0.9979641531276195,0.0,0.0020358468723803,0.0,0.0,0.0,0.0,0.0,28,1,0,3,4,3,22
83001.0,0.999987951952386,0.0,1.204804761388417e-05,0.0,0.0,0.0,0.0,0.0,38,0,0,1,5,3,12
47051.0,0.9989160697966036,0.0,0.0010839302033963,0.0,0.0,0.0,0.0,0.0,22,0,0,1,5,6,16
110397.0,0.6340752013188764,0.0,0.0035055300415772,0.0,0.0,0.0,0.0,0.3624192686395464,49,2,0,4,1,1,46
155560.0,0.0,0.0,0.0,0.0,0.0,0.0,0.0,1.0,43,2,0,4,1,1,56
100847.0,0.0,0.0,0.0,0.0,0.0,0.150515136791377,0.0,0.4889386893016153,74,0,0,2,1,1,48
30000.0,1.0,0.0,0.0,0.0,0.0,0.0,0.0,0.0,34,0,0,1,5,3,30
24000.0,1.0,0.0,0.0,0.0,0.0,0.0,0.0,0.0,34,4,1,5,4,6,4
93001.0,0.999989247427447,0.0,1.07525725529833e-05,0.0,0.0,0.0,0.0,0.0,35,2,0,4,4,6,50
79389.0,0.7935608207686203,0.0,0.0001259620350426,0.0,0.0,0.206313217196337,0.0,0.0,65,0,0,1,4,4,48
87769.0,0.0,0.0,0.0177739292916633,0.0740580387152639,0.0,0.4785288655447823,0.0455741776709316,0.2637491597260992,68,0,0,2,1,1,26
28000.0,1.0,0.0,0.0,0.0,0.0,0.0,0.0,0.0,31,0,0,2,4,3,39
136350.0,0.0,0.9167583425009168,0.0025669233590025,0.0,0.0,0.0,0.0806747341400806,0.0,44,1,0,2,4,6,42
105314.0,0.432990865412006,0.0,0.0001424312057276,0.0,0.0,0.0,0.0,0.5668667033822664,51,1,0,4,1,1,53
54065.0,0.99879774345695,0.0,0.00120225654305,0.0,0.0,0.0,0.0,0.0,29,0,0,5,5,6,48
183376.0,0.0,0.2181310531367245,0.0,0.0,0.0,0.0,0.0,0.7818689468632755,52,0,0,2,1,1,27
50000.0,1.0,0.0,0.0,0.0,0.0,0.0,0.0,0.0,39,5,0,8,4,4,13
40979.0,0.6588740574440567,0.0,0.0,0.0,0.0,0.3411259425559433,0.0,0.0,65,0,0,1,5,6,28
43500.0,0.9195402298850576,0.0,0.0,0.0,0.0,0.0,0.0,0.0,31,1,0,2,4,6,5
106000.0,0.8018867924528302,0.0,0.1981132075471698,0.0,0.0,0.0,0.0,0.0,37,0,0,2,5,6,47
12268.0,0.32605151613955,0.0,0.0,0.0,0.0,0.6739484838604499,0.0,0.0,73,1,0,3,4,5,16
84000.0,1.0,0.0,0.0,0.0,0.0,0.0,0.0,0.0,44,1,0,3,5,6,54
69110.0,0.2025756041093908,0.0,0.0073795398639849,0.0,0.0,0.3993633338156562,0.0,0.3038634061640862,77,1,0,4,1,1,25
250413.0,0.0,0.0,0.0399819498188991,0.1597361159364729,0.0,0.0,0.0,0.4887965081685056,64,0,0,2,1,1,27
138204.0,0.7235680588116118,0.0,0.0181036728314665,0.0,0.0,0.0,0.0,0.2583282683569216,52,1,0,3,1,1,15
29090.0,0.9969061533172912,0.0,0.003437607425232,0.0,0.0,0.0,0.0,0.0,34,0,0,2,5,6,27
101816.0,0.5303685078965977,0.0,1.9643278070244363e-05,0.0,0.0,0.0,0.0,0.4696118488253319,29,1,1,8,1,1,26
70300.0,0.9957325746799432,0.0,0.0042674253200568,0.0,0.0,0.0,0.0,0.0,38,1,1,3,4,4,39
113350.0,0.6528451698279665,0.0,0.0006969563299514,0.0,0.0,0.0,0.0,0.346457873842082,39,2,0,4,1,1,38
120525.0,0.522713130056005,0.0,0.002655050819332,0.0,0.0,0.0,0.0,0.4746318191246629,56,0,0,2,1,1,40
119368.0,0.2094363648549025,0.0,0.0,0.0,0.0,0.3194826084042624,0.0,0.4710810267408351,80,0,0,2,1,1,25
46387.0,1.0,0.0,0.0,0.0,0.0,0.0,0.0,0.0,44,0,0,1,5,6,29
81351.0,0.9907683986675024,0.0,0.0092316013324974,0.0,0.0,0.0,0.0,0.0,49,1,0,2,5,4,6
166220.0,0.9806280832631452,0.0,0.0182288533269161,0.0011430634099386,0.0,0.0,0.0,0.0,41,1,1,2,4,6,51
29532.0,0.9752133279154817,0.0,0.0,0.0,0.0,0.0,0.0,0.0,32,3,2,4,4,6,54
214510.0,0.4661787329262039,0.0,0.2016456109272295,0.009323574658524,0.0,0.0,0.0,0.3228520814880425,54,0,0,2,1,1,30
103136.0,0.2617902575240459,0.0,0.0013089512876202,0.0,0.0,0.0,0.0,0.7369007911883338,31,2,2,4,1,1,26
148420.0,0.7411400080851637,0.0,0.0547096078695593,0.0020212909311413,0.0,0.0,0.2021290931141355,0.0,51,0,0,1,5,6,47
68562.0,0.0,0.0,0.0029462384411189,0.0,0.0,0.3552988535923689,0.0,0.0,72,0,0,1,5,6,48
45276.0,0.0,0.0,0.0166313278558176,0.0662602703419029,0.1546072974644403,0.0733942927820478,0.0,0.0,80,0,0,1,5,6,51
222594.0,0.4492484074143957,0.0,0.0060289136275011,0.0,0.0,0.0,0.0898496814828791,0.454872997475224,55,0,0,2,1,1,23
39158.0,0.0,0.0,0.0383318862046069,0.0,0.1021502630369273,0.6021758006026866,0.0,0.2573420501557791,70,0,0,2,1,1,40
712938.0,0.7013232567207808,0.0,0.1466074188779389,0.0105198488508117,0.0,0.0534240004039621,0.0168317581612987,0.0712937169852076,70,0,0,2,1,1,25
43132.0,0.9042010572196976,0.0,0.0308819438004266,0.0,0.0,0.0,0.0,0.0649169989798757,61,0,0,2,1,1,40
35000.0,1.0,0.0,0.0,0.0,0.0,0.0,0.0,0.0,41,2,0,4,1,1,6
46570.0,0.0,0.0,0.03442130126691,0.0010736525660296,0.6699592012024909,0.1030706463388447,0.0,0.0951041442989048,72,0,0,2,1,1,55
252607.0,0.0,0.0,0.0006056839279988,3.958718483652472e-06,0.0,0.0,0.0,0.9993903573535176,44,2,0,4,1,1,17
70000.0,1.0,0.0,0.0,0.0,0.0,0.0,0.0,0.0,24,0,0,2,5,6,27
60002.0,0.9999666677777408,0.0,3.333222225925803e-05,0.0,0.0,0.0,0.0,0.0,49,0,0,3,5,6,12
25000.0,1.0,0.0,0.0,0.0,0.0,0.0,0.0,0.0,27,1,1,3,5,4,35
41353.0,0.9672816966120958,0.0,7.254612724590719e-05,0.0,0.0,0.0,0.0,0.0326457572606582,38,4,1,6,1,1,12
24600.0,0.975609756097561,0.0,0.024390243902439,0.0,0.0,0.0,0.0,0.0,27,0,0,1,5,6,37
118502.0,0.1518961705287674,0.0,0.0884035712477426,8.43867614048708e-06,0.0,0.0,0.0,0.7596918195473494,39,1,0,3,1,1,30
52580.0,0.0950931913275009,0.0,1.901863826550019e-05,0.0,0.0,0.5853746671738304,0.0,0.0,80,0,0,1,5,5,22
55160.0,0.5438723712835388,0.0,0.0,0.0,0.0,0.3110949963741842,0.0,0.0,67,0,0,2,5,4,37
17000.0,1.0,0.0,0.0,0.0,0.0,0.0,0.0,0.0,66,1,0,2,5,5,40
24000.0,1.0,0.0,0.0,0.0,0.0,0.0,0.0,0.0,31,0,0,1,5,4,18
25000.0,1.0,0.0,0.0,0.0,0.0,0.0,0.0,0.0,22,0,0,4,5,6,25
46989.0,0.0,0.0,0.025537891847028,0.0,0.0,0.0,0.0,0.5275490008299815,75,0,0,2,1,1,50
54800.0,1.0,0.0,0.0,0.0,0.0,0.0,0.0,0.0,55,0,0,2,5,4,12
33344.0,0.0,0.0,0.0019193857965451,0.4798464491362764,0.0,0.5182341650671785,0.0,0.0,80,0,0,1,5,5,20
112642.0,0.4438841639885655,0.0,0.0234370838585962,0.0,0.0,0.0,0.0,0.5326787521528382,57,1,0,3,1,1,15
46100.0,0.9978308026030368,0.0,0.0021691973969631,0.0,0.0,0.0,0.0,0.0,27,0,0,4,5,6,36
78600.0,0.979643765903308,0.0,0.0139949109414758,0.0,0.0,0.0,0.0,0.0,30,0,0,1,5,6,48
114708.0,0.4184538131603724,0.0,0.012649510060327,0.0,0.0,0.0,8.717787774174425e-06,0.4786065488021759,46,4,0,6,1,1,5
38010.0,0.9997369113391212,0.0,0.0002630886608787,0.0,0.0,0.0,0.0,0.0,47,0,0,1,5,2,36
60001.0,0.9999833336111064,0.0,1.666638889351844e-05,0.0,0.0,0.0,0.0,0.0,45,0,0,1,5,3,4
74000.0,0.3783783783783784,0.0,0.0,0.0,0.0,0.0,0.0,0.6216216216216216,52,3,1,5,1,1,26
101505.0,0.9851731441800896,0.0,0.0148268558199103,0.0,0.0,0.0,0.0,0.0,37,0,0,2,5,6,12
20100.0,0.3432835820895522,0.0,0.0,0.0,0.0,0.0,0.0,0.0,46,1,0,2,4,4,51
162420.0,0.0,0.3694126339120798,0.0043713828346262,0.0,0.0,0.0,0.0,0.626215983253294,45,2,0,4,1,1,48
254820.0,0.9418412997409936,0.0,0.0385370065144023,0.019621693744604,0.0,0.0,0.0,0.0,28,0,0,1,5,6,25
31000.0,1.0,0.0,0.0,0.0,0.0,0.0,0.0,0.0,31,0,0,4,5,6,11
106379.0,0.8460316415833952,0.0,0.0,0.0,0.0,0.1539683584166047,0.0,0.0,70,0,0,1,5,5,16
139433.0,0.3442513608686609,0.0,0.0030695746344122,0.0,0.0,0.0,0.0,0.6526790644969268,30,2,1,4,1,1,20
20000.0,1.0,0.0,0.0,0.0,0.0,0.0,0.0,0.0,27,0,0,4,4,6,32
74220.0,0.8757747237941256,0.0,0.0528159525734303,0.0188628402047965,0.0,0.0,0.0,0.0,35,1,0,4,4,4,6
123002.0,0.0,0.0,0.0487959545373246,0.1382091348108161,0.8129949106518594,0.0,0.0,0.0,67,0,0,1,5,2,9
180590.0,0.9967329309485576,0.0,0.0004983664654742,0.0027687025859682,0.0,0.0,0.0,0.0,63,2,0,4,1,1,54
104940.0,0.0,0.0,0.0019630264913283,0.0,0.0,0.3495330665141986,0.0,0.1910996760053364,73,0,0,2,1,1,47
91025.0,0.6481735786871738,0.0,0.0002746498214776,0.0,0.0,0.0,0.0,0.0,48,3,0,5,4,4,25
44724.0,0.0,0.0,0.006707807888382,0.0,0.0,0.268312315535283,0.0,0.0,85,1,0,2,5,5,26
415116.0,0.0,0.0,0.0313213655941953,0.0578151649177579,0.0,0.0,0.0,0.8954147756289809,66,0,0,2,1,1,47
73769.0,0.0,0.0,0.0010437988857108,0.0,0.0,0.316067724925104,0.0,0.0,85,0,0,1,5,5,15
35186.0,0.0,0.0,0.0570397317114761,0.0,0.2046268402205422,0.7383334280679816,0.0,0.0,71,0,0,1,5,4,48
285415.0,0.5255505141635863,0.0,7.007340188847818e-05,0.0,0.0,0.0,0.0,0.4743794124345251,65,0,0,2,1,1,6
701975.0,0.7122760782079134,0.0,0.0619680188040884,0.0,0.0740767121336229,0.061932405000178,0.0299155952847323,0.0598311905694647,77,0,0,2,1,1,51
111965.0,0.0,0.652882597240209,0.0005358817487607,0.0,0.0,0.0,0.0,0.3465815210110302,42,2,1,4,1,1,12
60005.0,0.9999166736105324,0.0,8.332638946754438e-05,0.0,0.0,0.0,0.0,0.0,23,0,0,5,5,6,8
125520.0,0.9161886551943912,0.0,0.0798279158699808,0.0039834289356277,0.0,0.0,0.0,0.0,33,2,1,4,4,6,9
155310.0,0.837035606206941,0.0,0.1243319811988925,0.0386324125941665,0.0,0.0,0.0,0.0,39,0,0,1,5,6,48
11005.0,0.9995456610631532,0.0,0.0004543389368468,0.0,0.0,0.0,0.0,0.0,59,0,0,4,5,4,56
32661.0,0.0,0.0,3.0617556106671565e-05,0.0,0.0,0.7961789289978873,0.1714583141973607,0.0,70,0,0,1,5,4,48
238032.0,0.168044632654433,0.0,0.0126075485648988,0.0,0.0,0.0,0.0,0.8193478187806681,56,0,0,2,1,1,19
84650.0,0.0,0.0182398109864146,0.0047489663319551,0.0,0.0708800945067926,0.1209214412285883,0.0,0.0,78,0,0,1,5,5,4
182010.0,0.5494203615185979,0.0,0.0008845667820449,0.0549420361518597,0.0,0.0,0.0,0.3947530355474974,60,0,0,2,1,1,39
104216.0,0.0,0.0,0.0239886389805788,0.0,0.0,0.2705918477009288,0.0,0.532701312658325,76,0,0,2,1,1,37
25000.0,1.0,0.0,0.0,0.0,0.0,0.0,0.0,0.0,36,0,0,2,5,6,22
28800.0,0.0,0.0,0.0,0.0,0.0,0.0,0.0,0.0,61,2,0,3,5,6,17
340.0,0.0,0.0,0.0,0.0,0.0,0.0,0.0,0.0,56,0,0,2,5,5,35
125210.0,0.9983228176663206,0.0,0.0008785240795463,0.000798658254133,0.0,0.0,0.0,0.0,24,0,0,1,5,6,41
34001.0,0.8823269903826358,0.0,0.1176730096173642,0.0,0.0,0.0,0.0,0.0,29,0,0,1,5,6,5
189556.0,0.9759648863660344,0.0,0.0240351136339656,0.0,0.0,0.0,0.0,0.0,56,0,0,1,5,6,51
141320.0,0.9623549391452024,0.0,0.0376450608547976,0.0,0.0,0.0,0.0,0.0,25,0,0,2,5,6,11
93324.0,0.9858128670009858,0.0,0.0141871329990141,0.0,0.0,0.0,0.0,0.0,28,0,0,2,5,6,6
70000.0,1.0,0.0,0.0,0.0,0.0,0.0,0.0,0.0,34,0,0,4,5,6,17
154924.0,0.0897214117890062,0.0,0.65273295293176,0.0,0.0,0.1394232010534197,0.0,0.0,66,0,0,1,5,6,19
50000.0,1.0,0.0,0.0,0.0,0.0,0.0,0.0,0.0,44,2,0,5,5,6,34
26000.0,1.0,0.0,0.0,0.0,0.0,0.0,0.0,0.0,21,0,0,7,5,6,34
68990.0,0.9276706769096972,-1.4494854326714016e-05,1.4494854326714016e-05,0.07247427163357,0.0,0.0,0.0,0.0,32,0,0,2,5,6,19
40000.0,1.0,0.0,0.0,0.0,0.0,0.0,0.0,0.0,31,0,0,2,5,6,13
72247.0,0.0,0.0,0.0,0.0,0.0,0.0,0.0,1.0,60,2,0,6,1,1,38
136693.0,0.109734953508958,0.0,0.0200010241928994,0.0001097349535089,0.0,0.0,0.0,0.8697153475305978,63,0,0,2,1,1,51
180430.0,0.5542315579449094,0.0,0.0007759241811228,0.0006096547137394,0.0,0.0,0.0,0.4443828631602283,58,0,0,2,1,1,26
82000.0,0.6341463414634146,0.0,0.0,0.0,0.0,0.0,0.0,0.0,41,0,0,1,5,6,37
67398.0,0.0,0.0,0.0029674471052553,1.4837235526276744e-05,0.0,0.3382889699991098,0.0,0.0,67,1,0,3,5,5,34
98206.0,0.2464207889538317,0.0,0.0611266114086715,0.0,0.0,0.0,0.0,0.6924525996374967,41,2,0,4,1,1,56
203771.0,0.2944481795741298,0.0,0.0142071246644517,0.0736120448935324,0.0,0.0353337815488955,0.0,0.5823988693189904,66,0,0,2,1,1,9
32388.0,0.0,0.0,0.0,0.0,0.0,0.842534271952575,0.0,0.0,85,1,0,2,5,5,10
60001.0,0.0,0.0,0.0,0.0,0.0,0.0,0.0,1.0,27,2,2,4,1,1,45
5000.0,1.0,0.0,0.0,0.0,0.0,0.0,0.0,0.0,24,0,0,3,5,6,32
50101.0,0.0,0.997984072174208,0.0020159278257919,0.0,0.0,0.0,0.0,0.0,47,0,0,5,5,2,6
1150444.0,0.0,0.0,6.606145105715707e-05,0.0,0.0,0.0362364443640889,0.8692287499435001,0.0809087621822531,49,0,0,2,1,1,20
55680.0,0.9877873563218392,0.0,0.0014367816091954,0.0,0.0,0.0,0.0,0.0,22,0,0,1,5,6,27
50107.0,0.0,0.0,0.0,0.0,0.0,0.0371205619973257,0.0,0.9628794380026744,73,0,0,2,1,1,11
321295.0,0.3423644936895999,0.0,0.0,0.0,0.0,0.0,0.0,0.6576355063104001,48,2,0,7,1,1,18
91620.0,0.8526413446845666,0.0,0.003285308884523,0.0,0.0,0.0,0.0,0.0,51,3,0,4,4,4,44
238063.0,0.1680227502803879,0.0,0.0002604352629346,4.2005687570096995e-06,0.0,0.0,0.0,0.7687040825327749,64,0,0,2,1,1,55
80001.0,0.999987500156248,0.0,1.24998437519531e-05,0.0,0.0,0.0,0.0,0.0,37,0,0,1,5,6,4
10000.0,1.0,0.0,0.0,0.0,0.0,0.0,0.0,0.0,35,0,0,4,5,4,33
98539.0,0.5074133084362537,0.0,0.0011264575447284,0.0,0.0,0.0,0.0,0.4914602340190178,34,2,1,4,1,1,55
74111.0,0.0,0.0,0.0531500047226457,0.0,0.0,0.3238385664746124,0.0,0.5960248815965241,74,0,0,2,1,1,33
95478.0,0.0,0.0,2.094723391776116e-05,0.0,0.0,0.2546345755043047,0.0,0.2272460671568319,78,1,0,3,1,1,36
62002.0,0.0,0.4032127995871101,3.225702396696881e-05,0.0,0.0,0.3709557756201412,0.0,0.2257991677687816,72,0,0,2,1,1,42
100139.0,0.9986019432988148,0.0,0.0013980567011853,0.0,0.0,0.0,0.0,0.0,53,1,0,3,4,4,45
27024.0,0.9991119005328596,0.0,0.0008880994671403,0.0,0.0,0.0,0.0,0.0,28,0,0,1,5,6,47
35000.0,1.0,0.0,0.0,0.0,0.0,0.0,0.0,0.0,25,0,0,2,5,6,35
6000.0,1.0,0.0,0.0,0.0,0.0,0.0,0.0,0.0,26,0,0,3,5,6,34
56300.0,1.0,0.0,0.0,0.0,0.0,0.0,0.0,0.0,45,1,0,3,5,4,37
80002.0,0.9999750006249843,0.0,2.499937501562461e-05,0.0,0.0,0.0,0.0,0.0,52,0,0,1,5,6,5
4000.0,1.0,0.0,0.0,0.0,0.0,0.0,0.0,0.0,21,0,0,1,5,6,48
138001.0,0.5652132955558293,0.0,7.246324301997812e-06,0.0,0.0,0.0,0.0,0.4347794581198687,49,0,0,2,1,1,35
12010.0,0.9991673605328892,0.0,0.0008326394671107,0.0,0.0,0.0,0.0,0.0,21,0,0,6,5,6,15
308300.0,0.5189750243269543,0.0,0.0022705157314304,0.0,0.0,0.0,0.0,0.2841388258190074,47,0,0,2,1,1,15
80106.0,0.998676753301875,0.0,0.0013232466981249,0.0,0.0,0.0,0.0,0.0,29,1,1,3,5,6,12
35000.0,1.0,0.0,0.0,0.0,0.0,0.0,0.0,0.0,44,0,0,1,5,3,6
133016.0,0.5262524809045528,0.0,5.262524809045528e-05,0.0,0.0,0.0,0.0,0.4736948938473567,32,0,0,2,1,1,6
22000.0,1.0,0.0,0.0,0.0,0.0,0.0,0.0,0.0,34,1,0,3,5,6,28
27700.0,0.0649819494584837,0.0,0.0,0.0,0.0,0.0,0.0,0.9350180505415162,40,0,0,3,1,1,48
24002.0,0.9999166736105324,0.0,8.332638946754438e-05,0.0,0.0,0.0,0.0,0.0,67,1,0,2,4,4,15
100011.0,0.0,0.0,4.999450060493346e-05,0.0,0.0,0.0,0.0,0.9999500054993952,63,0,0,2,1,1,26
99000.0,1.0,0.0,0.0,0.0,0.0,0.0,0.0,0.0,36,0,0,4,5,4,42
60006.0,0.0,0.0,9.999000099990002e-05,0.0,0.0,0.0,0.0,0.0,55,0,0,5,5,6,50
802000.0,0.9975062344139652,0.0,0.0024937655860349,0.0,0.0,0.0,0.0,0.0,49,0,0,1,5,6,4
100000.0,1.0,0.0,0.0,0.0,0.0,0.0,0.0,0.0,30,1,1,3,1,1,12
41781.0,0.0,0.0,0.001077044589646,0.0,0.0,0.4296450539719011,0.0,0.2533448218089562,64,0,0,2,1,1,19
120050.0,0.9995835068721366,0.0,0.0004164931278633,0.0,0.0,0.0,0.0,0.0,29,0,0,2,1,1,6
57500.0,0.991304347826087,0.0,0.008695652173913,0.0,0.0,0.0,0.0,0.0,42,0,0,2,5,4,20
251141.0,0.5574557718572435,0.0,0.002154168375534,0.0,0.0,0.0,0.0,0.4403900597672224,37,2,1,4,1,1,53
58673.0,0.0,0.0,0.0067151841562558,0.0,0.8521807304893222,0.0,0.0,0.0,72,0,0,1,5,6,4
188024.0,0.8296813172786452,5.318469982555419e-06,0.0107220354848317,0.0,0.0,0.0,0.0,0.1595860102965579,55,0,0,6,1,1,49
76503.0,0.0,0.0,0.1575101630001437,0.0,0.0,0.2150503901807772,0.0,0.627439446819079,67,1,0,5,1,1,34
110052.0,0.9995274960927562,0.0,0.0004725039072438,0.0,0.0,0.0,0.0,0.0,65,0,0,1,5,6,42
48100.0,0.997920997920998,0.0,0.002079002079002,0.0,0.0,0.0,0.0,0.0,69,0,0,1,5,5,22
68000.0,1.0,0.0,0.0,0.0,0.0,0.0,0.0,0.0,30,0,0,2,5,6,48
72000.0,0.8333333333333334,0.0,0.0,0.0,0.0,0.0,0.0,0.1666666666666666,25,1,1,3,1,1,49
30979.0,0.3550792472319958,0.0,0.0,0.0,0.0,0.6449207527680041,0.0,0.0,69,0,0,1,5,5,1
6319.0,0.0,0.0,0.3220446273144485,0.0,0.0,0.0,0.0,0.0,46,0,0,1,5,2,37
225003.0,0.6666577778962948,0.0,0.0044577183415332,0.0,0.0,0.0,0.0,0.0,39,2,0,3,4,4,6
150899.0,0.3744226270551826,0.2982127118138623,0.0079192042359458,0.0,0.0,0.0,0.0006626949151419,0.0802125925287775,46,2,0,4,1,1,4
50000.0,0.0,0.0,0.0,0.0,0.0,0.0,0.0,1.0,30,1,1,3,1,1,6
19459.0,0.9250218407934632,0.0,0.0007194614317282,0.0,0.0,0.0742586977748085,0.0,0.0,64,0,0,1,5,6,53
215761.0,0.6952136855131372,0.0,0.0034807031854691,0.0,0.0,0.0,0.0,0.3013056113013936,44,1,0,3,1,1,48
155900.0,0.3848620910840282,0.0,0.003636946760744,0.0,0.0,0.0,0.0,0.6115009621552278,67,0,0,2,1,1,40
32005.0,0.937353538509608,0.0,0.0001562255897516,0.0,0.0,0.0624902359006405,0.0,0.0,68,0,0,1,5,5,37
78003.0,0.9358614412266196,0.0,3.846005922849121e-05,0.0,0.064100098714152,0.0,0.0,0.0,60,0,0,1,5,4,38
218000.0,0.0,0.0,0.0,0.0,0.0,0.0825688073394495,0.0,0.9174311926605504,59,0,0,2,1,1,5
23862.0,0.9219679825664236,0.0,0.0486966725337356,0.0293353448998407,0.0,0.0,0.0,0.0,45,1,1,3,5,4,17
5010.0,0.0898203592814371,0.0,0.0,0.0,0.0,0.0,0.0,0.0,28,0,0,4,5,6,4
83866.0,0.0,0.0,5.961891588963346e-05,0.0,0.0,0.0,0.0,0.9980802709083538,50,0,0,3,1,1,18
123585.0,0.0,0.0,4.045798438321803e-05,0.0,0.0,0.3236638750657442,0.0145648743779584,0.5160820487923292,80,0,0,2,1,1,50
45000.0,1.0,0.0,0.0,0.0,0.0,0.0,0.0,0.0,33,0,0,2,5,6,32
166121.0,0.4273993053256361,0.0,0.0005598328928913,0.0,0.0,0.0,0.0,0.5720408617814725,37,2,0,4,1,1,25
75000.0,1.0,0.0,0.0,0.0,0.0,0.0,0.0,0.0,64,2,0,4,1,1,12
61260.0,0.9794319294809012,0.0163238654913483,0.0042442050277505,0.0,0.0,0.0,0.0,0.0,23,0,0,2,5,6,16
61771.0,0.0,0.0,0.0002428323970795,0.0,0.0,0.2544883521393534,0.0,0.745268815463567,67,0,0,2,1,1,33
30000.0,1.0,0.0,0.0,0.0,0.0,0.0,0.0,0.0,57,0,0,1,5,5,6
201700.0,0.5602379771938523,0.0,0.0123946455131383,0.0,0.0,0.0,0.0,0.4273673772930094,49,1,0,3,1,1,29
11564.0,0.0086475268073331,0.0,0.0008647526807333,0.0,0.0,0.9904877205119336,0.0,0.0,46,0,0,1,5,3,41
80000.0,1.0,0.0,0.0,0.0,0.0,0.0,0.0,0.0,34,0,0,2,5,6,38
15500.0,0.7096774193548387,0.0,0.0,0.0,0.0,0.0,0.0,0.0,21,0,0,1,5,6,33
56682.0,0.4279665502275854,0.0,0.0,0.0,0.0,0.0,0.0,0.5720334497724145,47,0,0,2,1,1,38
138493.0,0.4837789635577249,0.0,0.0004043525665557,0.0,0.0,0.1906233528048349,0.0,0.3251933310708844,71,1,0,3,1,1,22
70522.0,0.0,0.0,0.000283599444145,0.0,0.0,0.187175633135759,0.2835994441450895,0.5289413232750064,70,0,0,2,1,1,30
185300.0,0.190501888828926,0.0,0.0,0.0,0.0,0.0,0.0,0.809498111171074,50,2,0,4,1,1,32
136296.0,0.4863092093678464,0.0,0.0019149498151082,0.0,0.0,0.0,0.0,0.5117758408170453,62,0,0,2,1,1,30
45000.0,1.0,0.0,0.0,0.0,0.0,0.0,0.0,0.0,29,0,0,2,5,6,40
55000.0,1.0,0.0,0.0,0.0,0.0,0.0,0.0,0.0,38,2,0,4,4,6,26
30905.0,0.0,0.0,0.0040446529687752,0.0,0.0,0.8406083158065037,3.235722375020223e-05,0.0,75,0,0,2,5,4,12
225080.0,0.7019726319530833,0.0,0.0001332859427759,0.0,0.0,0.0,0.0,0.2978940821041407,53,1,0,3,1,1,51
64059.0,0.9990789740707784,0.0,0.0009210259292214,0.0,0.0,0.0,0.0,0.0,27,0,0,2,5,6,28
13820.0,0.9985528219971056,0.0,0.0014471780028943,0.0,0.0,0.0,0.0,0.0,51,1,0,4,5,4,25
38000.0,0.9210526315789472,0.0,0.0789473684210526,0.0,0.0,0.0,0.0,0.0,26,0,0,5,5,6,48
120000.0,0.875,0.0,0.125,0.0,0.0,0.0,0.0,0.0,32,0,0,1,5,6,44
45000.0,1.0,0.0,0.0,0.0,0.0,0.0,0.0,0.0,53,2,0,5,1,1,4
20411.0,0.4703346234873352,0.0,0.0,0.0,0.0,0.5296653765126648,0.0,0.0,63,0,0,1,5,4,33
63910.0,0.9857612267250822,0.0,0.0032858707557502,0.0109529025191675,0.0,0.0,0.0,0.0,50,1,0,2,5,2,34
81957.0,0.0,0.0,0.0006100760154715,0.0,0.0,0.2635528386837,0.0,0.7358370853008285,73,0,0,2,1,1,1
387335.0,0.1936308363561258,0.0,0.0548982147236888,0.0193630836356125,0.1549046690849006,0.090361056966192,0.0,0.1253979113687118,80,0,0,2,1,1,46
19300.0,0.3730569948186528,0.0,0.0,0.0,0.0,0.6269430051813472,0.0,0.0,65,0,0,1,5,5,48
25842.0,0.9999226066093956,0.0,7.739339060444238e-05,0.0,0.0,0.0,0.0,0.0,29,0,0,2,5,6,25
20050.0,0.9975062344139652,0.0,0.0024937655860349,0.0,0.0,0.0,0.0,0.0,43,1,0,4,4,6,37
13417.0,0.8434821495118133,0.0,0.1565178504881866,0.0,0.0,0.0,0.0,0.0,27,0,0,3,5,2,26
135778.0,0.4603102122582451,0.0,0.0005744671448982,0.0,0.0,0.0,0.0,0.5391153205968566,44,2,0,4,1,1,50
85011.0,0.999870604980532,0.0,0.000129395019468,0.0,0.0,0.0,0.0,0.0,42,1,1,2,4,6,27
141023.0,0.1063656283017663,0.0,0.0,0.0,0.0,0.0,0.0,0.8936343716982337,41,3,0,5,1,1,4
250076.0,0.999696092387914,0.0,0.0003039076120859,0.0,0.0,0.0,0.0,0.0,62,0,0,2,1,1,48
54725.0,0.9867519415258108,0.0,0.0132480584741891,0.0,0.0,0.0,0.0,0.0,39,4,0,5,4,4,20
10000.0,1.0,0.0,0.0,0.0,0.0,0.0,0.0,0.0,42,2,0,3,4,3,28
5745.0,0.9956483899042646,0.0,0.0043516100957354,0.0,0.0,0.0,0.0,0.0,61,1,0,2,5,3,26
62751.0,0.0,0.0,4.780800305971219e-05,0.0,0.0,0.0678873643447913,0.0,0.0,75,0,0,5,5,5,54
30094.0,0.9968764537781618,0.0,0.0031235462218382,0.0,0.0,0.0,0.0,0.0,20,0,0,3,5,6,26
38001.0,0.9999736849030288,0.0,2.6315096971132334e-05,0.0,0.0,0.0,0.0,0.0,32,0,0,1,5,6,23
120000.0,0.5,0.0,0.0,0.0,0.0,0.0,0.0,0.5,37,1,0,3,1,1,16
16000.0,0.0,1.0,0.0,0.0,0.0,0.0,0.0,0.0,49,1,0,3,4,4,46
21103.0,0.0,0.0094773254987442,4.738662749372127e-05,0.0,0.0,0.5845140501350519,0.0,0.38150973795195,75,0,0,2,1,1,50
55000.0,0.0,1.0,0.0,0.0,0.0,0.0,0.0,0.0,48,2,0,5,5,6,35
20000.0,1.0,0.0,0.0,0.0,0.0,0.0,0.0,0.0,27,1,1,3,5,6,48
37000.0,1.0,0.0,0.0,0.0,0.0,0.0,0.0,0.0,29,0,0,1,5,6,19
138170.0,0.3835854382282695,0.0,0.0012303683867699,0.0,0.0,0.0,0.0,0.6007092711876674,41,1,0,3,1,1,39
24001.0,0.9999583350693722,0.0,4.1664930627890504e-05,0.0,0.0,0.0,0.0,0.0,42,0,0,2,5,2,51
60800.0,0.8223684210526315,0.0,0.0,0.0,0.0,0.0,0.0,0.1776315789473684,63,0,0,2,1,1,13
243900.0,0.8610086100861009,0.0,0.1287412874128741,0.010250102501025,0.0,0.0,0.0,0.0,57,0,0,1,5,4,55
29000.0,1.0,0.0,0.0,0.0,0.0,0.0,0.0,0.0,41,2,0,6,4,4,36
171769.0,0.4773853256408316,0.0,0.0037841519715431,0.0005821772263912,0.0,0.0,0.0,0.518248345161234,36,2,0,4,1,1,25
39000.0,1.0,0.0,0.0,0.0,0.0,0.0,0.0,0.0,23,0,0,3,5,6,26
56666.0,0.5294179931528606,0.0,0.0052941799315286,0.0,0.0,0.0,0.0,0.4652878269156107,35,2,0,4,1,1,6
30102.0,0.996677961597236,0.0,0.0033220384027639,0.0,0.0,0.0,0.0,0.0,28,2,0,4,5,6,22
19000.0,1.0,0.0,0.0,0.0,0.0,0.0,0.0,0.0,33,1,0,2,4,6,37
255185.0,0.3487665811078237,0.0,0.0921880204557478,0.0045457217312929,0.0,0.0,0.0,0.5544996767051354,53,3,0,7,1,1,12
545010.0,0.8807177849947707,0.0,0.0275407790682739,0.018348287187391,0.0,0.0,0.0,0.0733931487495642,47,3,0,5,1,1,13
40000.0,1.0,0.0,0.0,0.0,0.0,0.0,0.0,0.0,47,3,0,5,4,6,9
63000.0,1.0,0.0,0.0,0.0,0.0,0.0,0.0,0.0,31,0,0,1,5,6,6
28002.0,0.9999285765302478,0.0,7.142346975216056e-05,0.0,0.0,0.0,0.0,0.0,23,0,0,1,5,6,1
25003.0,0.999960004799424,0.0,3.999520057593089e-05,0.0,0.0,0.0,0.0,0.0,64,0,0,1,5,5,6
32807.0,0.9144389916786052,0.0,0.0,0.0002133690980583,0.0,0.0,0.0,0.0,42,0,0,1,5,4,4
120000.0,0.5,0.0,0.0,0.0,0.0,0.0,0.0,0.5,41,2,0,4,1,1,35
35000.0,0.0,1.0,0.0,0.0,0.0,0.0,0.0,0.0,60,2,0,8,5,2,15
41617.0,1.0,0.0,0.0,0.0,0.0,0.0,0.0,0.0,21,0,0,2,5,6,48
8350.0,0.6287425149700598,0.0,0.059880239520958,0.1437125748502994,0.1676646706586826,0.0,0.0,0.0,85,2,0,3,4,5,6
170126.0,0.3526797785170991,0.0,5.877996308618318e-06,0.0,0.0,0.0,0.0,0.6473143434865923,42,1,0,3,1,1,48
227011.0,0.3303804661448123,0.0,0.0,0.0,0.0,0.0,0.0,0.6696195338551877,73,2,0,4,1,1,48
101761.0,0.8745983235227641,0.0,0.1224535922406422,0.0,0.0,0.0,0.0,0.0,50,0,0,1,5,4,53
45002.0,0.9999555575307764,2.222123461179503e-05,0.0,0.0,0.0,0.0,0.0,0.0,24,0,0,7,5,2,13
11636.0,0.0,0.0,0.001718803712616,0.0,0.0,0.0,0.0,0.0,69,0,0,3,4,4,28
22000.0,1.0,0.0,0.0,0.0,0.0,0.0,0.0,0.0,31,0,0,1,5,6,1
918100.0,0.816904476636532,0.0,0.0332207820498856,0.0054460298442435,0.0,0.0,0.0,0.1444287114693388,49,2,0,4,1,1,6
126564.0,0.0,0.0,0.2805616130969312,0.118517113871243,0.0948136910969944,0.2368366992193672,0.0,0.0,70,0,0,2,5,4,53
81035.0,0.9872277410995248,0.0,0.000431912136731,0.012340346763744,0.0,0.0,0.0,0.0,25,0,0,3,5,6,6
168010.0,0.2261770132730194,0.0,0.0,0.0,0.0,0.0,0.0,0.7738229867269806,33,2,0,4,1,1,5
49041.0,0.0,0.0,0.0085030892518504,0.0127240472257906,0.0,0.0,0.0,0.0,85,0,0,1,5,5,12
42000.0,1.0,0.0,0.0,0.0,0.0,0.0,0.0,0.0,49,3,0,5,1,1,53
185500.0,0.4851752021563342,0.0,0.0080862533692722,0.0,0.0,0.0,0.0,0.5067385444743935,46,2,0,4,1,1,19
7400.0,1.0,0.0,0.0,0.0,0.0,0.0,0.0,0.0,68,2,0,5,1,1,6
125573.0,0.0,0.0,0.0996392536612169,0.0019908738343433,0.0056222277081856,0.1877712565599293,0.0,0.4039562644836071,72,0,0,2,1,1,9
20275.0,0.6411837237977805,0.0,0.0036991368680641,0.0,0.0,0.0,0.0,0.0,41,0,0,1,5,6,31
120804.0,0.7036190854607464,0.0,0.1101288036819972,0.0041389357968279,0.0,0.0,0.0,0.1821131750604284,49,1,1,3,1,1,22
59000.0,0.9830508474576272,0.0,0.0169491525423728,0.0,0.0,0.0,0.0,0.0,39,0,0,1,5,4,13
92808.0,0.9794414274631498,0.0,0.0108611326609775,0.0,0.0,0.0,0.0,0.0,30,0,0,1,5,6,19
76215.0,0.7872466049990159,0.0,0.0001312077674998,0.0,0.0,0.0,0.0,0.1575149248835531,60,0,0,2,1,1,5
31595.0,0.0,0.0,0.0,0.0,0.0,0.4207944294983383,0.0,0.0,85,0,0,1,5,4,30
1101.0,0.9990917347865576,0.0,0.0009082652134423,0.0,0.0,0.0,0.0,0.0,30,2,1,3,4,6,36
168890.0,0.0348155604239445,0.0,0.0059210136775415,0.0,0.0,0.0,0.1539463556160814,0.8053170702824324,42,1,1,3,1,1,36
20689.0,0.0,0.0,4.8334863937358016e-05,0.0,0.0,0.9581903426941852,0.0,0.0,69,0,0,1,5,5,1
28994.0,0.0,0.0,0.0,0.0,0.0,0.8814237428433469,0.0,0.0,73,0,0,1,5,5,39
23619.0,0.4233879503789322,0.0,0.0,0.0,0.0,0.5766120496210678,0.0,0.0,69,0,0,1,5,4,18
101600.0,0.9940944881889764,0.0,0.0,0.0059055118110236,0.0,0.0,0.0,0.0,33,2,2,4,1,1,17
66007.0,0.954444225612435,0.0,0.0001060493584013,0.0,0.0,0.0,0.0,0.0,33,0,0,1,5,6,11
103302.0,0.8712319219376198,0.0,0.0948868366536949,0.0338812414086852,0.0,0.0,0.0,0.0,31,0,0,1,5,6,34
129580.0,0.0115758604722951,0.3009723722796728,0.0115758604722951,0.5402068220404384,0.0,0.1356613674949837,0.0,0.0,20,0,0,1,5,2,45
73162.0,0.9294442470134768,0.0,0.0022142642355321,0.0,0.0,0.0,0.0,0.0,26,0,0,1,5,6,6
47287.0,0.0,0.0,0.109987945947089,0.0,0.0676718759912872,0.41110664664707,0.0,0.2843487639308901,74,0,0,2,1,1,10
5720.0,1.0,0.0,0.0,0.0,0.0,0.0,0.0,0.0,53,0,0,1,5,6,5
33000.0,1.0,0.0,0.0,0.0,0.0,0.0,0.0,0.0,65,0,0,2,5,4,48
50100.0,0.998003992015968,0.0,0.0019960079840319,0.0,0.0,0.0,0.0,0.0,52,0,0,5,5,6,15
22010.0,0.9995456610631532,0.0,0.0004543389368468,0.0,0.0,0.0,0.0,0.0,23,0,0,2,5,6,32
49000.0,0.5918367346938775,0.0,0.0,0.0,0.0,0.0,0.0,0.4081632653061224,36,3,1,5,1,1,12
71844.0,0.0083514280942041,0.0,0.0086576471243249,0.0,0.0,0.0,0.0,0.982990924781471,60,0,0,2,1,1,30
167539.0,0.0,0.0,0.5164230417992228,0.0003879693683261,0.1539939954279302,0.108870173511839,0.0,0.1128871486638931,75,0,0,2,1,1,25
56006.0,0.9820376388244116,0.0,0.0090347462771845,0.0089276148984037,0.0,0.0,0.0,0.0,32,0,0,1,5,2,30
39900.0,0.0,0.0,0.0150877192982456,0.0,0.0,0.7464661654135338,0.0,0.0,77,0,0,1,5,4,12
80863.0,0.6801627443948407,0.0,3.70997860579004e-05,0.0,0.0,0.3198001558191014,0.0,0.0,76,0,0,4,4,4,35
26400.0,1.0,0.0,0.0,0.0,0.0,0.0,0.0,0.0,59,1,0,3,5,4,41
71795.0,0.4874991294658402,0.2924994776795041,0.0110731945121526,0.0,0.0,0.0,0.2089281983425029,0.0,53,0,0,1,5,6,31
76400.0,0.0,0.0,0.0,0.0,0.0,0.0,0.0,0.6544502617801047,58,0,0,2,1,1,4
60484.0,0.0,0.0,0.0,0.0,0.0,0.2803386019443158,0.0,0.0,63,0,0,1,5,4,54
260021.0,0.4615011864426335,0.0,3.845843220355279e-06,0.0,0.0,0.0,0.0,0.5384949677141462,42,0,0,2,1,1,41
158700.0,0.7876496534341525,0.0,0.0034656584751102,0.0,0.0,0.0,0.0,0.2088846880907372,48,2,0,4,1,1,45
135761.0,0.5892708509807677,0.0,0.08103947378113,0.0795515648824036,0.0,0.2501381103556986,0.0,0.0,73,2,0,3,5,4,13
341930.0,0.350949024654169,0.0,0.014681367531366,0.1462287602725704,0.0087737256163542,0.0,0.0,0.1851548562571286,66,0,0,2,1,1,46
30001.0,0.9999666677777408,0.0,3.333222225925803e-05,0.0,0.0,0.0,0.0,0.0,61,0,0,3,5,3,47
200000.0,1.0,0.0,0.0,0.0,0.0,0.0,0.0,0.0,46,0,0,1,5,4,21
8000.0,1.0,0.0,0.0,0.0,0.0,0.0,0.0,0.0,46,0,0,2,5,4,12
41617.0,1.0,0.0,0.0,0.0,0.0,0.0,0.0,0.0,21,0,0,2,5,6,12
56971.0,0.0,0.0,0.0015973038914535,0.0,0.0,0.2822488634568464,0.0,0.0,80,0,0,1,5,3,15
42800.0,0.8411214953271028,0.0,0.0,0.0,0.0,0.0,0.0,0.0,24,0,0,16,5,6,15
7222.0,0.0,0.0,0.0030462475768485,0.0,0.0,0.3323179174743838,0.0,0.0,85,0,0,1,5,5,25
37001.0,0.9999729737034134,0.0,2.702629658657874e-05,0.0,0.0,0.0,0.0,0.0,45,5,0,7,1,1,32
65000.0,0.0,1.0,0.0,0.0,0.0,0.0,0.0,0.0,32,2,2,4,1,1,17
150172.0,0.0,0.0,0.0003396105798684,0.0,0.0,0.0,0.0,0.9996603894201316,47,2,2,4,1,1,11
220000.0,0.5454545454545454,0.0,0.0,0.0,0.0,0.0,0.0,0.4545454545454545,58,2,0,4,1,1,25
171861.0,0.0,0.0,0.0001047358039345,0.0075060659486445,0.0,0.0950942913168199,0.0,0.8972949069306009,72,0,0,2,1,1,48
60966.0,0.0,0.0,0.0575074631761965,0.0,0.0,0.2292917363776531,0.0,0.6413574779385232,70,0,0,2,1,1,41
40000.0,1.0,0.0,0.0,0.0,0.0,0.0,0.0,0.0,48,0,0,1,5,6,4
60577.0,0.0338247189527378,0.0,1.6507915545504068e-05,0.0,0.0,0.0,0.0,0.0,37,0,0,7,5,6,51
283004.0,0.6519342482791762,0.0,0.0706809797741374,0.0088337974021568,0.0,0.0,0.0,0.2685509745445294,45,4,0,6,1,1,17
200115.0,0.999425330435,0.0,0.0005746695650001,0.0,0.0,0.0,0.0,0.0,49,1,0,2,5,4,51
52000.0,1.0,0.0,0.0,0.0,0.0,0.0,0.0,0.0,32,1,0,3,5,6,21
35000.0,1.0,0.0,0.0,0.0,0.0,0.0,0.0,0.0,41,1,0,3,5,4,47
34521.0,0.9652095825729268,0.0,2.8967874627038616e-05,0.0,0.0,0.0,0.0,0.0,43,3,0,4,4,4,53
49389.0,0.0,0.0,0.0026321650569964,0.0,0.1312033043795177,0.5260078155054769,0.0,0.0,74,0,0,2,5,5,21
116001.0,0.7241316885199266,0.0,0.2155240041034129,0.0431030766976146,0.0,0.0,0.0172412306790458,0.0,60,0,0,5,5,6,36
103400.0,0.9671179883945842,0.0,0.0241779497098646,0.0,0.0,0.0,0.0,0.0087040618955512,67,1,0,3,1,1,42
44158.0,0.0,0.0,0.0070202454821323,0.1358757190090131,0.0,0.7212283164998414,0.0,0.0,76,0,0,1,5,5,45
55000.0,1.0,0.0,0.0,0.0,0.0,0.0,0.0,0.0,61,2,0,4,5,4,26
42000.0,1.0,0.0,0.0,0.0,0.0,0.0,0.0,0.0,25,1,0,2,4,6,1
85000.0,0.5294117647058824,0.0,0.0,0.0,0.0,0.0,0.0,0.4705882352941176,39,0,0,2,1,1,5
2.0,0.0,0.0,0.0,0.0,0.0,0.0,0.0,0.0,48,1,0,2,5,2,25
48000.0,1.0,0.0,0.0,0.0,0.0,0.0,0.0,0.0,63,0,0,1,5,6,55
169358.0,0.0,0.0,0.0,0.0,0.0,0.1888248562217314,0.0,0.6694635033479375,72,0,0,2,1,1,35
30000.0,1.0,0.0,0.0,0.0,0.0,0.0,0.0,0.0,38,4,1,6,1,1,1
75002.0,0.0,0.5333457774459348,0.0,0.0,0.0,0.0,0.0,0.4666542225540652,49,2,0,4,1,1,15
183651.0,0.6044072724896679,0.0,0.0076231547881579,0.0,0.0,0.0,5.445110562969981e-06,0.3716287959227012,42,3,0,5,1,1,42
350000.0,0.2857142857142857,0.0,0.0,0.0,0.0,0.0,0.0,0.7142857142857143,57,0,0,2,1,1,12
25001.0,0.999960001599936,0.0,3.999840006399744e-05,0.0,0.0,0.0,0.0,0.0,24,0,0,7,5,6,49
26000.0,0.0,0.0,0.0,0.0,0.0,0.0,0.0,1.0,37,2,0,4,1,1,6
56822.0,0.0,0.0,0.0001583893562352,0.2639822603921016,0.0,0.4994368378444968,0.0,0.2364225124071662,78,0,0,2,1,1,17
11335.0,0.0,0.0,0.0005293339214821,8.82223202470225e-05,0.0,0.0,0.0,0.5582708425231584,64,0,0,2,1,1,10
30005.0,0.9998333611064822,0.0,0.0001666388935177,0.0,0.0,0.0,0.0,0.0,29,1,1,5,4,6,33
112635.0,0.9943623207706308,8.878235006880631e-06,3.5512940027522526e-05,0.0055932880543347,0.0,0.0,0.0,0.0,27,0,0,1,5,6,29
80751.0,0.9906998055751632,0.0,0.009052519473443,0.0002476749513937,0.0,0.0,0.0,0.0,25,0,0,2,5,6,48
34000.0,1.0,0.0,0.0,0.0,0.0,0.0,0.0,0.0,62,0,0,1,5,6,48
50000.0,1.0,0.0,0.0,0.0,0.0,0.0,0.0,0.0,29,0,0,1,5,6,45
184507.0,0.5419848569430971,0.0,0.1246565170969123,0.0,0.0,0.1040610925330746,0.0,0.0,70,0,0,2,5,4,5
156400.0,0.8312020460358056,0.0,0.0025575447570332,0.0127877237851662,0.0,0.0,0.0,0.1534526854219949,37,2,0,4,1,1,49
40800.0,0.7352941176470589,0.0,0.0,0.0,0.0,0.2647058823529412,0.0,0.0,69,1,0,3,1,1,42
62758.0,0.9942955479779472,0.0,0.0057044520220529,0.0,0.0,0.0,0.0,0.0,53,0,0,2,5,6,23
191950.0,0.7814535035165407,0.0,0.0080750195363375,0.0104193800468872,0.0,0.0,0.0,0.0,53,0,0,2,5,4,51
121254.0,0.4948290365678658,0.0,0.0016741715737212,0.0,0.0,0.0,0.0,0.5034967918584129,32,2,1,5,1,1,19
53925.0,0.9272137227630968,0.0,0.0071395456652758,0.0,0.0,0.0,0.0,0.0,21,1,1,2,4,6,38
215320.0,0.5573100501579045,0.0,0.0469998142299832,0.009288500835965,0.0,0.0,0.0,0.3864016347761471,41,2,0,4,1,1,30
433550.0,0.3459808557259831,0.0,0.0069888132856648,0.4151770268711798,0.0,0.0,0.0230653903817322,0.2087879137354399,47,4,0,6,1,1,38
251401.0,0.2386625351530025,0.0,0.4057263097601044,0.0,0.0,0.0,0.0095465014061201,0.3460646536807729,45,2,0,4,1,1,49
23040.0,1.0,0.0,0.0,0.0,0.0,0.0,0.0,0.0,62,0,0,1,5,4,37
128680.0,0.2990363692881567,0.0,0.0,0.0,0.0,0.0,0.0,0.7009636307118433,24,1,1,3,1,1,49
25000.0,0.92,0.0,0.08,0.0,0.0,0.0,0.0,0.0,23,0,0,3,5,6,42
17000.0,1.0,0.0,0.0,0.0,0.0,0.0,0.0,0.0,28,0,0,4,5,6,35
43025.0,0.999418942475305,0.0,0.0005810575246949,0.0,0.0,0.0,0.0,0.0,50,1,0,2,5,4,34
110450.0,0.9506564056133996,0.0,0.0488909008601177,0.0004526935264825,0.0,0.0,0.0,0.0,31,0,0,1,5,6,6
156030.0,0.5447670319810293,0.0,0.0033006473114144,0.0,0.0,0.0,0.0,0.4519323207075562,37,1,1,3,1,1,44
109728.0,0.7017351997666958,0.0,0.0293452901720618,0.0018226888305628,0.0,0.0,0.0,0.2670968212306795,45,4,0,6,1,1,5
69000.0,0.9855072463768116,0.0,0.0144927536231884,0.0,0.0,0.0,0.0,0.0,63,1,0,2,5,4,26
320000.0,0.0,0.78125,0.0,0.0,0.0,0.0,0.0,0.21875,45,2,0,4,1,1,4
17127.0,0.0,0.0875810124365037,0.0715244934898114,0.0,0.0,0.0,0.0,0.8408944940736848,72,0,0,2,1,1,6
90000.0,1.0,0.0,0.0,0.0,0.0,0.0,0.0,0.0,57,0,0,2,1,1,48
265166.0,0.9805178642812428,0.0,0.0189164523355181,0.0005656833832391,0.0,0.0,0.0,0.0,34,0,0,1,5,6,12
90000.0,1.0,0.0,0.0,0.0,0.0,0.0,0.0,0.0,53,0,0,2,1,1,18
84450.0,0.8880994671403197,0.0,0.1000592066311426,0.0118413262285375,0.0,0.0,0.0,0.0,27,0,0,1,5,6,45
80050.0,0.999375390381012,0.0,0.0006246096189881,0.0,0.0,0.0,0.0,0.0,26,0,0,1,5,6,22
243651.0,0.3078173288843469,0.0,0.0106710007346573,0.0002052115525895,0.0,0.0,0.0,0.6074302998961629,50,2,0,4,1,1,12
36000.0,1.0,0.0,0.0,0.0,0.0,0.0,0.0,0.0,33,0,0,5,5,6,12
48778.0,0.0471524047726434,0.0,0.0213210873754561,0.0,0.0,0.2870966419287383,0.0,0.6444298659231621,65,0,0,2,1,1,55
20000.0,1.0,0.0,0.0,0.0,0.0,0.0,0.0,0.0,24,0,0,4,5,6,22
199876.0,0.4292661450099061,0.0,0.0013558406211851,0.0,0.0,0.0,0.0,0.5508665372530969,41,1,0,3,1,1,21
60005.0,0.9999166736105324,0.0,8.332638946754438e-05,0.0,0.0,0.0,0.0,0.0,55,0,0,1,5,4,40
100134.0,0.0,0.0,9.986617931971158e-06,0.0,0.0,0.2360836479117982,0.0,0.6475422933269419,68,0,0,2,1,1,30
68000.0,1.0,0.0,0.0,0.0,0.0,0.0,0.0,0.0,39,1,0,4,5,6,17
179100.0,0.977107761027359,0.0,0.0228922389726409,0.0,0.0,0.0,0.0,0.0,49,1,0,3,4,4,40
75000.0,0.0,1.0,0.0,0.0,0.0,0.0,0.0,0.0,36,0,0,2,5,6,47
87650.0,0.2852253280091272,0.0,0.0002738163148887,0.0,0.0,0.0,0.0,0.699532230462065,41,1,0,3,1,1,2
90692.0,0.4961848895161646,0.0,0.0008821064702509,0.0,0.0,0.0,0.0,0.4963172054867022,26,1,1,3,1,1,54
187924.0,0.2607437049019817,0.0,6.38556012004853e-05,0.0,0.0,0.0,0.0,0.7391924394968179,36,4,2,6,1,1,27
266503.0,0.8067451398295704,0.0,0.043155236526418,0.0187615148797574,0.0,0.0,0.0562845446392723,0.0750535641249817,54,2,0,4,1,1,12
191400.0,0.477533960292581,0.0,0.0052246603970741,0.0,0.0,0.0,0.0,0.5172413793103449,51,3,0,5,1,1,42
55000.0,0.0,0.0,0.0,0.0,0.0,0.0,0.0,1.0,40,1,0,3,1,1,13
48000.0,0.375,0.0,0.0,0.0,0.0,0.0,0.0,0.625,25,2,0,4,1,1,13
69411.0,0.3745803979196381,0.0,0.0018873089279797,0.0,0.0,0.4149198253879068,0.0,0.0,75,0,0,1,5,5,24
84026.0,0.0,0.0,7.140646942613001e-05,0.0,0.0,0.342751053245424,0.0,0.1573322543022398,68,0,0,2,1,1,42
56002.0,0.9999642869897504,0.0,3.571301024963394e-05,0.0,0.0,0.0,0.0,0.0,24,1,1,2,4,6,28
90100.0,0.9189789123196448,0.0,0.0,0.0,0.0,0.0,0.0,0.0810210876803551,31,1,0,4,1,1,8
59000.0,0.4915254237288136,0.0,0.0,0.0,0.0,0.0,0.0,0.0,27,0,0,1,5,6,45
88322.0,0.0,0.0,0.0567921922057924,0.009114376938928,0.1132220737755032,0.3437422159824279,0.0,0.476279975544032,67,0,0,3,1,1,12
86616.0,0.997575505680244,0.0,0.0024244943197561,0.0,0.0,0.0,0.0,0.0,22,0,0,8,5,6,25
97001.0,0.9999896908279295,0.0,1.0309172070391028e-05,0.0,0.0,0.0,0.0,0.0,26,0,0,1,5,6,35
258025.0,0.4108129057261893,0.0,0.387656234860963,0.0,0.0,0.0,0.0,0.2015308594128476,48,1,0,3,1,1,46
182520.0,0.0,0.0,0.0082456717072101,0.0,0.0,0.0,0.0,0.99175432829279,39,2,0,4,1,1,5
51006.0,0.9998823667803788,0.0,0.0001176332196212,0.0,0.0,0.0,0.0,0.0,21,0,0,3,5,6,35
100000.0,0.0,0.6,0.0,0.0,0.0,0.0,0.0,0.4,40,3,0,5,1,1,12
167503.0,0.8835662644848152,0.0,0.1164337355151848,0.0,0.0,0.0,0.0,0.0,56,1,0,2,4,2,51
30000.0,1.0,0.0,0.0,0.0,0.0,0.0,0.0,0.0,71,0,0,4,5,6,36
20010.0,0.0,0.9995002498750624,0.0004997501249375,0.0,0.0,0.0,0.0,0.0,54,0,0,1,5,2,6
60002.0,1.0,0.0,0.0,0.0,0.0,0.0,0.0,0.0,23,0,0,3,5,6,6
108150.0,0.9893666204345816,0.0,0.0097087378640776,0.0009246417013407,0.0,0.0,0.0,0.0,24,0,0,1,5,6,10
25000.0,1.0,0.0,0.0,0.0,0.0,0.0,0.0,0.0,46,5,0,6,4,3,20
46012.0,0.9997391984699644,0.0,4.3466921672607145e-05,0.000217334608363,0.0,0.0,0.0,0.0,49,0,0,1,5,4,38
46000.0,0.9782608695652174,0.0,0.0217391304347826,0.0,0.0,0.0,0.0,0.0,44,1,0,2,4,4,10
239128.0,0.0,0.0,0.0250911645645846,0.0,0.3554581646649493,0.1505469873875079,0.0,0.3537854203606437,68,2,0,7,1,1,49
20004.0,0.9998000399920016,0.0,0.0001999600079984,0.0,0.0,0.0,0.0,0.0,47,0,0,6,5,2,37
188569.0,0.6628873250640349,0.0,0.1670900307049408,0.0002651549300256,0.0,0.0,0.0,0.1697574893009985,51,3,1,5,1,1,30
103500.0,0.9371980676328504,0.0,0.0579710144927536,0.0048309178743961,0.0,0.0,0.0,0.0,42,0,0,1,5,6,5
82180.0,0.0,0.3650523241664639,0.0,0.0,0.0,0.0,0.0,0.6349476758335362,64,0,0,2,1,1,6
99072.0,0.1009366925064599,0.0,0.0,0.0,0.0,0.0,0.0,0.8892522609819121,46,2,0,4,1,1,18
375015.0,0.5866432009386291,0.0,3.999840006399744e-05,0.0773302401237283,0.0,0.0,0.0799968001279948,0.2559897604095836,37,2,2,4,1,1,25
149806.0,0.0,0.987944408101144,4.005180032842476e-05,0.0,0.0,0.0,0.0,0.0,42,1,0,2,4,4,17
173869.0,0.4888738072916966,0.0115029131127458,0.0222063737641557,0.0,0.0,0.0,0.0,0.4774169058314018,31,0,0,2,1,1,36
105780.0,0.7562866326337682,0.0,0.0168273775761013,0.0,0.0,0.0,0.0,0.0,33,3,0,5,4,4,27
48065.0,0.9570373452616248,0.0,0.0429626547383751,0.0,0.0,0.0,0.0,0.0,31,0,0,3,5,4,53
81200.0,0.9852216748768472,0.0,0.0147783251231527,0.0,0.0,0.0,0.0,0.0,33,0,0,2,5,6,17
24000.0,1.0,0.0,0.0,0.0,0.0,0.0,0.0,0.0,20,1,1,3,4,6,4
17100.0,0.9941520467836256,0.0,0.0058479532163742,0.0,0.0,0.0,0.0,0.0,21,0,0,3,5,6,21
405470.0,0.4932547414112018,0.0,0.0049572101511825,0.002466273707056,0.0,0.0,0.0,0.4993217747305596,44,2,0,4,1,1,48
208492.0,0.9592694204094162,0.0,0.0023598027742071,0.0143890413061412,0.0,0.0,0.0239817355102354,0.0,29,0,0,1,5,6,53
47000.0,0.7659574468085106,0.0,0.0,0.0,0.0,0.0,0.0,0.0,21,2,2,3,4,6,6
42001.0,0.9999761910430705,0.0,2.3808956929596913e-05,0.0,0.0,0.0,0.0,0.0,43,2,0,6,4,3,16
47852.0,0.6269330435509488,0.0,0.0001671821449469,0.0,0.0,0.0,0.0,0.0,31,1,0,2,4,6,13
76779.0,0.0,0.0,0.0,0.0,0.0,0.2578830148868831,0.0,0.7421169851131169,71,0,0,2,1,1,10
111400.0,0.9874326750448832,0.0,0.0125673249551166,0.0,0.0,0.0,0.0,0.0,55,0,0,1,5,6,48
318102.0,0.5312761315552873,0.0,0.1499550458657914,0.0018861874493087,0.0,0.0,0.0,0.3168826351296125,38,2,1,4,1,1,11
30000.0,1.0,0.0,0.0,0.0,0.0,0.0,0.0,0.0,22,0,0,3,5,6,40
20001.0,0.999950002499875,0.0,4.999750012499375e-05,0.0,0.0,0.0,0.0,0.0,58,0,0,2,5,4,41
89809.0,0.0,0.0,0.0055896402365019,0.0077831843133761,0.133616898083711,0.4441425692302553,0.0,0.0,72,0,0,1,5,5,12
156700.0,0.4377791959157626,0.0,0.0759412890874282,0.0063816209317166,0.0,0.0,0.0,0.4798978940650925,65,0,0,2,1,1,26
178650.0,0.5373635600335852,0.0,0.0064371676462356,0.0,0.0,0.0,0.0,0.4561992723201791,40,0,0,2,1,1,48
45000.0,1.0,0.0,0.0,0.0,0.0,0.0,0.0,0.0,28,1,0,3,5,6,22
49550.0,0.3027245206861755,0.0,0.0171543895055499,0.0020181634712411,0.0,0.4843592330978809,0.1937436932391523,0.0,77,0,0,1,5,5,51
62800.0,0.589171974522293,0.0,0.0,0.0,0.0,0.0,0.0,0.410828025477707,32,0,0,2,1,1,6
49290.0,0.1927368634611483,0.0,0.0014201663623453,0.0,0.0,0.0754716981132075,0.0,0.0,72,0,0,1,5,4,2
75001.0,0.999986666844442,0.0,1.3333155557925894e-05,0.0,0.0,0.0,0.0,0.0,71,0,0,2,5,4,24
197400.0,0.0,0.6332320162107397,0.011144883485309,0.0,0.0,0.0,0.0,0.3556231003039514,42,2,0,4,1,1,10
319203.0,0.0,0.7832006591416747,0.0037499647559703,0.0156640131828334,0.0,0.0,0.0469920395485004,0.1503933233710209,56,1,0,3,1,1,25
39001.0,0.0,0.0,2.564036819568729e-05,0.0,0.0,0.5384477321094331,0.0,0.0,80,1,0,3,5,4,55
109999.0,1.0000090909917363,0.0,0.0,0.0,0.0,0.0,0.0,0.0,52,1,0,2,4,4,41
13521.0,0.9999260409733008,0.0,7.395902669920864e-05,0.0,0.0,0.0,0.0,0.0,22,0,0,5,5,6,6
9900.0,0.1515151515151515,0.0,0.0,0.0,0.0,0.0,0.0,0.0,19,1,1,4,4,3,48
172572.0,0.8692024198595368,0.0,0.0438773381545094,0.0869202419859536,0.0,0.0,0.0,0.0,49,0,0,1,5,6,36
32120.0,1.0,0.0,0.0,0.0,0.0,0.0,0.0,0.0,27,0,0,6,5,6,12
72403.0,0.9806223499026284,0.0,0.0193776500973716,0.0,0.0,0.0,0.0,0.0,29,0,0,3,5,6,8
104000.0,1.0,0.0,0.0,0.0,0.0,0.0,0.0,0.0,32,3,2,5,4,4,22
202724.0,0.7399222588346718,0.0,0.0079911603954144,0.0147984451766934,0.0,0.0,0.0,0.0005130127661253,53,1,0,3,1,1,40
25000.0,1.0,0.0,0.0,0.0,0.0,0.0,0.0,0.0,49,3,0,4,4,6,1
20000.0,1.0,0.0,0.0,0.0,0.0,0.0,0.0,0.0,28,0,0,3,5,6,6
53010.0,0.9620826259196378,0.0,0.0379173740803621,0.0,0.0,0.0,0.0,0.0,39,0,0,1,5,6,28
29859.0,0.8707592350715028,0.0669814796208848,0.0555276466057135,0.0,0.0,0.3416055460665126,-0.3348739073646137,0.0,73,1,0,3,5,4,36
20000.0,1.0,0.0,0.0,0.0,0.0,0.0,0.0,0.0,58,1,0,3,5,4,36
60005.0,0.8332638946754437,0.0,8.332638946754438e-05,0.0,0.0,0.0,0.0,0.1666527789350887,58,1,0,3,1,1,16
35000.0,1.0,0.0,0.0,0.0,0.0,0.0,0.0,0.0,25,0,0,4,5,6,6
40202.0,0.9949753743594846,0.0,0.0025371872046166,0.0024874384358987,0.0,0.0,0.0,0.0,35,0,0,1,5,6,24
50000.0,1.0,0.0,0.0,0.0,0.0,0.0,0.0,0.0,56,0,0,2,1,1,48
151155.0,0.0,0.0,0.0354007475769905,0.0529258046376236,0.0,0.2050874929707915,0.1455459627534649,0.5610399920611293,67,0,0,2,1,1,40
69378.0,0.0345930986768139,0.0,0.0001441379111533,0.0,0.0,0.3398627807085819,0.0,0.4956758626653982,68,0,0,2,1,1,29
48510.0,0.979179550608122,0.0,0.0208204493918779,0.0,0.0,0.0,0.0,0.0,38,2,0,3,4,4,45
141656.0,0.2117806517196589,0.0,0.0,0.0,0.0,0.1277460891172982,0.0,0.6604732591630429,71,1,0,5,1,1,6
44000.0,1.0,0.0,0.0,0.0,0.0,0.0,0.0,0.0,60,1,0,3,4,4,34
72701.0,0.9078279528479664,0.0,0.0921720471520336,0.0,0.0,0.0,0.0,0.0,24,0,0,2,5,6,39
50000.0,1.0,0.0,0.0,0.0,0.0,0.0,0.0,0.0,36,3,0,5,5,4,6
30303.0,0.99000099000099,0.0,9.9000099000099e-05,0.0,0.0,0.0,0.0,0.0,30,0,0,1,5,6,55
45010.0,0.9997778271495223,0.0,0.0002221728504776,0.0,0.0,0.0,0.0,0.0,32,0,0,2,5,6,19
28000.0,1.0,0.0,0.0,0.0,0.0,0.0,0.0,0.0,32,0,0,5,4,6,12
49821.0,0.0,0.0,0.3617149394833504,0.0,0.0,0.4335521165773469,0.0,0.0,85,1,0,3,5,5,50
197330.0,0.2280443926417676,0.0,3.5473572188719404e-05,0.0,0.0,0.0,0.0,0.7719201337860437,48,3,0,5,1,1,54
29120.0,0.0,0.0,0.0,0.0,0.0,0.0,0.0,0.0,34,0,0,2,5,6,35
50007.0,0.9998600195972565,0.0,0.0001399804027436,0.0,0.0,0.0,0.0,0.0,62,1,0,2,5,6,6
144982.0,0.4034983653143149,0.0,0.0014139686305886,0.0,0.0,0.0,0.0,0.5950876660550964,58,0,0,2,1,1,56
38100.0,0.9711286089238844,0.0,0.0,0.0288713910761154,0.0,0.0,0.0,0.0,38,0,0,3,5,6,48
23000.0,0.0,1.0,0.0,0.0,0.0,0.0,0.0,0.0,25,0,0,2,5,6,55
50150.0,0.0,0.0,0.0029910269192422,0.0,0.0,0.0,0.0,0.0,41,2,0,4,5,6,40
2400.0,1.0,0.0,0.0,0.0,0.0,0.0,0.0,0.0,25,0,0,3,5,6,13
60102.0,0.998302885095338,0.0,0.0016804765232438,0.0,0.0,0.0,1.663838141825563e-05,0.0,46,2,0,3,4,4,20
108956.0,0.0156026285840155,0.0,0.0005047909247769,0.0,0.0,0.0,0.0,0.9838925804912074,43,1,0,4,1,1,13
24400.0,0.9836065573770492,0.0,0.0,0.0,0.0,0.0,0.0,0.0,27,0,0,1,5,6,2
30008.0,0.9997334044254864,0.0,0.0,0.0,0.0,0.0,0.0,0.0002665955745134,48,2,0,6,1,1,36
130500.0,0.9961685823754788,0.0,0.003831417624521,0.0,0.0,0.0,0.0,0.0,26,0,0,2,5,6,8
20000.0,1.0,0.0,0.0,0.0,0.0,0.0,0.0,0.0,25,0,0,1,5,6,48
64373.0,0.0679322076025663,0.0,0.0,0.0,0.0,0.0,0.0,0.9320677923974338,54,0,0,2,1,1,21
90150.0,0.3882418191902385,0.2218524681087077,0.0016638935108153,0.0,0.0,0.0,0.0,0.3882418191902385,32,2,1,4,1,1,19
14600.0,0.3424657534246575,0.0,0.0,0.0,0.0,0.0,0.0,0.0,20,0,0,1,5,6,48
125220.0,0.5190864079220572,0.0,0.0016770483948251,0.0,0.0,0.0,0.0,0.4792365436831177,40,0,0,2,1,1,8
15931.0,0.5410834222584897,0.0,0.0001255413972757,6.277069863787583e-05,0.0,0.0866235641202686,0.0,0.0,80,0,0,1,5,4,39
20137.0,0.9931966032676168,0.0,0.0003476188111436,0.0,0.0,0.0,0.0,0.0,41,1,0,2,4,6,48
90610.0,0.0,0.0,0.0056285178236397,0.0,0.0,0.0,0.0,0.9943714821763602,34,2,1,4,1,1,47
129800.0,0.847457627118644,0.0,0.0,0.0,0.0,0.1525423728813559,0.0,0.0,77,0,0,1,5,4,13
55610.0,0.4315770544866031,0.0,0.0004855241862974,0.0017982377270275,0.0,0.1795360546664269,0.0049451537493256,0.3816579751843194,76,0,0,2,1,1,37
100193.0,0.9980737177247913,0.0,0.0019163015380315,9.980737177247913e-06,0.0,0.0,0.0,0.0,28,0,0,1,5,6,37
172500.0,0.6376811594202898,0.0,0.0127536231884057,0.0,0.0,0.0,0.0,0.0017391304347826,36,3,1,5,1,1,41
136203.0,0.2936792875340484,0.0,0.009177477735439,0.0,0.0264311358780643,0.3791179342598915,0.0,0.278995323157346,65,2,0,4,1,1,53
35000.0,1.0,0.0,0.0,0.0,0.0,0.0,0.0,0.0,43,2,0,3,5,2,4
48779.0,0.6150187580721213,0.0,0.0,0.0,0.0,0.3849812419278788,0.0,0.0,67,0,0,1,5,5,24
47040.0,0.9991496598639455,0.0,0.0008503401360544,0.0,0.0,0.0,0.0,0.0,29,0,0,4,5,6,53
50000.0,1.0,0.0,0.0,0.0,0.0,0.0,0.0,0.0,60,0,0,1,5,4,30
14000.0,1.0,0.0,0.0,0.0,0.0,0.0,0.0,0.0,57,0,0,3,5,6,28
139236.0,0.2772271538969806,0.0,0.0574348588008848,0.0,0.0,0.0,0.0,0.6653379873021346,67,0,0,2,1,1,39
140002.0,0.999985714489793,0.0,1.4285510206997042e-05,0.0,0.0,0.0,0.0,0.0,39,2,0,3,4,4,48
63300.0,0.995260663507109,0.0,0.0,0.0047393364928909,0.0,0.0,0.0,0.0,34,1,0,3,1,1,36
85329.0,0.3164223183208522,0.0,0.0,0.0,0.0,0.0372557981459996,0.0,0.6463218835331481,28,2,1,4,1,1,17
39905.0,0.0,0.0,0.0751785490540032,0.0016288685628367,0.0,0.5112141335672221,0.0,0.3443177546673349,68,0,0,2,1,1,51
20000.0,1.0,0.0,0.0,0.0,0.0,0.0,0.0,0.0,24,1,0,3,5,6,37
60000.0,0.0,0.0,0.0,0.0,0.0,0.0,0.0,1.0,49,0,0,3,1,1,56
81200.0,0.9852216748768472,0.0,0.0147783251231527,0.0,0.0,0.0,0.0,0.0,42,0,0,1,5,4,38
70000.0,0.0,0.0,0.0,0.0,0.0,0.0,0.0,1.0,56,0,0,2,1,1,31
24648.0,0.0,0.0,4.057124310288867e-05,0.0,0.0,0.788664394677053,0.0,0.0,80,0,0,1,5,5,44
36002.0,0.9999444475306928,0.0,5.555246930726071e-05,0.0,0.0,0.0,0.0,0.0,29,0,0,4,5,6,53
86616.0,0.969797727902466,0.0,0.0302022720975339,0.0,0.0,0.0,0.0,0.0,36,0,0,2,5,6,17
105053.0,0.6187353050365054,0.0,1.9038009385738626e-05,0.0,0.0,0.0,0.0,0.3812456569541089,61,0,0,2,1,1,29
120020.0,0.4582569571738044,0.0,0.0,0.0,0.0,0.0,0.0,0.5417430428261957,50,0,0,2,1,1,45
8000.0,1.0,0.0,0.0,0.0,0.0,0.0,0.0,0.0,21,0,0,5,5,6,4
30000.0,0.0,0.0,0.0,0.0,0.0,0.0,0.0,1.0,42,1,0,3,1,1,47
83304.0,0.6122154998559493,0.0,0.0183064438682416,0.0,0.0,0.3694780562758091,0.0,0.0,67,0,0,1,5,5,17
50001.0,0.999980000399992,0.0,1.999960000799984e-05,0.0,0.0,0.0,0.0,0.0,30,0,0,2,5,6,26
155765.0,0.2022277148268224,0.0,1.925978236445928e-05,0.0,0.0,0.0,0.0,0.797753025390813,54,1,0,3,1,1,9
193014.0,0.4403825629228968,0.0,0.0674147989265027,0.0,0.0,0.0,0.0,0.4922026381506005,56,0,0,2,1,1,56
60000.0,1.0,0.0,0.0,0.0,0.0,0.0,0.0,0.0,26,0,0,4,4,6,45
81534.0,0.0353226874678048,0.0,0.3556798390855348,0.0,0.0,0.2806436578605244,0.0,0.2943557288983737,69,1,0,3,1,1,13
211081.0,0.5116519250903682,0.0379001425992865,0.0023687589124554,0.0071062767373662,0.0,0.0,0.0,0.4409728966605237,46,0,0,2,1,1,48
40000.0,1.0,0.0,0.0,0.0,0.0,0.0,0.0,0.0,33,2,0,3,4,3,6
60000.0,1.0,0.0,0.0,0.0,0.0,0.0,0.0,0.0,30,0,0,2,5,6,48
661000.0,0.4326777609682299,0.0,0.0162632375189107,0.0052950075642965,0.0,0.0,0.0,0.5457639939485628,54,0,0,2,1,1,18
116020.0,0.2671953111532494,0.0,8.619203585588692e-05,0.0,0.0,0.0,0.0,0.7327184968108946,36,4,0,6,1,1,32
8006.0,0.7494379215588308,0.0,0.0007494379215588,0.0,0.0,0.0,0.0,0.0,22,0,0,3,5,6,6
24210.0,0.1032631144155307,0.0,8.261049153242462e-05,0.0,0.0,0.8966542750929368,0.0,0.0,69,0,0,2,5,4,27
68465.0,0.0,0.0,0.153436062221573,0.0,0.0,0.3032206236763309,0.3505440736142554,0.0,77,0,0,1,5,4,46
60100.0,0.9983361064891848,0.0,0.0016638935108153,0.0,0.0,0.0,0.0,0.0,31,1,0,3,4,6,12
99280.0,0.9899274778404512,0.0,0.0,0.0100725221595487,0.0,0.0,0.0,0.0,28,1,1,3,4,6,56
35862.0,0.80475154759913,2.7884669008978864e-05,0.0,0.0,0.0,0.0,0.0,0.0,30,1,0,2,4,6,48
45000.0,1.0,0.0,0.0,0.0,0.0,0.0,0.0,0.0,39,4,0,6,1,1,48
96565.0,0.6420545746388443,0.0,0.0001035571894578,0.0,0.0,0.1323357324082224,0.0,0.0,23,1,0,3,4,4,29
136011.0,0.705825264133048,0.0,7.352346501385917e-06,0.0,0.0,0.0,0.0,0.2941673835204506,55,0,0,2,1,1,35
125443.0,0.0,0.4384461468555439,0.0,0.0,0.0,0.0,0.0,0.561553853144456,48,0,0,2,1,1,48
75002.0,0.0,0.3333511106370497,0.0,0.0,0.0,0.0,0.0,0.6666488893629503,43,3,0,5,1,1,13
68504.0,0.9488497022071704,0.0,0.0511502977928296,0.0,0.0,0.0,0.0,0.0,63,0,0,1,5,3,48
34117.0,0.0,0.0,2.9310900723979247e-05,0.0,0.0,0.7185860421490753,0.0,0.0,76,0,0,1,5,5,40
35641.0,0.0,0.0,0.0534777363149182,0.0108021660447237,0.0771583288908841,0.5330939087006538,0.0,0.0,74,0,0,1,5,5,12
200.0,0.0,0.0,0.0,0.0,0.0,0.0,0.0,0.0,25,0,0,4,5,6,6
20000.0,0.0,1.0,0.0,0.0,0.0,0.0,0.0,0.0,33,0,0,1,5,5,6
56000.0,1.0,0.0,0.0,0.0,0.0,0.0,0.0,0.0,25,0,0,2,5,6,20
19603.0,0.9692394021323268,0.0306075600673366,0.0001530378003366,0.0,0.0,0.0,0.0,0.0,25,0,0,3,5,2,48
17610.0,0.1135718341851221,0.0,0.0005678591709256,0.0,0.0,0.8858603066439523,0.0,0.0,73,0,0,3,5,2,46
62100.0,0.4508856682769726,0.2576489533011272,0.001610305958132,0.0,0.0,0.0,0.0,0.2898550724637681,49,1,0,3,1,1,26
204583.0,0.6354389172120851,0.0,0.0266395546061989,0.0,0.0,0.0,0.0,0.337921528181716,42,2,0,4,1,1,39
80350.0,0.9956440572495332,0.0,0.0043559427504667,0.0,0.0,0.0,0.0,0.0,55,1,0,2,5,5,12
83011.0,0.9998674874414234,0.0,0.0001325125585765,0.0,0.0,0.0,0.0,0.0,35,0,0,6,4,6,53
67680.0,0.0,0.0,4.4326241134751776e-05,0.0,0.0,0.4237588652482269,0.0,0.5761968085106383,57,0,0,2,1,1,35
28000.0,1.0,0.0,0.0,0.0,0.0,0.0,0.0,0.0,57,0,0,3,5,6,5
145610.0,0.8241192225808667,0.0,0.0687452784836206,0.0,0.0,0.0,0.0082411922258086,0.0,48,0,0,2,4,5,24
186012.0,0.236543878889534,0.0,0.080672214695826,0.0,0.0,0.0,0.0,0.6827839064146399,40,2,0,4,1,1,38
30000.0,0.0,0.0,0.0,0.0,0.0,0.0,0.0,1.0,37,0,0,2,1,1,6
83558.0,0.9508006414705952,0.0,0.0491993585294047,0.0,0.0,0.0,0.0,0.0,60,0,0,1,5,6,44
167002.0,0.5928072717692003,0.0,5.987952240092933e-06,0.0,0.0,0.0,0.0,0.4071867402785595,53,0,0,2,1,1,36
226809.0,0.5731694950376749,0.0,0.0131917163780978,0.0008685722347878,0.0,0.0,0.0,0.4127702163494394,44,4,1,6,1,1,9
120000.0,1.0,0.0,0.0,0.0,0.0,0.0,0.0,0.0,37,0,0,2,5,4,22
68625.0,0.97632058287796,0.0,0.02367941712204,0.0,0.0,0.0,0.0,0.0,53,2,0,3,4,4,4
91651.0,0.0,0.0,0.0002945958036464,0.0,0.0,0.1517495717449891,0.0,0.8479558324513644,75,0,0,2,1,1,37
125160.0,0.6791307126877597,0.0,0.001278363694471,0.0,0.0,0.0,0.0,0.3195909236177692,45,2,1,4,1,1,6
75600.0,0.7936507936507936,0.0,0.0,0.0,0.0,0.0,0.0,0.2063492063492063,56,0,0,2,1,1,48
36929.0,0.9674781337160496,0.0,2.707898941211514e-05,0.0,0.0,0.0,0.0,0.0,55,1,0,2,5,5,29
95101.0,0.7360595577333572,0.0,0.0010620287904438,0.0,0.0,0.0,0.0,0.0,33,0,0,2,5,4,34
27000.0,1.0,0.0,0.0,0.0,0.0,0.0,0.0,0.0,27,1,1,3,5,6,28
102207.0,0.0,0.0,0.0587141780895633,0.0,0.0,0.2081657812087234,0.0,0.7331200407017132,79,0,0,2,1,1,26
112140.0,0.98091671125379,0.0,0.0021401819154628,0.0035669698591046,0.0,0.0,0.0133761369716425,0.0,46,0,0,1,5,3,13
36601.0,0.0,0.4917898418076009,0.01639299472692,0.0,0.0,0.0,2.732165787820005e-05,0.0,85,0,0,1,5,4,4
225200.0,0.7238010657193605,0.0,0.0008880994671403,0.0,0.0,0.0,0.0,0.2753108348134991,45,3,0,5,1,1,48
550000.0,1.0,0.0,0.0,0.0,0.0,0.0,0.0,0.0,63,0,0,1,5,6,32
44050.0,0.9080590238365494,0.0,0.0908059023836549,0.0,0.0,0.0,0.0011350737797956,0.0,27,0,0,2,5,6,36
12002.0,0.9998333611064822,8.331944675887353e-05,0.0,0.0,0.0,0.0,0.0,0.0,37,0,0,1,5,6,6
105000.0,0.4761904761904761,0.0,0.0,0.0,0.0,0.0,0.0,0.5238095238095238,40,2,0,4,1,1,9
63004.0,0.0,0.0,3.174401625293632e-05,0.0,0.0,0.0,0.0,0.9999682559837472,46,1,0,3,1,1,21
386324.0,0.7221917354345058,0.0,0.002122570691958,0.0038827512657769,0.0,0.0,0.0,0.2718029426077593,64,0,0,2,1,1,41
36470.0,0.9701124211680834,0.0,0.0298875788319166,0.0,0.0,0.0,0.0,0.0,59,0,0,2,5,6,33
146736.0,0.0,0.0,0.0,0.0,0.0,0.1687929342492639,0.0,0.6185803074910042,72,1,0,4,1,1,6
60000.0,1.0,0.0,0.0,0.0,0.0,0.0,0.0,0.0,56,0,0,1,5,4,22
125035.0,0.967265165753589,0.0,0.032734834246411,0.0,0.0,0.0,0.0,0.0,44,0,0,1,5,6,53
138326.0,0.0,0.0650636901233318,0.065078148721137,0.0072292989025924,0.0855370646154735,0.3595853274149473,0.0,0.2179778205109668,74,0,0,2,1,1,40
45051.0,0.9988679496570554,0.0,0.0011320503429446,0.0,0.0,0.0,0.0,0.0,40,4,0,5,4,4,47
27480.0,0.982532751091703,0.0,0.0,0.0,0.0,0.0,0.0,0.0,19,0,0,2,5,6,28
43000.0,1.0,0.0,0.0,0.0,0.0,0.0,0.0,0.0,41,0,0,1,5,6,48
20100.0,0.9950248756218906,0.0,0.0,0.0,0.0,0.0,0.0,0.0,24,0,0,3,5,6,6
9000.0,1.0,0.0,0.0,0.0,0.0,0.0,0.0,0.0,34,2,0,4,5,6,55
86120.0,0.8142127264282397,0.0,0.011611704598235,0.0,0.0,0.0,0.0,0.1741755689735253,49,2,0,4,1,1,49
54248.0,0.9954284028904292,0.0,0.0045715971095708,0.0,0.0,0.0,0.0,0.0,43,0,0,1,5,2,10
83240.0,0.0,0.0,0.0,0.0,0.0,0.0389235944257568,0.0,0.0,76,1,0,2,5,4,11
119030.0,0.8401243384020836,0.0,0.0031000588087036,0.0,0.0,0.0,0.0,0.1567756027892128,41,0,0,2,1,1,9
62201.0,0.9324608929116897,0.0,0.0,0.0,0.0,0.0,1.6076911946753267e-05,0.0,48,0,0,4,1,1,39
110010.0,0.9999090991728024,0.0,9.09008271975275e-05,0.0,0.0,0.0,0.0,0.0,39,0,0,2,5,4,29
88259.0,0.0,0.0,0.0,0.0,0.0,0.3725399109439264,0.0,0.4099185352202041,67,0,0,2,1,1,6
144611.0,0.359585370407507,0.0,4.84057229394721e-05,0.0,0.0,0.1742606025820995,0.0,0.4661056212874539,72,1,0,3,1,1,36
87654.0,0.9991101375864192,0.0,0.0005932416090537,0.0,0.0,0.0,0.0,0.0002966208045268,31,5,1,7,1,1,27
152122.0,0.2103574762361788,0.0,0.0131604896070259,0.0,0.0,0.1534229105586305,0.0,0.4127016473619858,63,0,0,2,1,1,4
12553.0,0.0,0.0,7.966223213574445e-05,0.0,0.0,0.9999203377678644,0.0,0.0,70,0,0,1,5,5,1
140221.0,0.4992119582658803,0.0,0.0008557919284557,0.0,0.0,0.0,0.0,0.4999322498056639,36,0,0,2,1,1,22
100573.0,0.0,0.0,0.0028337625406421,0.0,0.0,0.2799160808566912,0.0,0.3607031708311375,71,0,0,2,1,1,15
44000.0,1.0,0.0,0.0,0.0,0.0,0.0,0.0,0.0,19,0,0,1,5,6,53
30000.0,1.0,0.0,0.0,0.0,0.0,0.0,0.0,0.0,24,1,1,3,4,6,22
325000.0,0.9230769230769232,0.0,0.0,0.0,0.0,0.0,0.0,0.0769230769230769,38,1,0,3,1,1,41
122000.0,0.3688524590163934,0.0,0.0,0.0,0.0,0.0,0.0,0.6311475409836066,38,1,0,3,1,1,51
128300.0,0.0,0.0,0.1925175370226032,0.0218238503507404,0.5237724084177708,0.2618862042088854,0.0,0.0,68,0,0,1,5,4,8
28876.0,0.0,0.0,0.0043288544119684,0.0,0.207785011774484,0.7447014821997506,0.0,0.0,85,0,0,1,5,5,56
33202.0,0.7529666887536896,0.0,0.0060839708451298,0.0,0.0,0.0,0.0,0.0,21,0,0,1,5,6,38
102989.0,0.0,0.0,0.0121469283127324,0.0,0.4860421986814126,0.0,0.0,0.0131081960209342,74,0,0,2,1,1,36
94072.0,0.7972616719108768,0.0,0.0005315077812739,0.0002126031125095,0.0,0.0,0.0,0.2019942171953397,54,0,0,2,1,1,49
44020.0,0.9995456610631532,0.0,0.0004543389368468,0.0,0.0,0.0,0.0,0.0,23,0,0,2,5,6,27
70005.0,0.9999285765302478,0.0,7.142346975216056e-05,0.0,0.0,0.0,0.0,0.0,26,0,0,1,5,6,35
30000.0,1.0,0.0,0.0,0.0,0.0,0.0,0.0,0.0,57,0,0,1,5,3,34
35000.0,1.0,0.0,0.0,0.0,0.0,0.0,0.0,0.0,71,0,0,1,5,6,12
35010.0,0.9997143673236218,0.0,0.0002856326763781,0.0,0.0,0.0,0.0,0.0,62,1,0,3,5,4,48
33179.0,0.4701769191355978,0.0,0.0,0.0,0.0,0.5298230808644022,0.0,0.0,69,1,0,2,5,5,12
47186.0,0.4662399864366549,0.0,6.357817996863477e-05,0.0953672699529521,0.0,0.3454838299495613,0.0,2.119272665621159e-05,63,1,0,3,1,1,41
55001.0,0.9999818185123908,0.0,1.8181487609316193e-05,0.0,0.0,0.0,0.0,0.0,48,0,0,2,5,6,33
56184.0,0.1423892923252171,0.0,0.0,0.0,0.0,0.0976078598889363,0.0978926384735867,0.0,67,0,0,1,5,5,39
24128.0,1.0,0.0,0.0,0.0,0.0,0.0,0.0,0.0,38,0,0,3,5,6,1
86570.0,0.0,0.0,0.0810904470370798,0.0005082592121982,0.046205382927111,0.0334989026221554,0.0,0.8386970082014554,77,0,0,2,1,1,16
27110.0,0.1106602729620066,0.0,0.0040575433419402,0.0,0.0,0.0,0.0,0.0,24,0,0,1,5,6,6
30000.0,1.0,0.0,0.0,0.0,0.0,0.0,0.0,0.0,42,1,0,3,5,4,48
86040.0,0.99953509995351,0.0,0.00046490004649,0.0,0.0,0.0,0.0,0.0,41,0,0,2,5,6,15
39801.0,0.8793748900781387,0.0,2.5124996859375393e-05,0.0,0.0,0.0,0.1205999849250018,0.0,25,0,0,1,5,6,12
93237.0,0.0,0.0,0.0542488497055889,0.0,0.0,0.4073382884477192,0.0,0.0,85,0,0,1,5,5,15
130250.0,0.9980806142034548,0.0,0.0019193857965451,0.0,0.0,0.0,0.0,0.0,38,3,0,5,4,4,6
90500.0,0.9171270718232044,0.0,0.0817679558011049,0.0011049723756906,0.0,0.0,0.0,0.0,27,0,0,1,5,6,6
63001.0,0.9999841272360755,0.0,1.5872763924382153e-05,0.0,0.0,0.0,0.0,0.0,40,0,0,2,5,6,17
8000.0,1.0,0.0,0.0,0.0,0.0,0.0,0.0,0.0,55,2,0,3,4,3,30
55621.0,0.7191528379568868,0.0,0.0003775552399273,0.0,0.0,0.0,0.0,0.2804696068031858,62,1,0,3,1,1,48
381410.0,0.8468577121732519,0.0,0.0662148344301408,0.0039327757531265,0.0,0.0,0.0,0.0829946776434807,45,2,0,4,1,1,6
6630.0,1.0,0.0,0.0,0.0,0.0,0.0,0.0,0.0,47,0,0,2,5,5,12
261068.0,0.766083932155607,0.0,0.1648229580032788,0.0,0.0,0.0,0.0,0.0640675992461734,47,3,0,5,1,1,2
169000.0,0.9467455621301776,0.0,0.0473372781065088,0.0059171597633136,0.0,0.0,0.0,0.0,30,0,0,1,5,6,53
22920.0,0.100523560209424,0.0,0.0,0.0,0.0,0.0,0.0,0.0,43,0,0,5,5,2,6
15800.0,0.0,0.0,0.3670886075949367,0.6329113924050633,0.0,0.0,0.0,0.0,58,0,0,1,5,6,25
44974.0,0.0,0.0,0.0146529105705518,0.155512073642549,0.0186774580868946,0.5976786587806288,2.223506915106506e-05,0.0,75,0,0,1,5,5,26
50000.0,1.0,0.0,0.0,0.0,0.0,0.0,0.0,0.0,29,2,1,4,1,1,44
68500.0,0.2627737226277372,0.0,0.2518248175182482,0.0,0.0,0.0,0.0,0.4854014598540146,54,1,0,3,1,1,6
95701.0,0.5224605803492126,0.0,0.0053290979195619,0.0,0.0,0.0,0.0,0.4722103217312254,58,1,0,3,1,1,15
23371.0,0.9841256257755338,0.0,0.0158743742244662,0.0,0.0,0.0,0.0,0.0,30,0,0,2,5,6,34
50009.0,0.9830030594492992,0.0,0.0169969405507008,0.0,0.0,0.0,0.0,0.0,39,1,0,2,4,4,5
118325.0,0.8451299387280794,0.0,8.451299387280794e-06,0.0,0.0,0.0,0.0,0.1548616099725333,39,0,0,3,1,1,1
83600.0,0.992822966507177,0.0,0.0071770334928229,0.0,0.0,0.0,0.0,0.0,46,0,0,1,5,2,56
85819.0,0.0,0.0,0.0017711695545275,0.0,0.0,0.1508640277793961,0.0,0.841538587026183,29,0,0,2,1,1,15
59000.0,1.0,0.0,0.0,0.0,0.0,0.0,0.0,0.0,34,0,0,2,4,6,6
62001.0,0.9999838712278836,0.0,1.6128772116578765e-05,0.0,0.0,0.0,0.0,0.0,23,0,0,2,5,6,4
239060.0,0.5856270392370116,0.0,0.0001882372626118,0.0,0.0,0.0,0.0,0.4141847235003765,43,3,0,5,1,1,17
67078.0,0.6484987626345449,0.193804227913772,7.454008765914309e-05,1.4908017531828618e-05,0.0,0.1576075613464921,0.0,0.0,71,0,0,2,5,5,8
60005.0,0.9999166736105324,0.0,8.332638946754438e-05,0.0,0.0,0.0,0.0,0.0,51,2,0,4,5,4,13
164000.0,0.0853658536585365,0.0,0.0,0.0,0.0,0.0,0.0,0.9146341463414634,44,1,0,3,1,1,5
341135.0,0.1905404018936784,0.0,0.0011872132733375,0.0,0.0,0.0,0.0,0.808272384832984,43,0,0,2,1,1,25
113716.0,0.0,0.0,0.0268212037004467,0.0065953779591262,0.1407013964613598,0.2237152203735622,0.0,0.5995286503218544,75,0,0,2,1,1,8
16000.0,1.0,0.0,0.0,0.0,0.0,0.0,0.0,0.0,19,0,0,4,5,6,50
76002.0,0.9868161364174628,0.0,0.0131838635825373,0.0,0.0,0.0,0.0,0.0,34,2,2,4,5,6,30
20651.0,0.0,0.0,0.0,0.0,0.0,0.8872693816280083,0.0,0.0,80,0,0,1,5,5,1
35500.0,0.9859154929577464,0.0,0.0140845070422535,0.0,0.0,0.0,0.0,0.0,25,1,0,5,4,6,8
140000.0,1.0,0.0,0.0,0.0,0.0,0.0,0.0,0.0,40,0,0,3,5,6,6
1090500.0,0.0,0.0,0.0158651994497936,0.917009628610729,0.0,0.0275103163686382,0.0,0.0,67,0,0,1,5,2,6
70000.0,1.0,0.0,0.0,0.0,0.0,0.0,0.0,0.0,28,0,0,2,5,6,12
232581.0,0.4815526633731904,0.0,8.599154703092686e-06,0.0107489433788658,0.0,0.0,0.1074894337886585,0.400200360304582,66,0,0,2,1,1,34
120000.0,0.0,0.0,0.0,0.0,0.0,0.0,0.0,1.0,47,1,0,3,1,1,25
38000.0,1.0,0.0,0.0,0.0,0.0,0.0,0.0,0.0,61,0,0,2,5,2,45
63304.0,0.3148774169088841,0.0,0.0,0.0,0.0,0.0,0.0,0.6851225830911158,32,2,0,4,1,1,40
48000.0,1.0,0.0,0.0,0.0,0.0,0.0,0.0,0.0,30,0,0,4,5,6,1
38855.0,0.0,0.0,0.0,0.0,0.0,0.48179127525415,0.0,0.51820872474585,36,0,0,2,1,1,51
108053.0,0.8514340184909257,0.0,1.8509435184585344e-05,0.018879623888277,0.0,0.0,0.0,0.1296678481856126,51,2,0,4,1,1,37
60000.0,1.0,0.0,0.0,0.0,0.0,0.0,0.0,0.0,27,1,1,5,4,6,34
50100.0,0.998003992015968,0.0,0.0019960079840319,0.0,0.0,0.0,0.0,0.0,28,0,0,2,5,6,44
83500.0,1.0,0.0,0.0,0.0,0.0,0.0,0.0,0.0,58,1,0,2,5,4,40
122821.0,0.0,0.0,0.0408806311624233,0.0,0.7246317812100537,0.2344875876275229,0.0,0.0,71,0,0,1,5,6,9
60000.0,0.3333333333333333,0.6666666666666666,0.0,0.0,0.0,0.0,0.0,0.0,56,0,0,2,5,4,48
35000.0,1.0,0.0,0.0,0.0,0.0,0.0,0.0,0.0,37,0,0,1,5,2,37
47000.0,1.0,0.0,0.0,0.0,0.0,0.0,0.0,0.0,24,0,0,1,5,6,12
43801.0,0.9817127462843314,0.0,0.0182872537156685,0.0,0.0,0.0,0.0,0.0,36,0,0,1,5,4,45
88145.0,0.0,0.0,0.2881955868171762,0.0992682511770378,0.0,0.340348289749844,0.0,0.2721878722559419,80,0,0,2,1,1,12
210524.0,0.7125078375862135,0.0,0.0024700271702988,0.0,0.0,0.0,0.0,0.2850221352434877,29,0,0,2,1,1,48
55750.0,0.9865470852017936,0.0,0.0134529147982062,0.0,0.0,0.0,0.0,0.0,27,0,0,2,5,6,8
156730.0,0.6380399413003254,0.0,0.0011165698972755,0.0007975499266254,0.0,0.0,0.0,0.3600459388757736,45,2,0,4,1,1,8
65000.0,1.0,0.0,0.0,0.0,0.0,0.0,0.0,0.0,36,0,0,2,5,6,6
62265.0,0.0,0.0,0.0,1.6060387055328034e-05,0.0,0.4378703926764635,0.5621135469364812,0.0,76,0,0,1,5,5,36
22810.0,0.7014467338886453,0.0,0.0004384042086804,0.008768084173608,0.0,0.0,0.0,0.0,23,0,0,2,5,6,13
72114.0,0.0,0.0,0.0007904151759713,0.0,0.0,0.0,0.0,0.6941370607649,72,0,0,2,1,1,12
13100.0,0.9923664122137404,0.0,0.0076335877862595,0.0,0.0,0.0,0.0,0.0,26,1,1,3,4,6,35
77000.0,0.6623376623376623,0.0,0.0,0.0,0.0,0.0,0.0,0.3376623376623376,32,0,0,2,1,1,21
102100.0,0.9794319294809012,0.0,0.0205680705190989,0.0,0.0,0.0,0.0,0.0,37,0,0,2,5,6,11
28050.0,0.998217468805704,0.0,0.0017825311942959,0.0,0.0,0.0,0.0,0.0,35,2,1,4,1,1,16
71819.0,0.835433520377616,0.0,0.0008215096283713,0.0,0.0,0.0,0.0,0.1637449699940127,58,2,0,4,1,1,48
213000.0,0.2488262910798122,0.0,0.0,0.0,0.0,0.0,0.0,0.7511737089201878,40,0,0,6,1,1,6
46008.0,0.9998261171970092,0.0,0.0001738828029907,0.0,0.0,0.0,0.0,0.0,44,0,0,2,5,6,53
127535.0,0.6664837103540204,0.0,0.0,0.0,0.0,0.0,0.0,0.3335162896459795,54,0,0,2,1,1,20
27503.0,0.9089917463549432,0.0,3.6359669854197727e-05,0.0908991746354943,0.0,0.0,0.0,7.271933970839545e-05,47,1,0,3,1,1,18
364395.0,0.7409541843329354,0.0,0.0060319159154214,0.0,0.0,0.0,0.0,0.2530138997516431,39,3,0,5,1,1,24
101602.0,0.974390267908112,0.0,0.0256097320918879,0.0,0.0,0.0,0.0,0.0,40,0,0,1,5,6,11
71100.0,0.5766526019690577,0.1828410689170183,0.0154711673699015,0.0,0.0,0.0,0.0,0.0843881856540084,31,1,1,6,1,1,29
110001.0,0.0909082644703229,0.90908264470323,0.0,0.0,0.0,0.0,9.0908264470323e-06,0.0,43,0,0,1,5,6,41
20300.0,0.7635467980295566,0.0,0.0,0.0,0.0,0.0,0.0,0.0,19,0,0,1,5,6,1
596578.0,0.3352453493088917,0.0,0.0005045442507098,0.0016762267465444,0.0,0.0,0.0251434011981668,0.637430478495687,55,1,0,3,1,1,32
62000.0,1.0,0.0,0.0,0.0,0.0,0.0,0.0,0.0,45,0,0,2,5,6,12
144200.0,0.5547850208044383,0.0,0.0208044382801664,0.0,0.0,0.0,0.0,0.4244105409153952,34,1,1,3,1,1,38
25000.0,1.0,0.0,0.0,0.0,0.0,0.0,0.0,0.0,22,0,0,5,5,6,47
75000.0,1.0,0.0,0.0,0.0,0.0,0.0,0.0,0.0,50,2,0,5,1,1,17
52203.0,0.9577993601900274,0.0,5.746796161140164e-05,0.0,0.0,0.0,0.0,0.0,34,1,1,2,4,4,5
25000.0,1.0,0.0,0.0,0.0,0.0,0.0,0.0,0.0,47,0,0,3,5,6,6
70220.0,0.0,0.9968669894616918,0.0031330105383081,0.0,0.0,0.0,0.0,0.0,37,0,0,1,5,4,36
107369.0,0.9313675269398056,0.0,0.0034367461744078,0.0,0.0,0.0,0.0,0.0651957268857864,49,0,0,2,1,1,53
10400.0,1.0,0.0,0.0,0.0,0.0,0.0,0.0,0.0,31,0,0,5,5,6,15
422121.0,0.4264180175826362,0.0,0.0095233357260122,0.3316584581198282,0.0,0.0,0.0,0.2324001885715233,46,2,0,4,1,1,48
406200.0,0.4923682914820285,0.0,0.0073855243722304,0.0024618414574101,0.0,0.0,0.0,0.4977843426883309,39,2,0,4,1,1,6
163603.0,0.4889885882288222,0.0,0.0,0.0,0.0,0.0,0.0,0.4021992261755591,41,1,0,3,1,1,20
270010.0,0.9999629643346544,0.0,3.7035665345727935e-05,0.0,0.0,0.0,0.0,0.0,32,0,0,5,5,6,5
185144.0,0.9182042086159962,0.0,0.0817957913840038,0.0,0.0,0.0,0.0,0.0,32,0,0,1,5,6,11
26001.0,0.9230414214837892,0.0,3.846005922849121e-05,0.0,0.0,0.0,0.0,0.0,77,0,0,4,5,4,12
122721.0,0.0,0.0,0.0558584105409832,0.0040742823151701,0.0,0.0,0.0,0.5315797622248841,67,0,0,2,1,1,6
66166.0,0.0,0.0,0.0307559773902004,0.0,0.2418160384487501,0.3280687966629386,0.0,0.0,80,0,0,1,5,5,24
40600.0,0.6157635467980296,0.0,0.0,0.0,0.0,0.0,0.0,0.0,41,3,0,4,4,4,13
6700.0,1.0,0.0,0.0,0.0,0.0,0.0,0.0,0.0,35,0,0,4,5,6,41
75605.0,0.991997883737848,0.0,0.0079359830699027,6.613319224918987e-05,0.0,0.0,0.0,0.0,33,0,0,3,5,6,6
60000.0,1.0,0.0,0.0,0.0,0.0,0.0,0.0,0.0,24,0,0,3,5,6,6
19779.0,0.1718994893573992,0.0,0.0,0.0,0.0,0.8281005106426007,0.0,0.0,52,1,0,4,4,3,22
40000.0,1.0,0.0,0.0,0.0,0.0,0.0,0.0,0.0,58,0,0,5,5,4,35
80982.0,0.9878738485095452,0.0,0.0121261514904546,0.0,0.0,0.0,0.0,0.0,55,0,0,2,5,4,53
122000.0,0.9836065573770492,0.0,0.0163934426229508,0.0,0.0,0.0,0.0,0.0,26,0,0,1,5,6,56
54100.0,1.0,0.0,0.0,0.0,0.0,0.0,0.0,0.0,23,0,0,5,5,6,33
100025.0,0.9997500624843788,0.0,0.000249937515621,0.0,0.0,0.0,0.0,0.0,36,3,0,5,5,4,40
78000.0,1.0,0.0,0.0,0.0,0.0,0.0,0.0,0.0,44,1,0,3,5,6,42
152450.0,0.8396195473925877,0.0,0.1551328304362086,0.0052476221712036,0.0,0.0,0.0,0.0,31,0,0,1,5,6,11
90700.0,0.4410143329658214,0.0,0.0077177508269018,0.0,0.0,0.0,0.0,0.5512679162072768,44,0,0,2,1,1,56
78955.0,0.6132860490152618,0.0,1.2665442340573744e-05,0.0,0.0,0.0,0.0,0.3166360585143436,29,2,0,4,1,1,16
58601.0,0.996570024402314,0.0,0.003429975597686,0.0,0.0,0.0,0.0,0.0,28,1,1,3,1,1,18
34401.0,0.8139298276212901,0.0,2.9068922415046075e-05,0.0,0.0,0.0,0.0,0.0,31,0,0,3,5,6,9
67600.0,0.591715976331361,0.0,0.0,0.0,0.0,0.0,0.0,0.0,29,0,0,1,5,6,36
45285.0,0.0,0.0,0.0001104118361488,0.0,0.0,0.4372308711493872,0.0,0.0,85,0,0,1,5,5,41
155371.0,0.6307483378494056,0.0,0.0148097135244028,0.0,0.0,0.0,0.0,0.3544419486261915,39,1,1,3,1,1,13
70570.0,0.9919229134193,0.0,0.0080770865807,0.0,0.0,0.0,0.0,0.0,59,0,0,2,5,4,50
147700.0,0.5280974949221394,0.0,0.0030467163168584,0.0,0.0,0.0,0.0,0.468855788761002,42,2,0,4,1,1,6
42000.0,1.0,0.0,0.0,0.0,0.0,0.0,0.0,0.0,42,0,0,2,1,1,12
70501.0,0.9219727379753478,0.0425525879065545,0.0354604899221287,0.0,0.0,0.0,0.0,0.0,29,2,2,4,1,1,5
108506.0,0.4423718504045859,0.0,0.0046356883490313,0.0,0.0,0.0,0.0,0.5529924612463827,64,0,0,2,1,1,54
205614.0,0.0,0.0729522308792202,5.349830264476154e-05,0.0,0.0,0.0,0.0,0.9269942708181348,57,1,0,3,1,1,34
86060.0,0.0,0.0,0.0,0.0,0.0,0.1157332093887985,0.0,0.8842667906112015,65,1,0,3,1,1,22
66600.0,0.3603603603603603,0.0,0.0,0.0,0.0,0.0,0.0,0.5555555555555556,24,0,0,3,1,1,47
54000.0,1.0,0.0,0.0,0.0,0.0,0.0,0.0,0.0,46,1,0,4,1,1,34
24000.0,1.0,0.0,0.0,0.0,0.0,0.0,0.0,0.0,50,0,0,2,5,4,9
31812.0,0.0,0.0,0.0005029548598013,0.0,0.0,0.5865711052433044,0.0004715201810637,0.0,73,0,0,5,5,6,10
28824.0,0.3469331112961421,0.0,0.0034693311129614,0.0013877324451845,0.0,0.6482098251457119,0.0,0.0,60,1,0,2,4,4,23
193300.0,0.7242628039317124,0.0,0.0843248836006207,0.0,0.0,0.0,0.0,0.1914123124676668,32,1,1,3,1,1,17
118839.0,0.0416277484664125,0.0,0.0016829492001783,0.0,0.0,0.0,0.0,0.9566893023334092,32,2,0,4,1,1,48
80100.0,0.9987515605493134,0.0,0.0012484394506866,0.0,0.0,0.0,0.0,0.0,32,2,1,4,4,6,1
119016.0,0.4285138132688041,0.0,0.038969550312563,0.0,0.0,0.0,0.0,0.5325166364186328,38,4,1,7,1,1,56
122721.0,0.0,0.0,5.703995241238256e-05,0.0,0.0,0.3094743360956967,0.0,0.4684202377751159,76,0,0,2,1,1,41
76000.0,0.0,0.986842105263158,0.0131578947368421,0.0,0.0,0.0,0.0,0.0,48,2,0,4,1,1,47
40000.0,1.0,0.0,0.0,0.0,0.0,0.0,0.0,0.0,21,0,0,7,5,6,6
56883.0,0.2109593375876799,0.0,0.0,0.0,0.0,0.3712884341543168,0.0,0.3164917462159168,60,1,0,5,1,1,48
217001.0,0.4700439168483094,0.0,0.4838733462057779,0.0460827369459126,0.0,0.0,0.0,0.0,55,0,0,1,5,6,47
169650.0,0.0,0.0,0.013262599469496,0.0001473622163277,0.0707338638373121,0.1131741821396993,0.0589448865310934,0.7437371058060713,70,0,0,2,1,1,4
160600.0,0.99626400996264,0.0,0.0037359900373599,0.0,0.0,0.0,0.0,0.0,49,0,0,1,5,6,32
276856.0,0.5129020140434016,0.0,0.0289211720172219,0.0,0.0,0.0,3.611986014390153e-06,0.4551391337012743,69,0,0,2,1,1,44
201030.0,0.5969258319653783,0.0,0.0050489976620404,0.0,0.0,0.0,0.0,0.3980251703725812,51,2,0,4,1,1,48
103027.0,0.1087093674473681,0.0,0.0002426548380521,0.0,0.0,0.0,0.0,0.8910479777145797,43,3,0,5,1,1,10
55306.0,0.9944671464217264,0.0,0.004628792536072,0.0009040610422015,0.0,0.0,0.0,0.0,37,0,0,2,5,6,30
154640.0,0.2909984480082773,0.0,0.0035631143300569,0.0,0.0,0.0,0.0,0.7054384376616658,48,0,0,3,1,1,35
132500.0,0.5283018867924528,0.0,0.0,0.0,0.0,0.0,0.0,0.4716981132075472,30,1,1,7,1,1,24
59435.0,0.5047530916126861,0.0,0.0,0.0,0.0,0.3432321022966265,0.0,0.1520148060906873,70,0,0,2,1,1,48
169436.0,0.5901933473405888,0.0,0.1369956797846974,0.0072180646379754,0.0,0.0,0.0,0.2655929082367383,40,1,0,3,1,1,29
38401.0,0.0,0.0,2.6040988515924066e-05,0.0,0.0,0.499986979505742,0.0,0.0,76,0,0,1,5,5,23
140000.0,0.0,0.8928571428571429,0.1071428571428571,0.0,0.0,0.0,0.0,0.0,39,0,0,2,5,6,36
77295.0,0.0,0.0,0.0003234361860404,0.0,0.0,0.0,0.0,0.9996765638139596,37,3,1,5,1,1,48
29001.0,0.0,0.0,0.0008965208096272,0.0,0.0122409572083721,0.7158373849177615,0.0,0.0,65,0,0,2,5,4,25
24001.0,0.9999583350693722,0.0,4.1664930627890504e-05,0.0,0.0,0.0,0.0,0.0,61,0,0,2,5,3,17
105000.0,1.0,0.0,0.0,0.0,0.0,0.0,0.0,0.0,61,0,0,1,5,2,19
60640.0,0.0,0.0,0.1022427440633245,0.0,0.3298153034300791,0.5679419525065963,0.0,0.0,66,0,0,1,5,4,47
319021.0,0.3698816065400083,0.0,3.448048874525502e-05,0.0,0.0,0.0,0.0,0.6300839129712464,51,2,0,4,1,1,25
160012.0,0.5624578156638252,0.031247656425768,6.874484413668975e-05,0.0,0.0,0.0,0.0,0.3874771892108092,34,0,0,2,1,1,32
176906.0,0.0,0.0,0.0022893514069618,0.9044351237380304,0.0,0.0932698721354843,5.65271952336269e-06,0.0,68,0,0,1,5,6,44
24444.0,0.9409261986581574,0.0,0.0,0.0,0.0,0.0,0.0,0.0,35,4,1,6,4,6,46
109025.0,0.871359779867003,0.0366888328365053,0.0919513872964916,0.0,0.0,0.0,0.0,0.0,40,0,0,1,5,6,17
56160.0,0.9971509971509972,0.0,0.0028490028490028,0.0,0.0,0.0,0.0,0.0,51,1,0,4,5,6,36
8000.0,0.0,1.0,0.0,0.0,0.0,0.0,0.0,0.0,53,0,0,2,5,4,13
35000.0,1.0,0.0,0.0,0.0,0.0,0.0,0.0,0.0,24,0,0,3,5,6,6
50001.0,0.999980000399992,0.0,1.999960000799984e-05,0.0,0.0,0.0,0.0,0.0,24,0,0,3,5,6,29
121531.0,0.0246850597789864,0.0,0.001193111222651,0.0,0.0,0.0,0.0,0.9741218289983624,61,0,0,3,1,1,36
78022.0,0.9997180282484428,0.0,0.0002819717515572,0.0,0.0,0.0,0.0,0.0,36,0,0,1,5,6,45
48750.0,0.0,0.0,0.0016,0.0,0.0,0.8123076923076923,0.0,0.0,77,0,0,1,5,6,17
42100.0,0.9501187648456056,0.0,0.002375296912114,0.0,0.0,0.0,0.0,0.0,25,0,0,9,5,6,6
59689.0,0.0,0.0,1.675350567106167e-05,0.0,0.0,0.2874901573154182,0.0,0.251302585065925,72,0,0,2,1,1,6
65479.0,0.2596252233540524,0.0,0.0,0.0,0.0,0.5250385619817041,0.0,0.2153362146642435,75,0,0,2,1,1,23
35000.0,1.0,0.0,0.0,0.0,0.0,0.0,0.0,0.0,43,3,1,4,4,6,22
155429.0,0.4825354341853837,0.0,0.0027472350719621,0.0,0.0,0.0,0.0,0.5147173307426542,29,1,1,3,1,1,42
300512.0,0.3726972633372378,0.0,0.0043725375359386,0.0,0.0,0.0,0.0532424661910339,0.5696877329357896,68,1,0,7,1,1,48
98279.0,0.9768109158619848,0.0,0.0229448814090497,0.0002442027289654,0.0,0.0,0.0,0.0,58,0,0,2,5,4,5
23026.0,1.3028750108572915,0.0,0.0011291583427429,0.0,0.0,0.0,0.0,0.0,61,0,0,1,5,5,23
135600.0,0.4424778761061947,0.0,0.0,0.0,0.0,0.0,0.0,0.2654867256637168,64,2,0,4,1,1,35
161915.0,0.1723126331717259,0.0,3.088040020998672e-05,0.0,0.0,0.0,0.0,0.8276564864280641,40,4,0,6,1,1,1
300681.0,0.6984145988605864,0.0,0.006651567608196,0.001662891902049,0.0,0.0,0.0,0.2932709416291684,41,2,0,4,1,1,53
122400.0,0.5065359477124183,0.0,0.011437908496732,0.0008169934640522,0.0,0.0,0.0,0.2459150326797385,44,3,0,5,1,1,42
55000.0,0.0,0.0,0.0,0.0,0.0,0.0,0.0,1.0,28,2,1,4,1,1,4
271134.0,0.7007605095635369,0.0,0.0553268863366453,0.0368821320822914,0.0,0.0,0.0,0.2070304720175264,32,1,1,3,1,1,42
42000.0,1.0,0.0,0.0,0.0,0.0,0.0,0.0,0.0,51,0,0,2,4,4,29
140341.0,0.4132790845155727,0.0,0.0444631290927099,0.0,0.0,0.0,0.0,0.5294318837688202,29,2,0,4,1,1,2
184650.0,0.8069320335770377,0.0,0.0568643379366368,0.000541565123206,0.0,0.0,0.0,0.1356620633631194,60,1,0,3,1,1,17
90000.0,0.6666666666666666,0.0,0.0,0.0,0.0,0.0,0.0,0.3333333333333333,45,2,1,4,1,1,34
109042.0,0.4952220245410025,0.0,0.0065754479925166,0.0,0.0,0.0,0.0,0.4982025274664808,27,0,0,2,1,1,35
16000.0,1.0,0.0,0.0,0.0,0.0,0.0,0.0,0.0,30,0,0,1,5,6,22
47001.0,0.4680751473372907,0.0,0.0,0.0,0.0,0.0,0.0,0.5319248526627093,41,2,0,4,1,1,13
10030.0,0.9970089730807578,0.0,0.0029910269192422,0.0,0.0,0.0,0.0,0.0,20,0,0,1,5,6,36
226013.0,0.0,0.0,4.424524253029693e-06,0.0,0.0,0.0,0.0,0.999995575475747,40,2,0,4,1,1,42
30000.0,0.0,1.0,0.0,0.0,0.0,0.0,0.0,0.0,34,2,0,4,4,5,16
90010.0,0.3332963004110654,0.0,5.554938340184424e-05,0.0,0.0,0.0,0.0,0.6666481502055327,30,1,1,3,1,1,45
45002.0,0.4888671614594906,0.0,2.222123461179503e-05,0.0,0.0,0.0,0.0,0.5111106173058975,52,2,0,4,1,1,48
57504.0,0.8695047301057318,0.0,0.043544796883695,0.0869504730105731,0.0,0.0,0.0,0.0,63,0,0,1,5,6,35
299501.0,0.11686104553908,0.0,0.0120199932554482,0.0,0.0,0.0,0.0,0.8711189612054717,55,1,0,3,1,1,8
90510.0,0.0,0.0,0.0,0.0,0.0,0.0,0.0,1.0,34,3,0,5,1,1,47
156435.0,0.0,0.0,7.67091763352191e-05,0.0,0.2849873749480615,0.0997219292357848,0.0,0.5707993735417266,69,0,0,2,1,1,6
36001.0,0.9999722229938056,0.0,2.777700619427238e-05,0.0,0.0,0.0,0.0,0.0,22,0,0,1,5,6,36
24500.0,0.3265306122448979,0.0,0.0,0.0,0.0,0.0,0.0,0.6530612244897959,27,1,1,3,1,1,56
44323.0,0.992712587144372,0.0,0.007287412855628,0.0,0.0,0.0,0.0,0.0,24,0,0,3,5,6,36
122800.0,0.0,0.0,0.1856677524429967,0.0,0.0,0.0,0.0,0.0,60,0,0,1,5,4,10
52050.0,0.7684918347742555,0.0,0.0005763688760806,0.0,0.0,0.0,0.0,0.2309317963496638,31,2,0,4,1,1,18
135005.0,0.9999629643346544,0.0,3.7035665345727935e-05,0.0,0.0,0.0,0.0,0.0,29,0,0,2,5,6,25
570125.0,0.0,0.1052400789300592,0.1024985748739311,0.0131550098662574,0.0,0.0,0.0,0.7285910984433238,70,0,0,2,1,1,48
128268.0,0.5769170798640347,0.0,2.3388530264758163e-05,0.0,0.0,0.0,0.0,0.4230595316057006,48,1,0,3,1,1,1
50760.0,0.4925137903861308,0.0,0.0,0.0,0.0,0.0,0.0,0.5074862096138691,59,1,0,3,1,1,34
30000.0,1.0,0.0,0.0,0.0,0.0,0.0,0.0,0.0,55,0,0,4,5,6,9
216293.0,0.4854526036441309,0.138709990614583,0.0052752516262662,0.0,0.0,0.0,0.0,0.3520687215952435,48,1,0,4,1,1,48
42000.0,1.0,0.0,0.0,0.0,0.0,0.0,0.0,0.0,21,0,0,1,5,6,36
184776.0,0.43295666103823,0.0,0.0171829674849547,0.0,0.0,0.0,0.0,0.5498603714768152,36,2,1,4,1,1,15
233700.0,0.0,0.0,0.1219512195121951,0.0213949507916131,0.0299529311082584,0.1540436456996149,0.0,0.306803594351733,80,0,0,2,1,1,16
135179.0,0.0,0.0,0.0,0.0,0.0,0.1921822176521501,0.0,0.3728389764682384,76,0,0,2,1,1,17
49010.0,0.9997959600081616,0.0,0.0002040399918384,0.0,0.0,0.0,0.0,0.0,41,2,0,4,5,6,26
129003.0,0.6123888591738177,0.0,2.3255273133182948e-05,0.0,0.0,0.0,0.0,0.3875878855530491,52,2,0,4,1,1,17
145000.0,0.5517241379310345,0.0,0.0,0.0,0.0,0.0,0.0,0.4482758620689655,49,2,0,4,1,1,6
30000.0,1.0,0.0,0.0,0.0,0.0,0.0,0.0,0.0,32,0,0,2,5,6,6
66525.0,0.992108229988726,0.0,0.0078917700112739,0.0,0.0,0.0,0.0,0.0,57,0,0,1,5,4,12
240789.0,0.0,0.0,0.0211014622761006,0.0622952045151564,0.0,0.1947057382189385,4.1530136343437615e-06,0.610409943975846,78,0,0,2,1,1,11
15002.0,1.0,0.0,0.0,0.0,0.0,0.0,0.0,0.0,36,2,0,5,4,2,6
125000.0,1.0,0.0,0.0,0.0,0.0,0.0,0.0,0.0,48,2,2,4,1,1,17
92349.0,0.5414243792569492,0.0,0.0092366999101235,0.0,0.0,0.0,0.0,0.4493389208329272,64,0,0,2,1,1,28
22003.0,0.9999545516520476,0.0,4.5448347952551926e-05,0.0,0.0,0.0,0.0,0.0,41,0,0,2,5,6,2
247640.0,0.4845743821676627,0.0,0.0467816184784364,0.0,0.0,0.0,0.0,0.4686439993539008,34,1,1,3,1,1,22
168452.0,0.9973286158668344,0.0,0.0011872818369624,0.001484102296203,0.0,0.0,0.0,0.0,30,0,0,1,5,6,12
183415.0,0.99664694817763,0.0,0.0006269934301992,0.0027260583921707,0.0,0.0,0.0,0.0,52,0,0,1,5,4,45
357501.0,0.979018240508418,0.0,0.0153873695458194,0.0055943899457623,0.0,0.0,0.0,0.0,80,0,0,1,5,3,6
816110.0,0.8944872627464435,0.0,0.000122532501746,0.0012253250174608,0.0,0.0,0.0,0.1041648797343495,30,0,0,2,1,1,36
43296.0,0.0,0.0,0.0,0.0,0.0,0.7422394678492239,0.0,0.0,65,1,0,2,5,4,26
24312.0,0.0,0.0,0.0,0.0,0.0,0.7749259624876604,0.0,0.0,85,0,0,1,5,5,16
68240.0,0.003516998827667,0.0,0.0,0.0,0.0,0.4396248534583822,0.0,0.0,75,0,0,1,5,4,30
360012.0,0.9999666677777408,0.0,3.333222225925803e-05,0.0,0.0,0.0,0.0,0.0,34,0,0,1,5,6,22
17000.0,1.0,0.0,0.0,0.0,0.0,0.0,0.0,0.0,64,0,0,2,5,4,5
30380.0,0.0,0.0,0.1053653719552337,0.0394996708360763,0.0,0.8551349572086899,0.0,0.0,70,0,0,1,5,4,31
134000.0,0.3955223880597014,0.0,0.0,0.0,0.0,0.0,0.0,0.6044776119402985,29,0,0,2,1,1,55
40000.0,1.0,0.0,0.0,0.0,0.0,0.0,0.0,0.0,28,4,2,6,1,1,26
40100.0,0.9975062344139652,0.0,0.0024937655860349,0.0,0.0,0.0,0.0,0.0,42,0,0,1,5,4,6
37563.0,0.0,0.0,2.6621941804435215e-05,0.0,0.0,0.2667518568804408,0.0,0.7332215211777547,67,0,0,2,1,1,42
496000.0,0.7056451612903226,0.0,0.0423387096774193,0.0,0.0,0.0,0.0,0.252016129032258,30,1,1,3,1,1,39
66013.0,0.9695060063926804,0.0,0.0304939936073197,0.0,0.0,0.0,0.0,0.0,50,1,0,2,4,4,46
93690.0,0.0,0.0,0.000811185825595,0.0137688120397054,0.0,0.0973422990714057,0.0,0.4241647988045682,79,0,0,2,1,1,4
40000.0,0.0,0.0,0.0,1.0,0.0,0.0,0.0,0.0,60,0,0,1,5,4,12
75000.0,1.0,0.0,0.0,0.0,0.0,0.0,0.0,0.0,35,0,0,1,5,4,25
27032.0,0.998816217815922,0.0,0.0,0.0,0.0,0.0,0.0,0.0,40,2,0,4,4,4,30
21901.0,0.9999543399844756,4.566001552440528e-05,0.0,0.0,0.0,0.0,0.0,0.0,26,0,0,1,5,6,41
98105.0,0.9174048213648642,0.0,3.057948116813618e-05,0.0,0.0,0.0,0.0,0.0,39,0,0,1,5,4,37
85005.0,0.9999411799305924,0.0,5.88200694076819e-05,0.0,0.0,0.0,0.0,0.0,34,0,0,5,5,6,6
60000.0,0.5,0.0,0.0,0.0,0.0,0.0,0.0,0.5,58,2,0,5,1,1,6
38001.0,0.9999736849030288,0.0,2.6315096971132334e-05,0.0,0.0,0.0,0.0,0.0,25,0,0,1,5,6,36
30710.0,0.0,0.0,0.0327254965809182,0.0,0.0,0.371214588082058,0.0,0.4202214262455226,65,0,0,2,1,1,6
373000.0,0.7372654155495979,0.0,0.03485254691689,0.0,0.0,0.0,0.0,0.227882037533512,40,2,1,4,1,1,6
37910.0,0.9232392508572936,0.0,0.0767607491427064,0.0,0.0,0.0,0.0,0.0,29,0,0,1,5,6,16
35000.0,1.0,0.0,0.0,0.0,0.0,0.0,0.0,0.0,51,1,0,2,4,4,36
61012.0,0.9834130990624796,0.0,0.0165869009375204,0.0,0.0,0.0,0.0,0.0,30,1,1,2,4,6,11
36980.0,0.6895619253650622,0.0,0.002163331530557,0.0,0.0,0.0,0.0,0.0,33,0,0,1,5,4,44
165004.0,0.484836731230758,0.0,1.212091828076895e-05,0.0,0.0,0.0,0.0,0.5151511478509612,27,0,0,2,1,1,8
508002.0,0.2362195424427463,0.0,0.2125995566946587,0.0137794733091602,0.0,0.0,0.0,0.5374014275534348,65,0,0,2,1,1,40
8000.0,1.0,0.0,0.0,0.0,0.0,0.0,0.0,0.0,19,0,0,6,5,6,48
119010.0,0.899084110578943,0.0,0.100915889421057,0.0,0.0,0.0,0.0,0.0,53,0,0,1,5,4,29
45877.0,0.0,0.0,0.0389083854654837,0.000108987074133,0.1307844889596094,0.3308629596529852,0.0,0.1854524053447261,80,0,0,2,1,1,13
37931.0,0.0,0.0,0.0198254725686114,0.0,0.4218185652896048,0.3685376077614616,0.0,0.0,74,1,0,8,5,5,9
208004.0,0.5672967827541778,0.0,0.0120382300340378,0.0,0.0,0.0,0.0,0.3629737889655968,59,0,0,2,1,1,18
60012.0,0.9998000399920016,0.0,0.0001999600079984,0.0,0.0,0.0,0.0,0.0,68,0,0,1,5,4,34
